{
	"format_version": "1.8.0",
	"animations": {
		"animation.jolteon.ground_idle": {
			"loop": true,
			"bones": {
				"body": {
					"position": [0, "-0.85+math.cos(q.anim_time*90*2-0)*0.1", 0]
				},
				"ear_left": {
					"rotation": [20, "-30-math.cos(q.anim_time*90*2-120)*1.75", 0]
				},
				"ear_right": {
					"rotation": [20, "30+math.cos(q.anim_time*90*2-120)*1.75", 0]
				},
				"front_leg_left": {
					"rotation": ["7.5-math.cos(q.anim_time*90*2-0)*1.25", -2.5, -5]
				},
				"elbow_left": {
					"rotation": ["-22.5-math.cos(q.anim_time*90*2-0)*-2", 0, 0]
				},
				"frontpaw_left": {
					"rotation": ["15.5-math.cos(q.anim_time*90*2-0)*0.5", 0, 5]
				},
				"front_leg_right": {
					"rotation": ["7.5-math.cos(q.anim_time*90*2-0)*1.25", 2.5, 5]
				},
				"elbow_right": {
					"rotation": ["-22.5-math.cos(q.anim_time*90*2-0)*-2", 0, 0]
				},
				"frontpaw_right": {
					"rotation": ["15.5-math.cos(q.anim_time*90*2-0)*0.5", 0, -5]
				},
				"backleg_left": {
					"rotation": ["7.5-math.cos(q.anim_time*90*2-0)*0.8", -5, -7.5]
				},
				"ankle_left": {
					"rotation": ["-12.5-math.cos(q.anim_time*90*2-0)*-1.25", 0, 0]
				},
				"foot_left": {
					"rotation": ["5-math.cos(q.anim_time*90*2-0)*0.35", 0, 7.5]
				},
				"backleg_right": {
					"rotation": ["7.5-math.cos(q.anim_time*90*2-0)*0.8", 5, 7.5]
				},
				"ankle_right": {
					"rotation": ["-12.5-math.cos(q.anim_time*90*2-0)*-1.25", 0, 0]
				},
				"foot_right": {
					"rotation": ["5-math.cos(q.anim_time*90*2-0)*0.35", 0, -7.5]
				},
				"torso": {
					"rotation": ["-0-math.cos(q.anim_time*90*2-0)*0.5", 0, 0]
				},
				"torso3": {
					"rotation": ["-0-math.cos(q.anim_time*90*2-30)*0.75", 0, 0]
				},
				"neck": {
					"rotation": ["-0-math.cos(q.anim_time*90*2-60)*0.95", 0, 0]
				},
				"head_angle": {
					"rotation": ["7.5-math.cos(q.anim_time*90*2-90)*1.25", 0, 0]
				},
				"ear2_right": {
					"rotation": [0, "-0-math.cos(q.anim_time*90*2-210)*4", 0]
				},
				"ear2_left": {
					"rotation": [0, "0+math.cos(q.anim_time*90*2-210)*4", 0]
				}
			}
		},
		"animation.jolteon.battle_idle": {
			"loop": true,
			"bones": {
				"body": {
					"position": [0, "-1.575+math.cos(q.anim_time*90*2*2-0)*0.1", -1.2]
				},
				"ear_left": {
					"rotation": [20, "-30-math.cos(q.anim_time*90*2*2-120)*1.75", 0]
				},
				"ear_right": {
					"rotation": [20, "30+math.cos(q.anim_time*90*2*2-120)*1.75", 0]
				},
				"front_leg_left": {
					"rotation": ["-2.5-math.cos(q.anim_time*90*2*2-0)*1.25", -2.5, -5]
				},
				"elbow_left": {
					"rotation": ["-27.5-math.cos(q.anim_time*90*2*2-0)*-2", 0, 0]
				},
				"frontpaw_left": {
					"rotation": ["30.5-math.cos(q.anim_time*90*2*2-0)*0.5", 0, 5]
				},
				"front_leg_right": {
					"rotation": ["25-math.cos(q.anim_time*90*2*2-0)*1.25", 2.5, 5]
				},
				"elbow_right": {
					"rotation": ["-38-math.cos(q.anim_time*90*2*2-0)*-2", 0, 0]
				},
				"frontpaw_right": {
					"rotation": ["13-math.cos(q.anim_time*90*2*2-0)*0.5", 0, -5]
				},
				"backleg_left": {
					"rotation": ["21-math.cos(q.anim_time*90*2*2-0)*0.8", -5, -7.5]
				},
				"ankle_left": {
					"rotation": ["-15.5-math.cos(q.anim_time*90*2*2-0)*-1.25", 0, 0]
				},
				"foot_left": {
					"rotation": ["-5-math.cos(q.anim_time*90*2*2-0)*0.35", 0, 7.5]
				},
				"backleg_right": {
					"rotation": ["3.5-math.cos(q.anim_time*90*2*2-0)*0.8", 5, 7.5]
				},
				"ankle_right": {
					"rotation": ["-22-math.cos(q.anim_time*90*2*2-0)*-1.25", 0, 0]
				},
				"foot_right": {
					"rotation": ["15-math.cos(q.anim_time*90*2*2-0)*0.35", 0, -7.5]
				},
				"torso": {
					"rotation": ["7.5-math.cos(q.anim_time*90*2*2-0)*0.5", 0, 0]
				},
				"torso3": {
					"rotation": ["-2.5-math.cos(q.anim_time*90*2*2-30)*0.75", 0, 0]
				},
				"neck": {
					"rotation": ["-0-math.cos(q.anim_time*90*2*2-60)*0.95", 0, 0]
				},
				"head_angle": {
					"rotation": ["7.5-math.cos(q.anim_time*90*2*2-90)*1.25", 0, 0]
				},
				"ear2_right": {
					"rotation": [0, "-0-math.cos(q.anim_time*90*2*2-210)*4", 0]
				},
				"ear2_left": {
					"rotation": [0, "0+math.cos(q.anim_time*90*2*2-210)*4", 0]
				},
				"torso2": {
					"rotation": [-2.5, 0, 0]
				},
				"knee_left": {
					"rotation": [0, 0, 0]
				},
				"knee_right": {
					"rotation": [2.5, 0, 0]
				}
			}
		},
		"animation.jolteon.ground_walk": {
			"loop": true,
			"animation_length": 1,
			"bones": {
				"body": {
					"position": {
						"0.0": [0, -1.25, 0],
						"0.125": [0, -0.9, 0],
						"0.25": [0, -0.73, 0],
						"0.375": [0, -0.9, 0],
						"0.5": [0, -1.25, 0],
						"0.625": [0, -0.9, 0],
						"0.75": [0, -0.73, 0],
						"0.875": [0, -0.9, 0],
						"1.0": [0, -1.25, 0]
					}
				},
				"ear_left": {
					"rotation": [20, "-30-math.cos(q.anim_time*90*8-180)*-2", 0]
				},
				"ear_right": {
					"rotation": [20, "30+math.cos(q.anim_time*90*8-180)*-2", 0]
				},
				"front_leg_left": {
					"rotation": {
						"0.0": [-3.75, -2.5, -1],
						"0.5": [32.75, -2.5, -1],
						"0.75": {
							"pre": [37.4198, -1.65452, -0.84217],
							"post": [37.4198, -1.65452, -0.84217],
							"lerp_mode": "catmullrom"
						},
						"1.0": [-3.75, -2.5, -1]
					}
				},
				"elbow_left": {
					"rotation": {
						"0.0": [-24.5, 0, 0],
						"0.5": [-17, 0, 0],
						"0.75": {
							"pre": [-53.75, 0, 0],
							"post": [-53.75, 0, 0],
							"lerp_mode": "catmullrom"
						},
						"1.0": [-24.5, 0, 0]
					}
				},
				"frontpaw_left": {
					"rotation": {
						"0.0": [29, 0, 1],
						"0.5": [-15, 0, 1],
						"0.75": {
							"pre": [69.5, 0, 0],
							"post": [69.5, 0, 0],
							"lerp_mode": "catmullrom"
						},
						"1.0": [29, 0, 1]
					}
				},
				"front_leg_right": {
					"rotation": {
						"0.0": [32.75, 2.5, 1],
						"0.25": {
							"pre": [37.4198, 1.65452, 0.84217],
							"post": [37.4198, 1.65452, 0.84217],
							"lerp_mode": "catmullrom"
						},
						"0.5": [-3.75, 2.5, 1],
						"1.0": [32.75, 2.5, 1]
					}
				},
				"elbow_right": {
					"rotation": {
						"0.0": [-17, 0, 0],
						"0.25": {
							"pre": [-53.75, 0, 0],
							"post": [-53.75, 0, 0],
							"lerp_mode": "catmullrom"
						},
						"0.5": [-24.5, 0, 0],
						"1.0": [-17, 0, 0]
					}
				},
				"frontpaw_right": {
					"rotation": {
						"0.0": [-15, 0, -1],
						"0.25": {
							"pre": [69.5, 0, 0],
							"post": [69.5, 0, 0],
							"lerp_mode": "catmullrom"
						},
						"0.5": [29, 0, -1],
						"1.0": [-15, 0, -1]
					}
				},
				"backleg_left": {
					"rotation": {
						"0.0": [20.2, -5, -1.5],
						"0.25": {
							"pre": [14.95, -5, -1.5],
							"post": [14.95, -5, -1.5],
							"lerp_mode": "catmullrom"
						},
						"0.5": [1.7, -5, -1.5],
						"1.0": [20.2, -5, -1.5]
					}
				},
				"ankle_left": {
					"rotation": {
						"0.0": [-7.75, 0, 0],
						"0.25": {
							"pre": [-31.5, 0, 0],
							"post": [-31.5, 0, 0],
							"lerp_mode": "catmullrom"
						},
						"0.375": {
							"post": [-33.14, 0, 0],
							"lerp_mode": "catmullrom"
						},
						"0.5": [-20.25, 0, 0],
						"1.0": [-7.75, 0, 0]
					}
				},
				"foot_left": {
					"rotation": {
						"0.0": [-12.5, 0, 1.5],
						"0.25": {
							"pre": [59.63114, 1.08361, 2.34569],
							"post": [59.63114, 1.08361, 2.34569],
							"lerp_mode": "catmullrom"
						},
						"0.375": {
							"post": [54.23002, 0.60953, 1.9757],
							"lerp_mode": "catmullrom"
						},
						"0.5": [18.5, 0, 1.5],
						"0.75": [8, 0, 1.5],
						"1.0": [-12.5, 0, 1.5]
					}
				},
				"backleg_right": {
					"rotation": {
						"0.0": [1.7, 5, 1.5],
						"0.5": [20.2, 5, 1.5],
						"0.75": {
							"pre": [14.95, 5, 1.5],
							"post": [14.95, 5, 1.5],
							"lerp_mode": "catmullrom"
						},
						"1.0": [1.7, 5, 1.5]
					}
				},
				"ankle_right": {
					"rotation": {
						"0.0": [-20.25, 0, 0],
						"0.5": [-7.75, 0, 0],
						"0.75": {
							"pre": [-31.5, 0, 0],
							"post": [-31.5, 0, 0],
							"lerp_mode": "catmullrom"
						},
						"0.875": {
							"post": [-33.14, 0, 0],
							"lerp_mode": "catmullrom"
						},
						"1.0": [-20.25, 0, 0]
					}
				},
				"foot_right": {
					"rotation": {
						"0.0": [18.5, 0, -1.5],
						"0.25": [8, 0, -1.5],
						"0.5": [-12.5, 0, -1.5],
						"0.75": {
							"pre": [59.63114, 1.08361, -2.34569],
							"post": [59.63114, 1.08361, -2.34569],
							"lerp_mode": "catmullrom"
						},
						"0.875": {
							"post": [54.23002, 0.60953, -1.9757],
							"lerp_mode": "catmullrom"
						},
						"1.0": [18.5, 0, -1.5]
					}
				},
				"torso": {
					"rotation": ["-0.5-math.cos(q.anim_time*90*8-30)*-0.5", 0, 0]
				},
				"torso3": {
					"rotation": [-0.64952, 0, 0]
				},
				"neck": {
					"rotation": ["-0.475-math.cos(q.anim_time*90*8-90)*-1", 0, 0]
				},
				"head_angle": {
					"rotation": ["7.5-math.cos(q.anim_time*90*8-120)*-1.5", 0, 0]
				},
				"ear2_right": {
					"rotation": [0, "3.5-math.cos(q.anim_time*90*8-240)*-4", 0]
				},
				"ear2_left": {
					"rotation": [0, "-3.5+math.cos(q.anim_time*90*8-240)*-4", 0]
				},
				"knee_left": {
					"rotation": {
						"0.0": [0, 0, 0],
						"0.25": {
							"pre": [5, 0, 0],
							"post": [5, 0, 0],
							"lerp_mode": "catmullrom"
						},
						"0.5": [0, 0, 0],
						"0.75": [-3, 0, 0],
						"1.0": [0, 0, 0]
					},
					"position": {
						"0.0": [0, 0, 0],
						"0.5": [0, 0, 0],
						"1.0": [0, 0, 0]
					}
				},
				"knee_right": {
					"rotation": {
						"0.0": [0, 0, 0],
						"0.25": [-3, 0, 0],
						"0.5": [0, 0, 0],
						"0.75": {
							"pre": [5, 0, 0],
							"post": [5, 0, 0],
							"lerp_mode": "catmullrom"
						},
						"1.0": [0, 0, 0]
					},
					"position": {
						"0.0": [0, 0, 0],
						"0.5": [0, 0, 0],
						"1.0": [0, 0, 0]
					}
				}
			}
		},
		"animation.jolteon.blink": {
			"animation_length": 0.1667,
			"bones": {
				"eye_right": {
					"position": {
						"0.0": [0.1, 0, 0.1],
						"0.1667": {
							"pre": [0.1, 0, 0.1],
							"post": [0, 0, 0]
						}
					}
				},
				"eye_left": {
					"position": {
						"0.0": [-0.1, 0, 0.1],
						"0.1667": {
							"pre": [-0.1, 0, 0.1],
							"post": [0, 0, 0]
						}
					}
				},
				"eyelid_right": {
					"position": {
						"0.0": [-0.1, 0, -0.1],
						"0.1667": {
							"pre": [-0.1, 0, -0.1],
							"post": [0, 0, 0]
						}
					}
				},
				"eyelid_left": {
					"position": {
						"0.0": [0.1, 0, -0.1],
						"0.1667": {
							"pre": [0.1, 0, -0.1],
							"post": [0, 0, 0]
						}
					}
				}
			}
		},
		"animation.jolteon.hold_item": {
			"loop": true,
			"bones": {
				"jaw": {
					"rotation": [32.5, 0, 0]
				}
			}
		},
		"animation.jolteon.pose": {
			"loop": true,
			"bones": {
				"body": {
					"rotation": [0, 47.5, 0]
				},
				"torso": {
					"rotation": [20, 0, 0]
				},
				"torso2": {
					"rotation": [-2.5, 0, 0]
				},
				"torso3": {
					"rotation": [-22.5, 0, 0]
				},
				"head_angle": {
					"rotation": [12.5, -32.5, 27.5]
				},
				"front_leg_left": {
					"rotation": [40, 0, 0]
				},
				"elbow_left": {
					"rotation": [-45, 0, 0]
				},
				"frontpaw_left": {
					"rotation": [85, 0, 0]
				},
				"front_leg_right": {
					"rotation": [-17.5, -5, -7.5],
					"position": [0, -1, 0]
				},
				"elbow_right": {
					"rotation": [7.5, 0, 0]
				},
				"frontpaw_right": {
					"rotation": [10, 0, 10]
				},
				"backleg_left": {
					"rotation": [25, -10, -7.5]
				},
				"ankle_left": {
					"rotation": [52.5, 0, 0]
				},
				"foot_left": {
					"rotation": [47.5, 0, 0]
				},
				"backleg_right": {
					"rotation": [50, 7.5, 7.5]
				},
				"ankle_right": {
					"rotation": [40, 0, 0]
				},
				"foot_right": {
					"rotation": [22.5, 0, 0]
				},
				"ear_left": {
					"rotation": [37.5, -37.5, 0]
				},
				"ear_right": {
					"rotation": [37.5, 37.5, 0]
				}
			}
		},
		"animation.jolteon.cry": {
			"animation_length": 1.4167,
			"bones": {
				"neck": {
					"rotation": {
						"0.0": [0, 0, 0],
						"0.125": {
							"pre": [-2.47079, -0.19831, -0.32113],
							"post": [-2.47079, -0.19831, -0.32113],
							"lerp_mode": "catmullrom"
						},
						"0.3333": {
							"post": [-4.97079, -0.19831, -0.32113],
							"lerp_mode": "catmullrom"
						},
						"0.5": {
							"post": [-2.47079, -0.19831, -0.32113],
							"lerp_mode": "catmullrom"
						},
						"0.7083": {
							"post": [-2.47079, -0.19831, -0.32113],
							"lerp_mode": "catmullrom"
						},
						"0.9167": {
							"post": [-4.97079, -0.19831, -0.32113],
							"lerp_mode": "catmullrom"
						},
						"1.1667": [0, 0, 0]
					}
				},
				"head_angle": {
					"rotation": {
						"0.0": [0, 0, 0],
						"0.125": {
							"pre": [2.5, 0, 0],
							"post": [2.5, 0, 0],
							"lerp_mode": "catmullrom"
						},
						"0.3333": {
							"post": [-7.5, 0, 0],
							"lerp_mode": "catmullrom"
						},
						"0.5": {
							"post": [-8.5, 0, 0],
							"lerp_mode": "catmullrom"
						},
						"0.6667": {
							"post": [-1.25, 0, 0],
							"lerp_mode": "catmullrom"
						},
						"0.8333": {
							"post": [-8.5, 0, 0],
							"lerp_mode": "catmullrom"
						},
						"1.0417": {
							"post": [-10.5, 0, 0],
							"lerp_mode": "catmullrom"
						},
						"1.2917": [0, 0, 0]
					}
				},
				"jaw": {
					"rotation": {
						"0.0": [0, 0, 0],
						"0.1667": {
							"pre": [37.5, 0, 0],
							"post": [37.5, 0, 0],
							"lerp_mode": "catmullrom"
						},
						"0.375": {
							"post": [42.5, 0, 0],
							"lerp_mode": "catmullrom"
						},
						"0.5417": {
							"post": [25, 0, 0],
							"lerp_mode": "catmullrom"
						},
						"0.7083": {
							"post": [40, 0, 0],
							"lerp_mode": "catmullrom"
						},
						"0.9167": {
							"post": [45, 0, 0],
							"lerp_mode": "catmullrom"
						},
						"1.1667": [0, 0, 0]
					}
				},
				"ear_left": {
					"rotation": {
						"0.0": [0, 0, 0],
						"0.1667": {
							"pre": [0, 2, 0],
							"post": [0, 2, 0],
							"lerp_mode": "catmullrom"
						},
						"0.375": {
							"post": [0, -4.5, 0],
							"lerp_mode": "catmullrom"
						},
						"0.5417": {
							"post": [0, -4.5, 0],
							"lerp_mode": "catmullrom"
						},
						"0.7083": {
							"post": [0, 0, 0],
							"lerp_mode": "catmullrom"
						},
						"0.9167": {
							"post": [0, -5.5, 0],
							"lerp_mode": "catmullrom"
						},
						"1.0833": {
							"post": [0, -5.5, 0],
							"lerp_mode": "catmullrom"
						},
						"1.2917": [0, 0, 0]
					}
				},
				"ear2_right": {
					"rotation": {
						"0.0": [0, 0, 0],
						"0.25": {
							"pre": [0, 4.5, 0],
							"post": [0, 4.5, 0],
							"lerp_mode": "catmullrom"
						},
						"0.4583": {
							"post": [0, -5.5, 0],
							"lerp_mode": "catmullrom"
						},
						"0.625": {
							"post": [0, -5.5, 0],
							"lerp_mode": "catmullrom"
						},
						"0.7917": {
							"post": [0, 0, 0],
							"lerp_mode": "catmullrom"
						},
						"1.0": {
							"post": [0, -6.5, 0],
							"lerp_mode": "catmullrom"
						},
						"1.2083": {
							"post": [0, -6.5, 0],
							"lerp_mode": "catmullrom"
						},
						"1.4167": [0, 0, 0]
					}
				},
				"ear_right": {
					"rotation": {
						"0.0": [0, 0, 0],
						"0.1667": {
							"pre": [0, -2, 0],
							"post": [0, -2, 0],
							"lerp_mode": "catmullrom"
						},
						"0.375": {
							"post": [0, 4.5, 0],
							"lerp_mode": "catmullrom"
						},
						"0.5417": {
							"post": [0, 4.5, 0],
							"lerp_mode": "catmullrom"
						},
						"0.7083": {
							"post": [0, 0, 0],
							"lerp_mode": "catmullrom"
						},
						"0.9167": {
							"post": [0, 5.5, 0],
							"lerp_mode": "catmullrom"
						},
						"1.0833": {
							"post": [0, 5.5, 0],
							"lerp_mode": "catmullrom"
						},
						"1.2917": [0, 0, 0]
					}
				},
				"ear2_left": {
					"rotation": {
						"0.0": [0, 0, 0],
						"0.25": {
							"pre": [0, -4.5, 0],
							"post": [0, -4.5, 0],
							"lerp_mode": "catmullrom"
						},
						"0.4583": {
							"post": [0, 5.5, 0],
							"lerp_mode": "catmullrom"
						},
						"0.625": {
							"post": [0, 5.5, 0],
							"lerp_mode": "catmullrom"
						},
						"0.7917": {
							"post": [0, 0, 0],
							"lerp_mode": "catmullrom"
						},
						"1.0": {
							"post": [0, 6.5, 0],
							"lerp_mode": "catmullrom"
						},
						"1.2083": {
							"post": [0, 6.5, 0],
							"lerp_mode": "catmullrom"
						},
						"1.4167": [0, 0, 0]
					}
				}
			},
			"sound_effects": {
				"0.125": {
					"effect": "pokemon.jolteon.cry"
				}
			}
		}
	}
}