{
	"format_version": "1.8.0",
	"animations": {
		"animation.espeon.ground_idle": {
			"loop": true,
			"bones": {
				"body": {
					"position": [0, "-0.045+math.cos(q.anim_time*90*2-0)*0.05", 0]
				},
				"tail": {
					"rotation": ["27.5-math.cos(q.anim_time*90*2-60)*2.5", "-0-math.cos(q.anim_time*90*1-60)*2", 0]
				},
				"tail2": {
					"rotation": ["17.5-math.cos(q.anim_time*90*2-120)*4", "-0-math.cos(q.anim_time*90*1-120)*5", 0]
				},
				"tail3": {
					"rotation": ["15-math.cos(q.anim_time*90*2-180)*6", "-0-math.cos(q.anim_time*90*1-180)*8", 0]
				},
				"tail4": {
					"rotation": ["-17.5-math.cos(q.anim_time*90*2-240)*8.5", "-0-math.cos(q.anim_time*90*1-240)*12", 0]
				},
				"tail5": {
					"rotation": ["-25-math.cos(q.anim_time*90*2-300)*18", "-0-math.cos(q.anim_time*90*1-300)*16", 0]
				},
				"tail_left": {
					"rotation": ["-0-math.cos(q.anim_time*90*2-360)*12", "3.5-math.cos(q.anim_time*90*1-270)*16", 0]
				},
				"tail_left2": {
					"rotation": ["-0-math.cos(q.anim_time*90*2-420)*18", "0.5-math.cos(q.anim_time*90*1-300)*32", 0]
				},
				"tail_right": {
					"rotation": ["-0-math.cos(q.anim_time*90*2-360)*12", "-3.5+math.cos(q.anim_time*90*1-270)*-16", 0]
				},
				"tail_right2": {
					"rotation": ["-0-math.cos(q.anim_time*90*2-420)*18", "-0.5+math.cos(q.anim_time*90*1-300)*-32", 0]
				},
				"front_leg_left": {
					"rotation": ["-2-math.cos(q.anim_time*90*2-0)*1", 0, 0]
				},
				"elbow_left": {
					"rotation": ["-5-math.cos(q.anim_time*90*2-0)*-2", 0, 0]
				},
				"frontpaw_left": {
					"rotation": ["7.5-math.cos(q.anim_time*90*2-0)*1", 0, 0]
				},
				"front_leg_right": {
					"rotation": ["-2-math.cos(q.anim_time*90*2-0)*1", 0, 0]
				},
				"elbow_right": {
					"rotation": ["-5-math.cos(q.anim_time*90*2-0)*-2", 0, 0]
				},
				"frontpaw_right": {
					"rotation": ["7.5-math.cos(q.anim_time*90*2-0)*1", 0, 0]
				},
				"back_legs": {
					"position": [0, -0.1, 0]
				},
				"back_leg_left": {
					"rotation": ["4-math.cos(q.anim_time*90*2-0)*0.75", 0, -2.5],
					"position": [0, -0.025, 0]
				},
				"ankle_left": {
					"rotation": ["-5-math.cos(q.anim_time*90*2-0)*-1.35", 0, 0]
				},
				"foot_left": {
					"rotation": ["1-math.cos(q.anim_time*90*2-0)*0.65", 0, 2.5]
				},
				"back_leg_right": {
					"rotation": ["4-math.cos(q.anim_time*90*2-0)*0.75", 0, 2.5],
					"position": [0, -0.025, 0]
				},
				"ankle_right": {
					"rotation": ["-5-math.cos(q.anim_time*90*2-0)*-1.35", 0, 0]
				},
				"foot_right": {
					"rotation": ["1-math.cos(q.anim_time*90*2-0)*0.65", 0, -2.5]
				},
				"torso": {
					"rotation": ["-0-math.cos(q.anim_time*90*2-0)*0.5", 0, 0],
					"position": [0, "0+math.cos(q.anim_time*90*2-30)*0.05", 0]
				},
				"neck": {
					"rotation": ["-0-math.cos(q.anim_time*90*2-30)*0.75", 0, 0]
				},
				"head_angle": {
					"rotation": ["-0-math.cos(q.anim_time*90*2-60)*1.5", 0, 0]
				},
				"ear_left": {
					"rotation": [0, "5-math.cos(q.anim_time*90*2-120)*2.5", 0]
				},
				"ear2_right": {
					"rotation": [0, "-0-math.cos(q.anim_time*90*2-180)*4", 0]
				},
				"ear_right": {
					"rotation": [0, "-5+math.cos(q.anim_time*90*2-120)*2.5", 0]
				},
				"ear2_left": {
					"rotation": [0, "0+math.cos(q.anim_time*90*2-180)*4", 0]
				}
			}
		},
		"animation.espeon.battle_idle": {
			"loop": true,
			"bones": {
				"body": {
					"position": [0, "-0.15+math.cos(q.anim_time*90*2*2-0)*0.035", -0.9]
				},
				"tail": {
					"rotation": ["20.5-math.cos(q.anim_time*90*2*2-60)*3", "-0-math.cos(q.anim_time*90*2*1-60)*3.5", 0]
				},
				"tail2": {
					"rotation": ["25-math.cos(q.anim_time*90*2*2-120)*4", "-0-math.cos(q.anim_time*90*2*1-120)*6.5", 0]
				},
				"tail3": {
					"rotation": ["30.5-math.cos(q.anim_time*90*2*2-180)*6", "-0-math.cos(q.anim_time*90*2*1-180)*12", 0]
				},
				"tail4": {
					"rotation": ["-35-math.cos(q.anim_time*90*2*2-240)*8.5", "-0-math.cos(q.anim_time*90*2*1-240)*18", 0]
				},
				"tail5": {
					"rotation": ["-25-math.cos(q.anim_time*90*2*2-300)*18", "-0-math.cos(q.anim_time*90*2*1-300)*24", 0]
				},
				"tail_left": {
					"rotation": ["-0-math.cos(q.anim_time*90*2*2-360)*12", "-2.5-math.cos(q.anim_time*90*2*1-270)*18", 0]
				},
				"tail_left2": {
					"rotation": ["-0-math.cos(q.anim_time*90*2*2-420)*18", "0.5-math.cos(q.anim_time*90*2*1-300)*16", 0]
				},
				"tail_right": {
					"rotation": ["-0-math.cos(q.anim_time*90*2*2-360)*12", "2.5+math.cos(q.anim_time*90*2*1-270)*-18", 0]
				},
				"tail_right2": {
					"rotation": ["-0-math.cos(q.anim_time*90*2*2-420)*18", "-0.5+math.cos(q.anim_time*90*2*1-300)*-16", 0]
				},
				"front_leg_left": {
					"rotation": ["2-math.cos(q.anim_time*90*2*2-0)*0.75", 0, 4]
				},
				"elbow_left": {
					"rotation": ["-8.5-math.cos(q.anim_time*90*2*2-0)*-1.5", 0, 0]
				},
				"frontpaw_left": {
					"rotation": ["6.5-math.cos(q.anim_time*90*2*2-0)*0.75", 0, -4]
				},
				"front_leg_right": {
					"rotation": ["-5-math.cos(q.anim_time*90*2*2-0)*0.75", 0, -4]
				},
				"elbow_right": {
					"rotation": ["-5-math.cos(q.anim_time*90*2*2-0)*-1.5", 0, 0]
				},
				"frontpaw_right": {
					"rotation": ["9.5-math.cos(q.anim_time*90*2*2-0)*0.75", 0, 4]
				},
				"back_legs": {
					"position": [0, -0.1, 0]
				},
				"back_leg_left": {
					"rotation": ["14-math.cos(q.anim_time*90*2*2-0)*0.6", 0, 3.5],
					"position": [0, -0.025, 0]
				},
				"ankle_left": {
					"rotation": ["-math.cos(q.anim_time*90*2*2-0)*-1", 0, 0]
				},
				"foot_left": {
					"rotation": ["-7.5-math.cos(q.anim_time*90*2*2-0)*0.65", 0, -3.5]
				},
				"back_leg_right": {
					"rotation": ["-6-math.cos(q.anim_time*90*2*2-0)*0.5", 0, -3.5],
					"position": [0, -0.025, 0]
				},
				"ankle_right": {
					"rotation": ["-9.5-math.cos(q.anim_time*90*2*2-0)*-0.85", 0, 0]
				},
				"foot_right": {
					"rotation": ["13-math.cos(q.anim_time*90*2*2-0)*0.5", 0, 3.5]
				},
				"torso": {
					"rotation": ["-3-math.cos(q.anim_time*90*2*2-0)*0.5", 0, 0],
					"position": [0, "0+math.cos(q.anim_time*90*2*2-30)*0.05", 0]
				},
				"neck": {
					"rotation": ["4-math.cos(q.anim_time*90*2*2-30)*0.75", 0, 0]
				},
				"head_angle": {
					"rotation": ["-0-math.cos(q.anim_time*90*2*2-60)*1.5", 0, 0]
				},
				"ear_left": {
					"rotation": [0, "5-math.cos(q.anim_time*90*2*2-120)*2.5", 0]
				},
				"ear2_right": {
					"rotation": [0, "-0-math.cos(q.anim_time*90*2*2-180)*4", 0]
				},
				"ear_right": {
					"rotation": [0, "-5+math.cos(q.anim_time*90*2*2-120)*2.5", 0]
				},
				"ear2_left": {
					"rotation": [0, "0+math.cos(q.anim_time*90*2*2-180)*4", 0]
				},
				"knee_left": {
					"rotation": [-5, 0, 0]
				},
				"knee_right": {
					"rotation": [2.5, 0, 0]
				}
			}
		},
		"animation.espeon.ground_walk": {
			"loop": true,
			"animation_length": 1,
			"bones": {
				"body": {
					"position": {
						"0.0": [0, -1.05, 0],
						"0.125": [0, -0.6, 0],
						"0.25": [0, -0.45, 0],
						"0.375": [0, -0.6, 0],
						"0.5": [0, -1.05, 0],
						"0.625": [0, -0.6, 0],
						"0.75": [0, -0.45, 0],
						"0.875": [0, -0.6, 0],
						"1.0": [0, -1.05, 0]
					}
				},
				"tail": {
					"rotation": ["12.5-math.cos(q.anim_time*90*8-60)*4", "-0-math.cos(q.anim_time*90*4-60)*2", 0]
				},
				"tail2": {
					"rotation": ["17.5-math.cos(q.anim_time*90*8-120)*4", "-math.cos(q.anim_time*90*4-120)*5", 0]
				},
				"tail3": {
					"rotation": ["20-math.cos(q.anim_time*90*8-180)*7", "-math.cos(q.anim_time*90*4-180)*7", 0]
				},
				"tail4": {
					"rotation": ["-20-math.cos(q.anim_time*90*8-240)*10", "-0-math.cos(q.anim_time*90*4-240)*8.5", 0]
				},
				"tail5": {
					"rotation": ["-20-math.cos(q.anim_time*90*8-300)*12", "-0-math.cos(q.anim_time*90*4-300)*16", 0]
				},
				"tail_left": {
					"rotation": [0, -17.5, 0]
				},
				"tail_left2": {
					"rotation": ["-0-math.cos(q.anim_time*90*8-360)*18", "-0-math.cos(q.anim_time*90*4-360)*19", 0]
				},
				"tail_right": {
					"rotation": [0, 17.5, 0]
				},
				"tail_right2": {
					"rotation": ["-0-math.cos(q.anim_time*90*8-360)*18", "0+math.cos(q.anim_time*90*4-360)*-19", 0]
				},
				"front_leg_left": {
					"rotation": {
						"0.0": [30.25, -2.5, -1],
						"0.25": {
							"pre": [37.4198, -1.65452, -0.84217],
							"post": [37.4198, -1.65452, -0.84217],
							"lerp_mode": "catmullrom"
						},
						"0.5": [-3.75, -2.5, -1],
						"1.0": [30.25, -2.5, -1]
					}
				},
				"elbow_left": {
					"rotation": {
						"0.0": [-17, 0, 0],
						"0.25": {
							"pre": [-53.75, 0, 0],
							"post": [-53.75, 0, 0],
							"lerp_mode": "catmullrom"
						},
						"0.5": [-24.5, 0, 0],
						"1.0": [-17, 0, 0]
					}
				},
				"frontpaw_left": {
					"rotation": {
						"0.0": [-13, 0, 1],
						"0.25": {
							"pre": [69.5, 0, 0],
							"post": [69.5, 0, 0],
							"lerp_mode": "catmullrom"
						},
						"0.5": [29, 0, 1],
						"1.0": [-13, 0, 1]
					}
				},
				"front_leg_right": {
					"rotation": {
						"0.0": [-3.75, 2.5, 1],
						"0.5": [30.25, 2.5, 1],
						"0.75": {
							"pre": [37.4198, 1.65452, 0.84217],
							"post": [37.4198, 1.65452, 0.84217],
							"lerp_mode": "catmullrom"
						},
						"1.0": [-3.75, 2.5, 1]
					}
				},
				"elbow_right": {
					"rotation": {
						"0.0": [-24.5, 0, 0],
						"0.5": [-17, 0, 0],
						"0.75": {
							"pre": [-53.75, 0, 0],
							"post": [-53.75, 0, 0],
							"lerp_mode": "catmullrom"
						},
						"1.0": [-24.5, 0, 0]
					}
				},
				"frontpaw_right": {
					"rotation": {
						"0.0": [29, 0, -1],
						"0.5": [-13, 0, -1],
						"0.75": {
							"pre": [69.5, 0, 0],
							"post": [69.5, 0, 0],
							"lerp_mode": "catmullrom"
						},
						"1.0": [29, 0, -1]
					}
				},
				"back_legs": {
					"position": [0, -0.1, 0]
				},
				"back_leg_left": {
					"rotation": {
						"0.0": [-0.3, -5, -1.5],
						"0.5": [20.2, -5, -1.5],
						"0.75": {
							"pre": [14.95, -5, -1.5],
							"post": [14.95, -5, -1.5],
							"lerp_mode": "catmullrom"
						},
						"1.0": [-0.3, -5, -1.5]
					},
					"position": {
						"0.0": [0, 0.1, 0],
						"0.25": [0, 0.1, 0],
						"0.5": [0, 0.3, 0],
						"0.75": [0, 0.3, 0],
						"1.0": [0, 0.1, 0]
					}
				},
				"ankle_left": {
					"rotation": {
						"0.0": [-25.25, 0, 0],
						"0.5": [-2.75, 0, 0],
						"0.75": {
							"pre": [-31.5, 0, 0],
							"post": [-31.5, 0, 0],
							"lerp_mode": "catmullrom"
						},
						"0.875": {
							"post": [-33.14, 0, 0],
							"lerp_mode": "catmullrom"
						},
						"1.0": [-25.25, 0, 0]
					}
				},
				"foot_left": {
					"rotation": {
						"0.0": [22.5, 0, 1.5],
						"0.5": [-12.5, 0, 1.5],
						"0.75": {
							"pre": [59.63114, 1.08361, 2.34569],
							"post": [59.63114, 1.08361, 2.34569],
							"lerp_mode": "catmullrom"
						},
						"0.875": {
							"post": [54.23002, 0.60953, 1.9757],
							"lerp_mode": "catmullrom"
						},
						"1.0": [22.5, 0, 1.5]
					}
				},
				"back_leg_right": {
					"rotation": {
						"0.0": [20.2, 5, 1.5],
						"0.25": {
							"pre": [14.95, 5, 1.5],
							"post": [14.95, 5, 1.5],
							"lerp_mode": "catmullrom"
						},
						"0.5": [-0.3, 5, 1.5],
						"1.0": [20.2, 5, 1.5]
					},
					"position": {
						"0.0": [0, 0.3, 0],
						"0.25": [0, 0.3, 0],
						"0.5": [0, 0.1, 0],
						"0.75": [0, 0.1, 0],
						"1.0": [0, 0.3, 0]
					}
				},
				"ankle_right": {
					"rotation": {
						"0.0": [-2.75, 0, 0],
						"0.25": {
							"pre": [-31.5, 0, 0],
							"post": [-31.5, 0, 0],
							"lerp_mode": "catmullrom"
						},
						"0.375": {
							"post": [-33.14, 0, 0],
							"lerp_mode": "catmullrom"
						},
						"0.5": [-25.25, 0, 0],
						"1.0": [-2.75, 0, 0]
					}
				},
				"foot_right": {
					"rotation": {
						"0.0": [-12.5, 0, -1.5],
						"0.25": {
							"pre": [59.63114, -1.08361, -2.34569],
							"post": [59.63114, -1.08361, -2.34569],
							"lerp_mode": "catmullrom"
						},
						"0.375": {
							"post": [54.23002, -0.60953, -1.9757],
							"lerp_mode": "catmullrom"
						},
						"0.5": [22.5, 0, -1.5],
						"1.0": [-12.5, 0, -1.5]
					}
				},
				"torso": {
					"rotation": ["-0-math.cos(q.anim_time*90*8-30)*-0.75", 0, 0]
				},
				"torso2": {
					"rotation": [2.5, 0, 0]
				},
				"torso3": {
					"rotation": [0, 0, 0]
				},
				"neck": {
					"rotation": ["-0-math.cos(q.anim_time*90*8-60)*-0.5", 0, 0]
				},
				"head_angle": {
					"rotation": ["-0-math.cos(q.anim_time*90*8-120)*-0.9", 0, 0]
				},
				"ear_left": {
					"rotation": [0, "2.5-math.cos(q.anim_time*90*8-150)*-2.5", 0]
				},
				"ear2_right": {
					"rotation": [0, "-0-math.cos(q.anim_time*90*8-210)*-6", 0]
				},
				"ear_right": {
					"rotation": [0, "-2.5+math.cos(q.anim_time*90*8-150)*-2.5", 0]
				},
				"ear2_left": {
					"rotation": [0, "0+math.cos(q.anim_time*90*8-210)*-6", 0]
				},
				"knee_left": {
					"rotation": {
						"0.0": [3, 0, 0],
						"0.5": [-4, 0, 0],
						"0.75": {
							"pre": [5, 0, 0],
							"post": [5, 0, 0],
							"lerp_mode": "catmullrom"
						},
						"1.0": [3, 0, 0]
					},
					"position": {
						"0.0": [0, 0, 0],
						"0.5": [0, 0, 0],
						"1.0": [0, 0, 0]
					}
				},
				"knee_right": {
					"rotation": {
						"0.0": [-4, 0, 0],
						"0.25": {
							"pre": [5, 0, 0],
							"post": [5, 0, 0],
							"lerp_mode": "catmullrom"
						},
						"0.5": [3, 0, 0],
						"1.0": [-4, 0, 0]
					},
					"position": {
						"0.0": [0, 0, 0],
						"0.5": [0, 0, 0],
						"1.0": [0, 0, 0]
					}
				}
			}
		},
		"animation.espeon.blink": {
			"animation_length": 0.1667,
			"bones": {
				"eye_right": {
					"position": {
						"0.0": [0.1, 0, 0.1],
						"0.1667": {
							"pre": [0.1, 0, 0.1],
							"post": [0, 0, 0]
						}
					}
				},
				"eye_left": {
					"position": {
						"0.0": [-0.1, 0, 0.1],
						"0.1667": {
							"pre": [-0.1, 0, 0.1],
							"post": [0, 0, 0]
						}
					}
				},
				"eyelid_right": {
					"position": {
						"0.0": [-0.1, 0, -0.1],
						"0.1667": {
							"pre": [-0.1, 0, -0.1],
							"post": [0, 0, 0]
						}
					}
				},
				"eyelid_left": {
					"position": {
						"0.0": [0.1, 0, -0.1],
						"0.1667": {
							"pre": [0.1, 0, -0.1],
							"post": [0, 0, 0]
						}
					}
				}
			}
		},
		"animation.espeon.glow": {
			"loop": true,
			"bones": {
				"head_gem": {
					"scale": 1.035
				}
			}
		},
		"animation.espeon.pose": {
			"loop": true,
			"bones": {
				"body": {
					"rotation": [0, 22.5, 0]
				},
				"torso": {
					"rotation": [-2.5, 0, 0]
				},
				"torso2": {
					"rotation": [-12.5, 0, 0]
				},
				"torso3": {
					"rotation": [-2.5, 0, 0]
				},
				"neck": {
					"rotation": [0, 0, 0]
				},
				"head_angle": {
					"rotation": [20.3, -15, -1.5],
					"position": [0, 0, 0.5]
				},
				"tail": {
					"rotation": [-6.6945, 22.92358, 33.3055]
				},
				"tail2": {
					"rotation": [25, 0, 0]
				},
				"tail3": {
					"rotation": [30, 0, 0]
				},
				"tail4": {
					"rotation": [25, 0, 0]
				},
				"tail5": {
					"rotation": [30, 0, 0]
				},
				"front_leg_left": {
					"rotation": [-5, 0, 2.5],
					"position": [0, 1, 0]
				},
				"elbow_left": {
					"rotation": [0, 0, 5]
				},
				"frontpaw_left": {
					"rotation": [15, 0, 0]
				},
				"front_leg_right": {
					"rotation": [5, 0, -7.5],
					"position": [0, 1, 0]
				},
				"elbow_right": {
					"rotation": [-7.5, 0, 0]
				},
				"frontpaw_right": {
					"rotation": [22.5, 0, 0]
				},
				"back_leg_left": {
					"rotation": [12.41834, -7.61516, -11.90917]
				},
				"ankle_left": {
					"rotation": [12.5, 0, 0]
				},
				"foot_left": {
					"rotation": [2.41492, -0.64686, 14.98637]
				},
				"back_leg_right": {
					"rotation": [7.5, 0, 10]
				},
				"ankle_right": {
					"rotation": [20, 0, 0]
				},
				"foot_right": {
					"rotation": [12.5, 0, 0]
				}
			}
		},
		"animation.espeon.cry": {
			"animation_length": 1.7083,
			"bones": {
				"torso2": {
					"rotation": {
						"0.0": [0, 0, 0],
						"0.25": {
							"pre": [-3.2, 0, 0],
							"post": [-3.2, 0, 0],
							"lerp_mode": "catmullrom"
						},
						"0.4583": [-2, 0, 0],
						"0.7083": {
							"pre": [-3.4, 0, 0],
							"post": [-3.4, 0, 0],
							"lerp_mode": "catmullrom"
						},
						"1.0417": {
							"post": [-3.7, 0, 0],
							"lerp_mode": "catmullrom"
						},
						"1.4583": [0, 0, 0]
					}
				},
				"neck": {
					"rotation": {
						"0.0": [0, 0, 0],
						"0.125": {
							"pre": [-2.47079, -0.19831, -0.32113],
							"post": [-2.47079, -0.19831, -0.32113],
							"lerp_mode": "catmullrom"
						},
						"0.2917": {
							"post": [-4.97079, -0.19831, -0.32113],
							"lerp_mode": "catmullrom"
						},
						"0.5": {
							"post": [-2.47079, -0.19831, -0.32113],
							"lerp_mode": "catmullrom"
						},
						"0.7083": {
							"post": [-2.47079, -0.19831, -0.32113],
							"lerp_mode": "catmullrom"
						},
						"1.0": {
							"post": [-4.97079, -0.19831, -0.32113],
							"lerp_mode": "catmullrom"
						},
						"1.3333": [0, 0, 0]
					}
				},
				"head_angle": {
					"rotation": {
						"0.0": [0, 0, 0],
						"0.125": {
							"pre": [2.5, 0, 0],
							"post": [2.5, 0, 0],
							"lerp_mode": "catmullrom"
						},
						"0.2917": {
							"post": [-7.5, 0, 0],
							"lerp_mode": "catmullrom"
						},
						"0.5": {
							"post": [-8.5, 0, 0],
							"lerp_mode": "catmullrom"
						},
						"0.6667": {
							"post": [-1.25, 0, 0],
							"lerp_mode": "catmullrom"
						},
						"0.8333": {
							"post": [-8.5, 0, 0],
							"lerp_mode": "catmullrom"
						},
						"1.1667": {
							"post": [-13, 0, 0],
							"lerp_mode": "catmullrom"
						},
						"1.4583": [0, 0, 0]
					}
				},
				"mouth_open_wide": {
					"position": {
						"0.0": [0, 0, 0],
						"0.1667": {
							"pre": [0, 0, 0],
							"post": [0, 0, -0.1]
						},
						"0.3333": {
							"pre": [0, 0, -0.1],
							"post": [0, 0, 0]
						},
						"0.5": [0, 0, 0],
						"0.5417": [0, 0, 0],
						"0.75": [0, 0, 0],
						"1.2083": [0, 0, 0]
					}
				},
				"mouth_open_thin": {
					"position": {
						"0.0": [0, 0, 0],
						"0.1667": [0, 0, 0],
						"0.3333": {
							"pre": [0, 0, 0],
							"post": [0, 0, -0.1]
						},
						"0.5": {
							"pre": [0, 0, -0.1],
							"post": [0, 0, 0]
						},
						"0.5417": [0, 0, 0],
						"0.75": {
							"pre": [0, 0, 0],
							"post": [0, 0, -0.1]
						},
						"1.2083": {
							"pre": [0, 0, -0.1],
							"post": [0, 0, 0]
						}
					}
				},
				"mouth_open_happy": {
					"position": {
						"0.0": [0, 0, 0],
						"0.1667": [0, 0, 0],
						"0.3333": [0, 0, 0],
						"0.5": {
							"pre": [0, 0, 0],
							"post": [0, 0, -0.1]
						},
						"0.5417": [0, 0, -0.1],
						"0.75": {
							"pre": [0, 0, -0.1],
							"post": [0, 0, 0]
						},
						"1.2083": [0, 0, 0]
					}
				},
				"ear_left": {
					"rotation": {
						"0.0": [0, 0, 0],
						"0.1667": {
							"pre": [0, 3, 0],
							"post": [0, 3, 0],
							"lerp_mode": "catmullrom"
						},
						"0.375": {
							"post": [0, -5.5, 0],
							"lerp_mode": "catmullrom"
						},
						"0.5833": {
							"post": [0, -5.5, 0],
							"lerp_mode": "catmullrom"
						},
						"0.75": {
							"post": [0, 1, 0],
							"lerp_mode": "catmullrom"
						},
						"1.0": {
							"post": [0, -6.5, 0],
							"lerp_mode": "catmullrom"
						},
						"1.2083": {
							"post": [0, -6.5, 0],
							"lerp_mode": "catmullrom"
						},
						"1.4167": {
							"post": [0, 0, 0],
							"lerp_mode": "catmullrom"
						},
						"1.625": [0, 0, 0]
					}
				},
				"ear2_right": {
					"rotation": {
						"0.0": [0, 0, 0],
						"0.2083": {
							"pre": [0, 2, 0],
							"post": [0, 2, 0],
							"lerp_mode": "catmullrom"
						},
						"0.4167": {
							"post": [0, -7.5, 0],
							"lerp_mode": "catmullrom"
						},
						"0.625": {
							"post": [0, -7.5, 0],
							"lerp_mode": "catmullrom"
						},
						"0.7917": {
							"post": [0, 1, 0],
							"lerp_mode": "catmullrom"
						},
						"1.0417": {
							"post": [0, -8.5, 0],
							"lerp_mode": "catmullrom"
						},
						"1.25": {
							"post": [0, -8.5, 0],
							"lerp_mode": "catmullrom"
						},
						"1.5": {
							"post": [0, 1, 0],
							"lerp_mode": "catmullrom"
						},
						"1.7083": [0, 0, 0]
					}
				},
				"ear_right": {
					"rotation": {
						"0.0": [0, 0, 0],
						"0.1667": {
							"pre": [0, -3, 0],
							"post": [0, -3, 0],
							"lerp_mode": "catmullrom"
						},
						"0.375": {
							"post": [0, 5.5, 0],
							"lerp_mode": "catmullrom"
						},
						"0.5833": {
							"post": [0, 5.5, 0],
							"lerp_mode": "catmullrom"
						},
						"0.75": {
							"post": [0, -1, 0],
							"lerp_mode": "catmullrom"
						},
						"1.0": {
							"post": [0, 6.5, 0],
							"lerp_mode": "catmullrom"
						},
						"1.2083": {
							"post": [0, 6.5, 0],
							"lerp_mode": "catmullrom"
						},
						"1.4167": {
							"post": [0, 0, 0],
							"lerp_mode": "catmullrom"
						},
						"1.625": [0, 0, 0]
					}
				},
				"ear2_left": {
					"rotation": {
						"0.0": [0, 0, 0],
						"0.2083": {
							"pre": [0, -2, 0],
							"post": [0, -2, 0],
							"lerp_mode": "catmullrom"
						},
						"0.4167": {
							"post": [0, 7.5, 0],
							"lerp_mode": "catmullrom"
						},
						"0.625": {
							"post": [0, 7.5, 0],
							"lerp_mode": "catmullrom"
						},
						"0.7917": {
							"post": [0, -1, 0],
							"lerp_mode": "catmullrom"
						},
						"1.0417": {
							"post": [0, 8.5, 0],
							"lerp_mode": "catmullrom"
						},
						"1.25": {
							"post": [0, 8.5, 0],
							"lerp_mode": "catmullrom"
						},
						"1.5": {
							"post": [0, -1, 0],
							"lerp_mode": "catmullrom"
						},
						"1.7083": [0, 0, 0]
					}
				}
			},
			"sound_effects": {
				"0.125": {
					"effect": "pokemon.espeon.cry"
				}
			}
		}
	}
}