{
    "format_version": "1.10.0",
    "particle_effect": {
        "description": {
            "identifier": "cobblemon:lucario_aura_sparks",
            "basic_render_parameters": {
                "material": "particles_blend",
                "texture": "textures/particles/generic/electricity/electricity_white"
            }
        },
        "components": {
            "minecraft:emitter_rate_steady": {
                "spawn_rate": 6,
                "max_particles": 100
            },
            "minecraft:emitter_lifetime_expression": {
                "activation_expression": 1
            },
            "minecraft:emitter_shape_point": {
                "offset": [
                    0,
                    0,
                    0
                ]
            },
            "minecraft:particle_lifetime_expression": {
                "max_lifetime": 1
            },
            "minecraft:particle_initial_spin": {
                "rotation": "math.random_integer(1,4) * 90"
            },
            "minecraft:particle_initial_speed": 0.3,
            "minecraft:particle_motion_dynamic": {
                "linear_drag_coefficient": 2
            },
            "minecraft:particle_appearance_billboard": {
                "size": [
                    0.15,
                    0.15
                ],
                "facing_camera_mode": "rotate_xyz",
                "uv": {
                    "texture_width": 16,
                    "texture_height": 96,
                    "flipbook": {
                        "base_UV": [
                            0,
                            0
                        ],
                        "size_UV": [
                            16,
                            16
                        ],
                        "step_UV": [
                            0,
                            16
                        ],
                        "frames_per_second": 12,
                        "max_frame": 6,
                        "stretch_to_lifetime": true
                    }
                }
            },
            "minecraft:particle_appearance_tinting": {
                "color": {
                    "interpolant": "v.particle_age / v.particle_lifetime",
                    "gradient": {
                        "0.0": "#FF00BCFF",
                        "1.0": "#FF0020FF"
                    }
                }
            },
            "cobblemon:emitter_space": {
                "scaling": "entity"
            }
        }
    }
}