{
	"format_version": "1.8.0",
	"animations": {
		"animation.eelektrik.ground_walk": {
			"loop": true,
			"animation_length": 1,
			"bones": {
				"body": {
					"rotation": [0, 0, 0],
					"position": ["-0+math.cos(q.anim_time*90*4-0)*0.25", -5, 2.75]
				},
				"neck": {
					"rotation": [0, "-0+math.cos(q.anim_time*90*4-0)*8", 0]
				},
				"head": {
					"rotation": [0, "-0+math.cos(q.anim_time*90*4+90)*8", 0],
					"position": ["-0+math.cos(q.anim_time*90*4+90)*0.15", 0, 0]
				},
				"segment1": {
					"rotation": [-7.5, "-0+math.cos(q.anim_time*90*4-60)*6", 0]
				},
				"segment8": {
					"rotation": [0, 0, 0]
				},
				"segment2": {
					"rotation": [0, "-0+math.cos(q.anim_time*90*4-120)*4", 0]
				},
				"segment3": {
					"rotation": [2.5, "-0+math.cos(q.anim_time*90*4-180)*12", 0]
				},
				"segment4": {
					"rotation": [0, "-0+math.cos(q.anim_time*90*4-240)*8", 0]
				},
				"segment5": {
					"rotation": [2.5, 0, 0]
				},
				"segment6": {
					"rotation": [0, "-0+math.cos(q.anim_time*90*4-300)*6", 0]
				},
				"segment7": {
					"rotation": [0, "-0+math.cos(q.anim_time*90*4-360)*8", 0]
				},
				"teeth_closed": {
					"position": [0, 0, 1],
					"scale": 1
				}
			}
		},
		"animation.eelektrik.ground_idle": {
			"loop": true,
			"bones": {
				"body": {
					"rotation": ["1+math.cos(q.anim_time*90*4-0)*-0.15", 0, 0],
					"position": [0, "9.75-math.cos(q.anim_time*90*4-0)*0.2", "12-math.cos(q.anim_time*90*4-0)*-0.075"]
				},
				"neck": {
					"rotation": ["-7.5+math.cos(q.anim_time*90*4-45)*1.5", 0, 0]
				},
				"head": {
					"rotation": ["20+math.cos(q.anim_time*90*4-90)*2.5", 0, 0]
				},
				"segment1": {
					"rotation": ["-57.5+math.cos(q.anim_time*90*4-0)*1", 0, 0]
				},
				"segment8": {
					"rotation": ["22.5+math.cos(q.anim_time*90*4-90)*3", 0, 0]
				},
				"segment2": {
					"rotation": ["-52.5+math.cos(q.anim_time*90*4-0)*-1", 0, 0]
				},
				"segment3": {
					"rotation": ["-47.5+math.cos(q.anim_time*90*4-0)*-1", 0, 0]
				},
				"segment4": {
					"rotation": [27.5, 0, 0]
				},
				"segment5": {
					"rotation": ["72.5+math.cos(q.anim_time*90*4-0)*1", 0, 0]
				},
				"segment6": {
					"rotation": ["56+math.cos(q.anim_time*90*4-0)*0.5", 0, 0]
				},
				"segment7": {
					"rotation": ["12.5+math.cos(q.anim_time*90*4-30)*1.5", 0, 0]
				},
				"teeth_closed": {
					"position": [0, 0, 1],
					"scale": 1
				}
			}
		},
		"animation.eelektrik.water_idle": {
			"loop": true,
			"bones": {
				"body": {
					"rotation": [5, 0, 0],
					"position": [0, "-0.5+math.cos(q.anim_time*90*2)*-0.3", 4]
				},
				"neck": {
					"rotation": ["-7.5-math.cos(q.anim_time*90*2)*1.5", "-math.cos(q.anim_time*90*1)*2", 0]
				},
				"head": {
					"rotation": ["20-math.cos(q.anim_time*90*2-60)*-3", 0, 0]
				},
				"segment1": {
					"rotation": [-25, 0, 0]
				},
				"segment8": {
					"rotation": [22.57734, "math.cos(q.anim_time*90*1-160)*9", 0]
				},
				"segment2": {
					"rotation": ["-0-math.cos(q.anim_time*90*2)*2 ", "math.cos(q.anim_time*90*1)*2", 0]
				},
				"segment3": {
					"rotation": [25, 0, 0]
				},
				"segment4": {
					"rotation": ["15-math.cos(q.anim_time*90*2-60)*4", "math.cos(q.anim_time*90*1-40)*4", 0]
				},
				"segment5": {
					"rotation": ["-15-math.cos(q.anim_time*90*2-120)*6", 0, 0]
				},
				"segment6": {
					"rotation": [-7.5, "math.cos(q.anim_time*90*1-80)*6", 0]
				},
				"segment7": {
					"rotation": ["10.5-math.cos(q.anim_time*90*2-180)*12", "math.cos(q.anim_time*90*1-120)*7", 0]
				},
				"teeth_closed": {
					"position": [0, 0, 1],
					"scale": 1
				}
			}
		},
		"animation.eelektrik.water_swim": {
			"loop": true,
			"bones": {
				"body": {
					"rotation": ["-0+math.cos(q.anim_time*90*4-120)*-6", "-0+math.cos(q.anim_time*90*2-120)*-6", 0],
					"position": ["-0+math.cos(q.anim_time*90*2-60)*-0.75", "0-math.cos(q.anim_time*90*4-60)*0.9", 5]
				},
				"neck": {
					"rotation": ["-0+math.cos(q.anim_time*90*4+30)*6 ", "-0+math.cos(q.anim_time*90*2+30)*6 ", 0]
				},
				"head": {
					"rotation": ["-0+math.cos(q.anim_time*90*4+150)*8", "-0+math.cos(q.anim_time*90*2+180)*4", 0],
					"position": ["-0+math.cos(q.anim_time*90*2-60)*-0.075", 0, 0]
				},
				"segment1": {
					"rotation": [0, 0, 0]
				},
				"segment8": {
					"rotation": ["-0+math.cos(q.anim_time*90*4-420)*-24", 0, 0]
				},
				"segment2": {
					"rotation": ["-0+math.cos(q.anim_time*90*4-120)*-4 ", 0, 0]
				},
				"segment3": {
					"rotation": ["-0+math.cos(q.anim_time*90*4-180)*-8 ", "-0+math.cos(q.anim_time*90*2-180)*-8 ", 0]
				},
				"segment4": {
					"rotation": ["-0+math.cos(q.anim_time*90*4-240)*-12", "-0+math.cos(q.anim_time*90*2-240)*-12", 0]
				},
				"segment5": {
					"rotation": ["-0+math.cos(q.anim_time*90*4-300)*-16", 0, 0]
				},
				"segment6": {
					"rotation": ["-0+math.cos(q.anim_time*90*4-330)*-8", "-0+math.cos(q.anim_time*90*2-330)*-8", 0]
				},
				"segment7": {
					"rotation": ["-0+math.cos(q.anim_time*90*4-330)*-12", "-0+math.cos(q.anim_time*90*2-330)*-12", 0]
				},
				"teeth_closed": {
					"position": [0, 0, 1],
					"scale": 1
				}
			}
		},
		"animation.eelektrik.air_idle": {
			"loop": true,
			"bones": {
				"body": {
					"rotation": [5, 0, 0],
					"position": [0, "-0.5+math.cos(q.anim_time*90*2)*-0.3", 4]
				},
				"neck": {
					"rotation": ["-7.5-math.cos(q.anim_time*90*2)*1.5", "-math.cos(q.anim_time*90*1)*2", 0]
				},
				"head": {
					"rotation": ["20-math.cos(q.anim_time*90*2-60)*-3", 0, 0]
				},
				"segment1": {
					"rotation": [-25, 0, 0]
				},
				"segment8": {
					"rotation": [22.57734, "math.cos(q.anim_time*90*1-160)*9", 0]
				},
				"segment2": {
					"rotation": ["-0-math.cos(q.anim_time*90*2)*2 ", "math.cos(q.anim_time*90*1)*2", 0]
				},
				"segment3": {
					"rotation": [25, 0, 0]
				},
				"segment4": {
					"rotation": ["15-math.cos(q.anim_time*90*2-60)*4", "math.cos(q.anim_time*90*1-40)*4", 0]
				},
				"segment5": {
					"rotation": ["-15-math.cos(q.anim_time*90*2-120)*6", 0, 0]
				},
				"segment6": {
					"rotation": [-7.5, "math.cos(q.anim_time*90*1-80)*6", 0]
				},
				"segment7": {
					"rotation": ["10.5-math.cos(q.anim_time*90*2-180)*12", "math.cos(q.anim_time*90*1-120)*7", 0]
				},
				"teeth_closed": {
					"position": [0, 0, 1],
					"scale": 1
				}
			}
		},
		"animation.eelektrik.air_fly": {
			"loop": true,
			"bones": {
				"body": {
					"rotation": ["-0+math.cos(q.anim_time*90*4-120)*-6", "-0+math.cos(q.anim_time*90*2-120)*-6", 0],
					"position": ["-0+math.cos(q.anim_time*90*2-60)*-0.75", "0-math.cos(q.anim_time*90*4-60)*0.9", 5]
				},
				"neck": {
					"rotation": ["-0+math.cos(q.anim_time*90*4+30)*6 ", "-0+math.cos(q.anim_time*90*2+30)*6 ", 0]
				},
				"head": {
					"rotation": ["-0+math.cos(q.anim_time*90*4+150)*8", "-0+math.cos(q.anim_time*90*2+180)*4", 0],
					"position": ["-0+math.cos(q.anim_time*90*2-60)*-0.075", 0, 0]
				},
				"segment1": {
					"rotation": [0, 0, 0]
				},
				"segment8": {
					"rotation": ["-0+math.cos(q.anim_time*90*4-420)*-24", 0, 0]
				},
				"segment2": {
					"rotation": ["-0+math.cos(q.anim_time*90*4-120)*-4 ", 0, 0]
				},
				"segment3": {
					"rotation": ["-0+math.cos(q.anim_time*90*4-180)*-8 ", "-0+math.cos(q.anim_time*90*2-180)*-8 ", 0]
				},
				"segment4": {
					"rotation": ["-0+math.cos(q.anim_time*90*4-240)*-12", "-0+math.cos(q.anim_time*90*2-240)*-12", 0]
				},
				"segment5": {
					"rotation": ["-0+math.cos(q.anim_time*90*4-300)*-16", 0, 0]
				},
				"segment6": {
					"rotation": ["-0+math.cos(q.anim_time*90*4-330)*-8", "-0+math.cos(q.anim_time*90*2-330)*-8", 0]
				},
				"segment7": {
					"rotation": ["-0+math.cos(q.anim_time*90*4-330)*-12", "-0+math.cos(q.anim_time*90*2-330)*-12", 0]
				},
				"teeth_closed": {
					"position": [0, 0, 1],
					"scale": 1
				}
			}
		},
		"animation.eelektrik.blink": {
			"animation_length": 0.1667,
			"bones": {
				"eyelid_left": {
					"position": {
						"0.0": [0.1, 0, 0],
						"0.125": [0.1, 0, 0],
						"0.1667": [0, 0, 0]
					}
				},
				"eyelid_right": {
					"position": {
						"0.0": [-0.1, 0, 0],
						"0.125": [-0.1, 0, 0],
						"0.1667": [0, 0, 0]
					}
				}
			}
		},
		"animation.eelektrik.shock": {
			"loop": true,
			"bones": {
				"pupil_left": {
					"scale": [1, 0.6, 0.6]
				},
				"teeth_open_left": {
					"scale": [0.6, 0.6, 1]
				},
				"teeth_open_right": {
					"scale": [0.6, 0.6, 1]
				},
				"teeth_open_top": {
					"scale": [0.6, 0.6, 1]
				},
				"teeth_open_bottom": {
					"scale": [0.6, 0.6, 1]
				},
				"teeth_closed": {
					"position": [0, 0, 1]
				},
				"pupil_right": {
					"scale": [1, 0.6, 0.6]
				}
			}
		},
		"animation.eelektrik.angry": {
			"loop": true,
			"bones": {
				"teeth_closed": {
					"position": [0, 0, 1]
				},
				"eye_expression_left": {
					"position": [0.1, 0, -0.6]
				},
				"eye_expression_right": {
					"position": [-0.1, 0, -0.6]
				}
			}
		},
		"animation.eelektrik.sad": {
			"loop": true,
			"bones": {
				"teeth_open": {
					"position": [0, 0, 1]
				},
				"teeth_closed": {
					"position": [0, 0, 0]
				},
				"eye_expression_left": {
					"position": [0.1, 0.5, 0.6]
				},
				"eye_expression_right": {
					"position": [-0.1, 0.5, 0.6]
				}
			}
		},
		"animation.eelektrik.happy": {
			"loop": true,
			"bones": {
				"teeth_open_left": {
					"scale": [0.6, 0.6, 1]
				},
				"teeth_open_right": {
					"scale": [0.6, 0.6, 1]
				},
				"teeth_open_top": {
					"scale": [0.6, 0.6, 1]
				},
				"teeth_open_bottom": {
					"scale": [0.6, 0.6, 1]
				},
				"teeth_closed": {
					"position": [0, 0, 1]
				},
				"eyelid_happy_left": {
					"position": [0.1, 0, 0]
				},
				"eyelid_happy_right": {
					"position": [-0.1, 0, 0]
				}
			}
		},
		"animation.eelektrik.hurt": {
			"loop": true,
			"bones": {
				"eyelid_recoil_left": {
					"position": [0.1, 0, 0]
				},
				"teeth_open": {
					"position": [0, 0, 1]
				},
				"eyelid_recoil_right": {
					"position": [-0.1, 0, 0]
				}
			}
		},
		"animation.eelektrik.render": {
			"loop": true,
			"bones": {
				"body": {
					"rotation": [0, -37.5, 0],
					"position": [0, 9.25, 12]
				},
				"neck": {
					"rotation": [-7.38733, 1.29876, 9.91615]
				},
				"head": {
					"rotation": [20, 0, 0]
				},
				"segment1": {
					"rotation": [-65.02472, -1.34295, 2.10886]
				},
				"segment8": {
					"rotation": [32.65431, -5.92239, -4.81092]
				},
				"segment2": {
					"rotation": [-52.5, 0, 0]
				},
				"segment3": {
					"rotation": [-52.47282, 1.84293, 1.68956]
				},
				"segment4": {
					"rotation": [42.5, 0, 0]
				},
				"segment5": {
					"rotation": [77.5, 0, 0]
				},
				"segment6": {
					"rotation": [40, 0, 0]
				},
				"segment7": {
					"rotation": [17.5, 0, 0]
				},
				"teeth_closed": {
					"position": [0, 0, 1],
					"scale": 1
				},
				"pupil_left": {
					"position": [0, 0, -0.5]
				},
				"pupil_right": {
					"position": [0, 0, 0.5]
				},
				"fin_top": {
					"rotation": [0, 0, 10]
				},
				"fin_bottom": {
					"rotation": [0, 0, 15]
				}
			}
		},
		"animation.eelektrik.cry": {
			"animation_length": 1.25,
			"bones": {
				"neck": {
					"rotation": {
						"0.0": [0, 0, 0],
						"0.25": {
							"pre": [-5, 0, 0],
							"post": [-5, 0, 0],
							"lerp_mode": "catmullrom"
						},
						"0.7917": {
							"post": [-5, 0, 0],
							"lerp_mode": "catmullrom"
						},
						"1.2083": [0, 0, 0]
					}
				},
				"head": {
					"rotation": {
						"0.0": [0, 0, 0],
						"0.125": {
							"pre": [2.5, 0, 0],
							"post": [2.5, 0, 0],
							"lerp_mode": "catmullrom"
						},
						"0.2917": {
							"post": [-2.5, 0, 0],
							"lerp_mode": "catmullrom"
						},
						"0.8333": {
							"post": [-2.5, 0, 0],
							"lerp_mode": "catmullrom"
						},
						"1.25": [0, 0, 0]
					}
				},
				"eyelid_left": {
					"position": {
						"0.0": [0, 0, 0],
						"0.0417": {"pre": [0, 0, 0], "post": [0.1, 0, 0]},
						"0.1667": [0.1, 0, 0],
						"0.2083": {"pre": [0.1, 0, 0], "post": [0, 0, 0]}
					}
				},
				"eyelid_right": {
					"position": {
						"0.0": [0, 0, 0],
						"0.0417": {"pre": [0, 0, 0], "post": [-0.1, 0, 0]},
						"0.1667": [-0.1, 0, 0],
						"0.2083": {"pre": [-0.1, 0, 0], "post": [0, 0, 0]}
					}
				},
				"teeth_closed": {
					"position": {
						"0.0": [0, 0, 0],
						"0.0833": {"pre": [0, 0, 0], "post": [0, 0, -1]},
						"0.25": {"pre": [0, 0, -1], "post": [0, 0, 0]},
						"1.0": [0, 0, 0]
					}
				}
			},
			"sound_effects": {
				"0.25": {
					"effect": "pokemon.eelektrik.cry"
				}
			}
		},
		"animation.eelektrik.new": {
			"loop": true,
			"bones": {
				"eelektrik": {
					"position": [0, 0, "0+(q.anim_time*90)*-0.15"]
				}
			}
		}
	}
}