{
	"format_version": "1.8.0",
	"animations": {
		"animation.eelektross.ground_idleold": {
			"loop": true,
			"bones": {
				"body": {
					"rotation": [-100, 0, 0],
					"position": [0, 4.7, 0]
				},
				"neck": {
					"rotation": [15, 0, 0]
				},
				"neck2": {
					"rotation": ["45-math.sin(q.anim_time*90*1-40)*1", 0, 0]
				},
				"head": {
					"rotation": ["47.5+math.sin(q.anim_time*90*1-90)*1", 0, 0]
				},
				"segment1": {
					"rotation": [-12.5, 0, 0]
				},
				"segment3": {
					"rotation": [52.5, 0, 0]
				},
				"segment4": {
					"rotation": [20, "math.sin(q.anim_time*90*1)*2", 0]
				},
				"segment5": {
					"rotation": [10, "math.sin(q.anim_time*90*1-40)*6", 0]
				},
				"segment2": {
					"rotation": [45, 0, 0]
				},
				"segment6": {
					"rotation": [12.5, 0, 0]
				},
				"segment7": {
					"rotation": [7.5, "math.sin(q.anim_time*90*1-80)*12", 0]
				},
				"segment8": {
					"rotation": [10, 0, 0]
				},
				"arms": {
					"rotation": [77.5, 0, 0]
				},
				"arm_left": {
					"rotation": [0, 0, "50+math.sin(q.anim_time*90*1-40)*4"]
				},
				"arm_left2": {
					"rotation": [0, 30, -12.5]
				},
				"arm_left3": {
					"rotation": [0, 17.5, 20]
				},
				"hand_left": {
					"rotation": [0, 20, 25]
				},
				"legs": {
					"rotation": [15, 0, 0]
				},
				"arm_right": {
					"rotation": [0, 0, "-50-math.sin(q.anim_time*90*1-40)*4"]
				},
				"arm_right2": {
					"rotation": [0, -30, 12.5]
				},
				"arm_right3": {
					"rotation": [0, -17.5, -20]
				},
				"hand_right": {
					"rotation": [0, -20, -25]
				},
				"leg_left": {
					"rotation": [0, 0, -35]
				},
				"leg_left2": {
					"rotation": [0, 0, -54]
				},
				"leg_left3": {
					"rotation": [0, 0, -25]
				},
				"leg_right": {
					"rotation": [0, 0, 35]
				},
				"leg_right2": {
					"rotation": [0, 0, 54]
				},
				"leg_right3": {
					"rotation": [0, 0, 25]
				},
				"head_fin": {
					"rotation": [-5, "-math.sin(q.anim_time*90*1-120)*2", 0]
				},
				"head_fin2": {
					"rotation": [-35, 0, 0]
				},
				"head_fin3": {
					"rotation": [20, 0, 0]
				},
				"head_fin5": {
					"rotation": [-20, 0, 0]
				},
				"head_fin4": {
					"rotation": [30, 0, 0]
				},
				"head_fin_bottom2": {
					"rotation": [15, 0, 0]
				},
				"head_fin_bottom3": {
					"rotation": [30, 0, 0]
				},
				"head_fin_bottom1": {
					"rotation": [2.5, 0, 0]
				},
				"back_fin1": {
					"rotation": [0, 0, 0],
					"position": [0, 0, -0.5]
				},
				"head_detail_left1": {
					"position": [0, -0.5, 0]
				},
				"head_detail_right1": {
					"position": [0, -0.5, 0]
				},
				"head_detail_left2": {
					"position": [0, 0, 1]
				},
				"head_detail_right2": {
					"position": [0, 0, 1]
				}
			}
		},
		"animation.eelektross.air_idleold": {
			"loop": true,
			"bones": {
				"body": {
					"rotation": [-15, 0, 0],
					"position": [0, "4.7+math.sin(q.anim_time*90*1)*0.3", 0]
				},
				"neck": {
					"rotation": [-22.5, "-math.sin(q.anim_time*90*1)*2", 0]
				},
				"neck2": {
					"rotation": [27.5, "math.sin(q.anim_time*90*1-40)*3", 0]
				},
				"head": {
					"rotation": [20, "-0-math.sin(q.anim_time*90*1-80)*3", 0]
				},
				"segment1": {
					"rotation": [-25.01153, "-2.4407037107+math.sin(q.anim_time*90*1)*2", 0.54143]
				},
				"segment3": {
					"rotation": [27.58957, "math.sin(q.anim_time*90*1-40)*6", 0]
				},
				"segment4": {
					"rotation": [7.34505, 1.45515, 0.53467]
				},
				"segment5": {
					"rotation": [-10.23772, "math.sin(q.anim_time*90*1-80)*8", 0]
				},
				"segment2": {
					"rotation": [30.02363, 2.16489, 1.2506]
				},
				"segment6": {
					"rotation": [-17.5, 0, 0]
				},
				"segment7": {
					"rotation": [-25, "math.sin(q.anim_time*90*1-120)*8", 0]
				},
				"segment8": {
					"rotation": [-12.5, 0, 0]
				},
				"arms": {
					"rotation": [77.5, 0, 0]
				},
				"arm_left": {
					"rotation": [8.38059, "3.6616-math.sin(q.anim_time*90*1-40)*4", 29.48715]
				},
				"arm_left2": {
					"rotation": [4.84183, 16.69434, -10.61423]
				},
				"arm_left3": {
					"rotation": [-25.45727, 34.22551, -14.72466]
				},
				"hand_left": {
					"rotation": [0, 25, -7.5]
				},
				"legs": {
					"rotation": [15, 0, 0]
				},
				"arm_right": {
					"rotation": [8.38059, "-3.6616+math.sin(q.anim_time*90*1-40)*4", -29.48715]
				},
				"arm_right2": {
					"rotation": [4.84183, -16.69434, 10.61423]
				},
				"arm_right3": {
					"rotation": [-25.45727, -34.22551, 14.72466]
				},
				"hand_right": {
					"rotation": [0, -25, 7.5]
				},
				"leg_left": {
					"rotation": [-22.5, 0, -47.5]
				},
				"leg_left2": {
					"rotation": [0, 0, 13.5]
				},
				"leg_left3": {
					"rotation": [0, 0, 30]
				},
				"leg_right": {
					"rotation": [-22.5, 0, 47.5]
				},
				"leg_right2": {
					"rotation": [0, 0, -13.5]
				},
				"leg_right3": {
					"rotation": [0, 0, -30]
				},
				"head_fin": {
					"rotation": [-5, 0, 0]
				},
				"head_fin2": {
					"rotation": [12.59468, 0, 0]
				},
				"head_fin3": {
					"rotation": [-25.18908, 6.79382, -3.18458]
				},
				"head_fin5": {
					"rotation": [-20, 0, 0]
				},
				"head_fin4": {
					"rotation": [15.0547, -4.82922, -1.29717]
				},
				"head_fin_bottom2": {
					"rotation": [-30.21362, 6.49053, -3.76613]
				},
				"head_fin_bottom3": {
					"rotation": [20.07031, -4.69776, -1.71394],
					"position": [0, 0, -1]
				},
				"finger_side_left": {
					"rotation": [0, 0, -25]
				},
				"finger_front_left": {
					"rotation": [-27.5, 0, 0]
				},
				"finger_back_left": {
					"rotation": [30, 0, 0]
				},
				"finger_side_right": {
					"rotation": [0, 0, 25]
				},
				"finger_front_right": {
					"rotation": [-27.5, 0, 0]
				},
				"finger_back_right": {
					"rotation": [30, 0, 0]
				},
				"head_fin_bottom1": {
					"rotation": [2.5, 0, 0]
				},
				"head2": {
					"rotation": [-15, 0, 0]
				},
				"eye_base_left": {
					"rotation": [5, 0, 0]
				},
				"eye_base_left2": {
					"rotation": [10, 0, 0]
				},
				"back_fin1": {
					"rotation": [0, 0, 0]
				},
				"back_fin6": {
					"rotation": [0, 12.5, 0]
				},
				"head_detail_left1": {
					"position": [0, 0, -0.5]
				},
				"head_detail_right1": {
					"position": [0, 0, -0.5]
				},
				"head_detail_left2": {
					"position": [0, 0, -1]
				},
				"head_detail_right2": {
					"position": [0, 0, -1]
				},
				"eye_base_right": {
					"rotation": [5, 0, 0]
				},
				"eye_base_right2": {
					"rotation": [10, 0, 0]
				}
			}
		},
		"animation.eelektross.air_flyold": {
			"loop": true,
			"bones": {
				"body": {
					"rotation": [-10, 0, 0],
					"position": [0, "4.7+math.sin(q.anim_time*90*2-40)*0.2", "math.sin(q.anim_time*90*2-120)*0.1"]
				},
				"neck": {
					"rotation": [-12.5, "-math.sin(q.anim_time*90*2)*2", 0]
				},
				"neck2": {
					"rotation": [22.5, "math.sin(q.anim_time*90*2-40)*3", 0]
				},
				"head": {
					"rotation": [15, "-math.sin(q.anim_time*90*2-80)*3", 0]
				},
				"segment1": {
					"rotation": [-15.01153, "-2.4407+math.sin(q.anim_time*90*2)*2", 0.54143]
				},
				"segment3": {
					"rotation": [27.58957, "math.sin(q.anim_time*90*2-40)*6", 0]
				},
				"segment4": {
					"rotation": [14.84505, 1.45515, 0.53467]
				},
				"segment5": {
					"rotation": [-17.73772, "math.sin(q.anim_time*90*2-80)*8", 0]
				},
				"segment2": {
					"rotation": [25.02363, 2.16489, 1.2506]
				},
				"segment6": {
					"rotation": [-22.5, 0, 0]
				},
				"segment7": {
					"rotation": [-25, "math.sin(q.anim_time*90*2-120)*8", 0]
				},
				"segment8": {
					"rotation": [-12.5, 0, 0]
				},
				"arms": {
					"rotation": [77.5, 0, 0]
				},
				"arm_left": {
					"rotation": [10.29548, "-0.8863-math.sin(q.anim_time*90*1-40)*4", 56.68185]
				},
				"arm_left2": {
					"rotation": [17.01333, -10.68566, -13.39364]
				},
				"arm_left3": {
					"rotation": [-4.65468, -8.86042, 15.36082]
				},
				"hand_left": {
					"rotation": [-8.73739, -12.2403, 28.43866]
				},
				"legs": {
					"rotation": [15, 0, 0]
				},
				"arm_right": {
					"rotation": [10.29548, "0.8863+math.sin(q.anim_time*90*1-40)*4", -56.68185]
				},
				"arm_right2": {
					"rotation": [17.01333, 10.68566, 13.39364]
				},
				"arm_right3": {
					"rotation": [-4.65468, 8.86042, -15.36082]
				},
				"hand_right": {
					"rotation": [-8.73739, 12.2403, -28.43866]
				},
				"leg_left": {
					"rotation": [7.5, 0, -47.5]
				},
				"leg_left2": {
					"rotation": [0, 0, 13.5]
				},
				"leg_left3": {
					"rotation": [0, 0, 30]
				},
				"leg_right": {
					"rotation": [7.5, 0, 47.5]
				},
				"leg_right2": {
					"rotation": [0, 0, -13.5]
				},
				"leg_right3": {
					"rotation": [0, 0, -30]
				},
				"head_fin": {
					"rotation": [-5, 0, 0]
				},
				"head_fin2": {
					"rotation": [12.57558, 2.99155, -0.87159]
				},
				"head_fin3": {
					"rotation": [-25.53051, -11.31255, 5.35254]
				},
				"head_fin5": {
					"rotation": [-20.07031, 4.69776, -1.71394]
				},
				"head_fin4": {
					"rotation": [15.12353, 7.24305, 1.95155]
				},
				"head_fin_bottom2": {
					"rotation": [-30.59871, -10.80355, 6.32526]
				},
				"head_fin_bottom3": {
					"rotation": [20.07031, 4.69776, 1.71394],
					"position": [0, 0, -1]
				},
				"finger_side_left": {
					"rotation": [0, 0, -25]
				},
				"finger_front_left": {
					"rotation": [-27.5, 0, 0]
				},
				"finger_back_left": {
					"rotation": [30, 0, 0]
				},
				"finger_side_right": {
					"rotation": [0, 0, 25]
				},
				"finger_front_right": {
					"rotation": [-27.5, 0, 0]
				},
				"finger_back_right": {
					"rotation": [30, 0, 0]
				},
				"head_fin_bottom1": {
					"rotation": [2.5, 0, 0]
				},
				"head2": {
					"rotation": [-15, 0, 0]
				},
				"eye_base_left": {
					"rotation": [5, 0, 0]
				},
				"eye_base_left2": {
					"rotation": [10, 0, 0]
				},
				"back_fin1": {
					"rotation": [0, 0, 0]
				},
				"back_fin6": {
					"rotation": [0, 12.5, 0]
				},
				"head_detail_left1": {
					"position": [0, 0, -0.5]
				},
				"head_detail_right1": {
					"position": [0, 0, -0.5]
				},
				"head_detail_left2": {
					"position": [0, 0, -1]
				},
				"head_detail_right2": {
					"position": [0, 0, -1]
				},
				"eye_base_right": {
					"rotation": [5, 0, 0]
				},
				"eye_base_right2": {
					"rotation": [10, 0, 0]
				}
			}
		},
		"animation.eelektross.water_idleold": {
			"loop": true,
			"bones": {
				"body": {
					"rotation": [-15, 0, 0],
					"position": [0, "4.7+math.sin(q.anim_time*90*1)*0.3", 0]
				},
				"neck": {
					"rotation": [-22.5, "-math.sin(q.anim_time*90*1)*2", 0]
				},
				"neck2": {
					"rotation": [27.5, "math.sin(q.anim_time*90*1-40)*3", 0]
				},
				"head": {
					"rotation": [20, "-math.sin(q.anim_time*90*1-80)*3", 0]
				},
				"segment1": {
					"rotation": [-25.01153, "-2.4407037107+math.sin(q.anim_time*90*1)*2", 0.54143]
				},
				"segment3": {
					"rotation": [27.58957, "math.sin(q.anim_time*90*1-40)*6", 0]
				},
				"segment4": {
					"rotation": [7.34505, 1.45515, 0.53467]
				},
				"segment5": {
					"rotation": [-10.23772, "math.sin(q.anim_time*90*1-80)*8", 0]
				},
				"segment2": {
					"rotation": [30.02363, 2.16489, 1.2506]
				},
				"segment6": {
					"rotation": [-17.5, 0, 0]
				},
				"segment7": {
					"rotation": [-25, "math.sin(q.anim_time*90*1-120)*8", 0]
				},
				"segment8": {
					"rotation": [-12.5, 0, 0]
				},
				"arms": {
					"rotation": [77.5, 0, 0]
				},
				"arm_left": {
					"rotation": [8.38059, "3.6616-math.sin(q.anim_time*90*1-40)*4", 29.48715]
				},
				"arm_left2": {
					"rotation": [4.84183, 16.69434, -10.61423]
				},
				"arm_left3": {
					"rotation": [-25.45727, 34.22551, -14.72466]
				},
				"hand_left": {
					"rotation": [0, 25, -7.5]
				},
				"legs": {
					"rotation": [15, 0, 0]
				},
				"arm_right": {
					"rotation": [8.38059, "-3.6616+math.sin(q.anim_time*90*1-40)*4", -29.48715]
				},
				"arm_right2": {
					"rotation": [4.84183, -16.69434, 10.61423]
				},
				"arm_right3": {
					"rotation": [-25.45727, -34.22551, 14.72466]
				},
				"hand_right": {
					"rotation": [0, -25, 7.5]
				},
				"leg_left": {
					"rotation": [-22.5, 0, -47.5]
				},
				"leg_left2": {
					"rotation": [0, 0, 13.5]
				},
				"leg_left3": {
					"rotation": [0, 0, 30]
				},
				"leg_right": {
					"rotation": [-22.5, 0, 47.5]
				},
				"leg_right2": {
					"rotation": [0, 0, -13.5]
				},
				"leg_right3": {
					"rotation": [0, 0, -30]
				},
				"head_fin": {
					"rotation": [-5, 0, 0]
				},
				"head_fin2": {
					"rotation": [12.59468, -4.32875, -2.50477]
				},
				"head_fin3": {
					"rotation": [-25.18908, 6.79382, -3.18458]
				},
				"head_fin5": {
					"rotation": [-20, 0, 0]
				},
				"head_fin4": {
					"rotation": [15.0547, -4.82922, -1.29717]
				},
				"head_fin_bottom2": {
					"rotation": [-30.21362, 6.49053, -3.76613]
				},
				"head_fin_bottom3": {
					"rotation": [20.07031, -4.69776, -1.71394],
					"position": [0, 0, -1]
				},
				"finger_side_left": {
					"rotation": [0, 0, -25]
				},
				"finger_front_left": {
					"rotation": [-27.5, 0, 0]
				},
				"finger_back_left": {
					"rotation": [30, 0, 0]
				},
				"finger_side_right": {
					"rotation": [0, 0, 25]
				},
				"finger_front_right": {
					"rotation": [-27.5, 0, 0]
				},
				"finger_back_right": {
					"rotation": [30, 0, 0]
				},
				"head_fin_bottom1": {
					"rotation": [2.5, 0, 0]
				},
				"head2": {
					"rotation": [-15, 0, 0]
				},
				"eye_base_left": {
					"rotation": [5, 0, 0]
				},
				"eye_base_left2": {
					"rotation": [10, 0, 0]
				},
				"back_fin1": {
					"rotation": [0, 0, 0]
				},
				"back_fin6": {
					"rotation": [0, 12.5, 0]
				},
				"head_detail_left1": {
					"position": [0, 0, -0.5]
				},
				"head_detail_right1": {
					"position": [0, 0, -0.5]
				},
				"head_detail_left2": {
					"position": [0, 0, -1]
				},
				"head_detail_right2": {
					"position": [0, 0, -1]
				},
				"eye_base_right": {
					"rotation": [5, 0, 0]
				},
				"eye_base_right2": {
					"rotation": [10, 0, 0]
				}
			}
		},
		"animation.eelektross.water_swimold": {
			"loop": true,
			"bones": {
				"body": {
					"rotation": [-10, 0, 0],
					"position": [0, "4.7+math.sin(q.anim_time*90*2-40)*0.2", "math.sin(q.anim_time*90*2-120)*0.1"]
				},
				"neck": {
					"rotation": [-12.5, "-math.sin(q.anim_time*90*2)*2", 0]
				},
				"neck2": {
					"rotation": [22.5, "math.sin(q.anim_time*90*2-40)*3", 0]
				},
				"head": {
					"rotation": [15, "-math.sin(q.anim_time*90*2-80)*3", 0]
				},
				"segment1": {
					"rotation": [-15.01153, "-2.4407+math.sin(q.anim_time*90*2)*2", 0.54143]
				},
				"segment3": {
					"rotation": [27.58957, "math.sin(q.anim_time*90*2-40)*6", 0]
				},
				"segment4": {
					"rotation": [14.84505, 1.45515, 0.53467]
				},
				"segment5": {
					"rotation": [-17.73772, "math.sin(q.anim_time*90*2-80)*8", 0]
				},
				"segment2": {
					"rotation": [25.02363, 2.16489, 1.2506]
				},
				"segment6": {
					"rotation": [-22.5, 0, 0]
				},
				"segment7": {
					"rotation": [-25, "math.sin(q.anim_time*90*2-120)*8", 0]
				},
				"segment8": {
					"rotation": [-12.5, 0, 0]
				},
				"arms": {
					"rotation": [77.5, 0, 0]
				},
				"arm_left": {
					"rotation": [10.29548, "-0.8863-math.sin(q.anim_time*90*1-40)*4", 56.68185]
				},
				"arm_left2": {
					"rotation": [17.01333, -10.68566, -13.39364]
				},
				"arm_left3": {
					"rotation": [-4.65468, -8.86042, 15.36082]
				},
				"hand_left": {
					"rotation": [-8.73739, -12.2403, 28.43866]
				},
				"legs": {
					"rotation": [15, 0, 0]
				},
				"arm_right": {
					"rotation": [10.29548, "0.8863+math.sin(q.anim_time*90*1-40)*4", -56.68185]
				},
				"arm_right2": {
					"rotation": [17.01333, 10.68566, 13.39364]
				},
				"arm_right3": {
					"rotation": [-4.65468, 8.86042, -15.36082]
				},
				"hand_right": {
					"rotation": [-8.73739, 12.2403, -28.43866]
				},
				"leg_left": {
					"rotation": [7.5, 0, -47.5]
				},
				"leg_left2": {
					"rotation": [0, 0, 13.5]
				},
				"leg_left3": {
					"rotation": [0, 0, 30]
				},
				"leg_right": {
					"rotation": [7.5, 0, 47.5]
				},
				"leg_right2": {
					"rotation": [0, 0, -13.5]
				},
				"leg_right3": {
					"rotation": [0, 0, -30]
				},
				"head_fin": {
					"rotation": [-5, 0, 0]
				},
				"head_fin2": {
					"rotation": [12.57558, 2.99155, -0.87159]
				},
				"head_fin3": {
					"rotation": [-25.53051, -11.31255, 5.35254]
				},
				"head_fin5": {
					"rotation": [-20.07031, 4.69776, -1.71394]
				},
				"head_fin4": {
					"rotation": [15.12353, 7.24305, 1.95155]
				},
				"head_fin_bottom2": {
					"rotation": [-30.59871, -10.80355, 6.32526]
				},
				"head_fin_bottom3": {
					"rotation": [20.07031, 4.69776, 1.71394],
					"position": [0, 0, -1]
				},
				"finger_side_left": {
					"rotation": [0, 0, -25]
				},
				"finger_front_left": {
					"rotation": [-27.5, 0, 0]
				},
				"finger_back_left": {
					"rotation": [30, 0, 0]
				},
				"finger_side_right": {
					"rotation": [0, 0, 25]
				},
				"finger_front_right": {
					"rotation": [-27.5, 0, 0]
				},
				"finger_back_right": {
					"rotation": [30, 0, 0]
				},
				"head_fin_bottom1": {
					"rotation": [2.5, 0, 0]
				},
				"head2": {
					"rotation": [-15, 0, 0]
				},
				"eye_base_left": {
					"rotation": [5, 0, 0]
				},
				"eye_base_left2": {
					"rotation": [10, 0, 0]
				},
				"back_fin1": {
					"rotation": [0, 0, 0]
				},
				"back_fin6": {
					"rotation": [0, 12.5, 0]
				},
				"head_detail_left1": {
					"position": [0, 0, -0.5]
				},
				"head_detail_right1": {
					"position": [0, 0, -0.5]
				},
				"head_detail_left2": {
					"position": [0, 0, -1]
				},
				"head_detail_right2": {
					"position": [0, 0, -1]
				},
				"eye_base_right": {
					"rotation": [5, 0, 0]
				},
				"eye_base_right2": {
					"rotation": [10, 0, 0]
				}
			}
		},
		"animation.eelektross.ground_idle": {
			"loop": true,
			"bones": {
				"body": {
					"rotation": [-100, 0, 0],
					"position": [0, "4.75-math.cos(q.anim_time*90*1.5-0)*-0.125", 0]
				},
				"neck": {
					"rotation": ["15+math.cos(q.anim_time*90*1.5-0)*1", 0, 0]
				},
				"neck2": {
					"rotation": ["45.5+math.cos(q.anim_time*90*1.5-30)*1", 0, 0]
				},
				"head": {
					"rotation": ["46.5+math.cos(q.anim_time*90*1.5-60)*-1.75", 0, 0]
				},
				"segment1": {
					"rotation": [-12.5, 0, 0]
				},
				"segment3": {
					"rotation": [52.5, 0, 0]
				},
				"segment4": {
					"rotation": ["20+math.cos(q.anim_time*90*3-60)*-1", "-0+math.cos(q.anim_time*90*1.5-60)*-1", 0]
				},
				"segment5": {
					"rotation": ["10+math.cos(q.anim_time*90*3-120)*-2", "-0+math.cos(q.anim_time*90*1.5-120)*-1.75", 0]
				},
				"segment2": {
					"rotation": [45, 0, 0]
				},
				"segment6": {
					"rotation": ["12.5+math.cos(q.anim_time*90*3-180)*-3", "-0+math.cos(q.anim_time*90*1.5-180)*-2.5", 0]
				},
				"segment7": {
					"rotation": ["7.5+math.cos(q.anim_time*90*3-210)*-4.5", "-0+math.cos(q.anim_time*90*1.5-210)*-4.5", 0]
				},
				"segment8": {
					"rotation": ["10+math.cos(q.anim_time*90*3-270)*-6", "-0+math.cos(q.anim_time*90*1.5-270)*-6", 0]
				},
				"arms": {
					"rotation": [77.5, 0, 0]
				},
				"arm_left": {
					"rotation": [0, "-0+math.cos(q.anim_time*90*1.5-60)*-1", 47.5]
				},
				"arm_left2": {
					"rotation": [0, 30, -12.5]
				},
				"arm_left3": {
					"rotation": [0, "17.5+math.cos(q.anim_time*90*1.5-120)*-2", 20]
				},
				"hand_left": {
					"rotation": [0, 20, 25]
				},
				"legs": {
					"rotation": [15, 0, 0]
				},
				"arm_right": {
					"rotation": [0, "0-math.cos(q.anim_time*90*1.5-60)*-1", -47.5]
				},
				"arm_right2": {
					"rotation": [0, -30, 12.5]
				},
				"arm_right3": {
					"rotation": [0, "-17.5-math.cos(q.anim_time*90*1.5-120)*-2", -20]
				},
				"hand_right": {
					"rotation": [0, -20, -25]
				},
				"leg_left": {
					"rotation": [0, 0, "-35-math.cos(q.anim_time*90*1.5-0)*-2"]
				},
				"leg_left2": {
					"rotation": [0, 0, -54]
				},
				"leg_left3": {
					"rotation": [0, 0, "-25-math.cos(q.anim_time*90*1.5-60)*-4"]
				},
				"leg_right": {
					"rotation": [0, 0, "35+math.cos(q.anim_time*90*1.5-0)*-2"]
				},
				"leg_right2": {
					"rotation": [0, 0, 54]
				},
				"leg_right3": {
					"rotation": [0, 0, "25+math.cos(q.anim_time*90*1.5-60)*-4"]
				},
				"head_fin": {
					"rotation": [-5, 1.73205, 0]
				},
				"head_fin2": {
					"rotation": ["-35+math.cos(q.anim_time*90*1.5-90)*-1", 0, 0]
				},
				"head_fin3": {
					"rotation": ["20+math.cos(q.anim_time*90*1.5-150)*-2", 0, 0]
				},
				"head_fin5": {
					"rotation": ["-20+math.cos(q.anim_time*90*1.5-270)*-6", 0, 0]
				},
				"head_fin4": {
					"rotation": ["30+math.cos(q.anim_time*90*1.5-210)*-2.5", 0, 0]
				},
				"head_fin_bottom2": {
					"rotation": ["15+math.cos(q.anim_time*90*1.5-150)*-2", 0, 0]
				},
				"head_fin_bottom3": {
					"rotation": ["31+math.cos(q.anim_time*90*1.5-230)*-1.75", 0, 0]
				},
				"head_fin_bottom1": {
					"rotation": [2.5, 0, 0]
				},
				"back_fin1": {
					"rotation": [0, 0, 0],
					"position": [0, 0, -0.5]
				},
				"head_detail_left1": {
					"position": [0, -0.5, 0]
				},
				"head_detail_right1": {
					"position": [0, -0.5, 0]
				},
				"head_detail_left2": {
					"position": [0, 0, 1]
				},
				"head_detail_right2": {
					"position": [0, 0, 1]
				},
				"head2": {
					"rotation": [0, 0, 0]
				},
				"mouth": {
					"scale": "1-math.cos(q.anim_time*90*1.5-90)*0.01"
				},
				"teeth_top_left": {
					"rotation": ["-0+math.cos(q.anim_time*90*1.5-120)*2", "-0+math.cos(q.anim_time*90*1.5-120)*2", 0]
				},
				"teeth_top_right": {
					"rotation": ["-0+math.cos(q.anim_time*90*1.5-120)*2", "0-math.cos(q.anim_time*90*1.5-120)*2", 0]
				},
				"teeth_bottom_left": {
					"rotation": ["-0+math.cos(q.anim_time*90*1.5-120)*-2", "-0+math.cos(q.anim_time*90*1.5-120)*2", 0]
				},
				"teeth_bottom_right": {
					"rotation": ["-0+math.cos(q.anim_time*90*1.5-120)*-2", "0-math.cos(q.anim_time*90*1.5-120)*2", 0]
				}
			}
		},
		"animation.eelektross.ground_walk": {
			"loop": true,
			"animation_length": 1,
			"bones": {
				"body": {
					"rotation": [-87.5, "-0 +math.cos(q.anim_time*90*4-0)*-4", 0],
					"position": {
						"0.0": [0, 6.25, 0],
						"0.25": {
							"pre": [0, 7.25, 0],
							"post": [0, 7.25, 0],
							"lerp_mode": "catmullrom"
						},
						"0.5": {
							"post": [0, 6.25, 0],
							"lerp_mode": "catmullrom"
						},
						"0.75": {
							"post": [0, 7.25, 0],
							"lerp_mode": "catmullrom"
						},
						"1.0": [0, 6.25, 0]
					}
				},
				"neck": {
					"rotation": ["16+math.cos(q.anim_time*90*8-60)*1", 0, 0]
				},
				"neck2": {
					"rotation": ["46.5+math.cos(q.anim_time*90*8-90)*1.5", 0, 0]
				},
				"head": {
					"rotation": [45.625, 0, 0]
				},
				"segment1": {
					"rotation": [-5, 0, 0]
				},
				"segment3": {
					"rotation": [52.5, 0, 0]
				},
				"segment4": {
					"rotation": ["19.5+math.cos(q.anim_time*90*8-60)*-1", "-0+math.cos(q.anim_time*90*4-60)*-2", 0]
				},
				"segment5": {
					"rotation": ["8+math.cos(q.anim_time*90*8-120)*-2", "-0+math.cos(q.anim_time*90*4-120)*-4", 0]
				},
				"segment2": {
					"rotation": [27.5, 0, 0]
				},
				"segment6": {
					"rotation": ["9+math.cos(q.anim_time*90*8-180)*-4", "-0+math.cos(q.anim_time*90*4-180)*-8", 0]
				},
				"segment7": {
					"rotation": ["10+math.cos(q.anim_time*90*8-240)*-6.5", "-0+math.cos(q.anim_time*90*4-240)*-12", 0]
				},
				"segment8": {
					"rotation": ["10+math.cos(q.anim_time*90*8-300)*-12", "-0+math.cos(q.anim_time*90*4-300)*-18", 0]
				},
				"arms": {
					"rotation": [77.5, 0, 0]
				},
				"arm_left": {
					"rotation": [0, "-0.5-math.cos(q.anim_time*90*4-0)*-12", 45.5]
				},
				"arm_left2": {
					"rotation": [0, 30, -12.5]
				},
				"arm_left3": {
					"rotation": [0, "27.5-math.cos(q.anim_time*90*4-90)*-6", 20]
				},
				"hand_left": {
					"rotation": [0, 20, 25]
				},
				"legs": {
					"rotation": [15, 0, 0]
				},
				"arm_right": {
					"rotation": [0, "0.5+math.cos(q.anim_time*90*4-0)*12", -45.5]
				},
				"arm_right2": {
					"rotation": [0, -30, 12.5]
				},
				"arm_right3": {
					"rotation": [0, "-27.5+math.cos(q.anim_time*90*4-90)*6", -20]
				},
				"hand_right": {
					"rotation": [0, -20, -25]
				},
				"leg_left": {
					"rotation": {
						"0.0": [8.16782, -17.12361, -35.25981],
						"0.1667": {
							"pre": [-15.04352, 15.04261, -72.18022],
							"post": [-15.04352, 15.04261, -72.18022],
							"lerp_mode": "catmullrom"
						},
						"0.3333": {
							"post": [-65.2034, 24.48205, -84.35393],
							"lerp_mode": "catmullrom"
						},
						"0.5": [-46.82018, 42.32178, -56.24567],
						"0.75": [-15.98835, 21.92743, -32.38584],
						"1.0": [8.16782, -17.12361, -35.25981]
					},
					"position": {
						"0.0": [0, 0, 2.2],
						"0.25": [0, 0.6, 0.8],
						"0.5": [0, 0, -1.2],
						"1.0": [0, 0, 2.2]
					}
				},
				"leg_left2": {
					"rotation": {
						"0.0": [0, 0, -52],
						"0.1667": {
							"pre": [0, 0, -9],
							"post": [0, 0, -9],
							"lerp_mode": "catmullrom"
						},
						"0.375": {
							"post": [0, 0, -39.27],
							"lerp_mode": "catmullrom"
						},
						"0.5": [0, 0, -51.5],
						"0.5833": [0, 0, -49.67],
						"0.625": [0, 0, -45.45],
						"0.6667": [0, 0, -43.59],
						"0.7083": [0, 0, -42.42],
						"0.75": [0, 0, -44],
						"0.7917": [0, 0, -40.33],
						"0.8333": [0, 0, -42.2],
						"0.875": [0, 0, -44],
						"0.9167": [0, 0, -45.75],
						"1.0": [0, 0, -52]
					}
				},
				"leg_left3": {
					"rotation": {
						"0.0": [0, 0, -5.5],
						"0.2083": {
							"pre": [0, 0, 18.25],
							"post": [0, 0, 18.25],
							"lerp_mode": "catmullrom"
						},
						"0.4167": {
							"post": [0, 0, -25.53],
							"lerp_mode": "catmullrom"
						},
						"0.5": [0, 0, -3],
						"0.5833": [0, 0, -4.75],
						"0.625": [0, 0, -10.75],
						"0.6667": [0, 0, -12.63],
						"0.7083": [0, 0, -13.57],
						"0.75": [-0.07412, -0.29242, -14.98155],
						"0.7917": [0, 0, -20],
						"0.8333": [0, 0, -14.5],
						"0.875": [0, 0, -10.75],
						"0.9167": [0, 0, -10.67],
						"1.0": [0, 0, -5.5]
					}
				},
				"leg_right": {
					"rotation": {
						"0.0": [-46.82018, -42.32178, 56.24567],
						"0.25": [-15.98835, -21.92743, 32.38584],
						"0.5": [8.16782, 17.12361, 35.25981],
						"0.6667": {
							"pre": [-15.04352, -15.04261, 72.18022],
							"post": [-15.04352, -15.04261, 72.18022],
							"lerp_mode": "catmullrom"
						},
						"0.8333": {
							"post": [-65.2034, -24.48205, 84.35393],
							"lerp_mode": "catmullrom"
						},
						"1.0": [-46.82018, -42.32178, 56.24567]
					},
					"position": {
						"0.0": [0, 0, -1.2],
						"0.5": [0, 0, 2.2],
						"0.75": [0, 0.6, 0.8],
						"1.0": [0, 0, -1.2]
					}
				},
				"leg_right2": {
					"rotation": {
						"0.0": [0, 0, 51.5],
						"0.0833": [0, 0, 49.67],
						"0.125": [0, 0, 45.45],
						"0.1667": [0, 0, 43.59],
						"0.2083": [0, 0, 42.42],
						"0.25": [0, 0, 44],
						"0.2917": [0, 0, 40.33],
						"0.3333": [0, 0, 42.2],
						"0.375": [0, 0, 44],
						"0.4167": [0, 0, 45.75],
						"0.5": [0, 0, 52],
						"0.6667": {
							"pre": [0, 0, 9],
							"post": [0, 0, 9],
							"lerp_mode": "catmullrom"
						},
						"0.875": {
							"post": [0, 0, 39.27],
							"lerp_mode": "catmullrom"
						},
						"1.0": [0, 0, 51.5]
					}
				},
				"leg_right3": {
					"rotation": {
						"0.0": [0, 0, 3],
						"0.0833": [0, 0, 4.75],
						"0.125": [0, 0, 10.75],
						"0.1667": [0, 0, 12.63],
						"0.2083": [0, 0, 13.57],
						"0.25": [-0.07412, 0.29242, 14.98155],
						"0.2917": [0, 0, 20],
						"0.3333": [0, 0, 14.5],
						"0.375": [0, 0, 10.75],
						"0.4167": [0, 0, 10.67],
						"0.5": [0, 0, 5.5],
						"0.7083": {
							"pre": [0, 0, -18.25],
							"post": [0, 0, -18.25],
							"lerp_mode": "catmullrom"
						},
						"0.9167": {
							"post": [0, 0, 25.53],
							"lerp_mode": "catmullrom"
						},
						"1.0": [0, 0, 3]
					}
				},
				"head_fin": {
					"rotation": [-5, 1.73205, 0]
				},
				"head_fin2": {
					"rotation": ["-35+math.cos(q.anim_time*90*8-60)*-2", "-0+math.cos(q.anim_time*90*4-60)*-2", 0]
				},
				"head_fin3": {
					"rotation": ["7.5+math.cos(q.anim_time*90*8-120)*-4", "-0+math.cos(q.anim_time*90*4-120)*-4", 0]
				},
				"head_fin5": {
					"rotation": ["-5+math.cos(q.anim_time*90*8-240)*-12", 0, 0]
				},
				"head_fin4": {
					"rotation": ["10+math.cos(q.anim_time*90*8-180)*-6", "-0+math.cos(q.anim_time*90*4-180)*-6", 0]
				},
				"head_fin_bottom2": {
					"rotation": ["10+math.cos(q.anim_time*90*8-120)*-3", "-0+math.cos(q.anim_time*90*4-120)*-3", 0]
				},
				"head_fin_bottom3": {
					"rotation": ["12.5+math.cos(q.anim_time*90*8-180)*-6", "-0+math.cos(q.anim_time*90*4-180)*-6", 0]
				},
				"head_fin_bottom1": {
					"rotation": [-2.5, 0, 0]
				},
				"back_fin1": {
					"rotation": [0, 0, 0],
					"position": [0, 0, -0.5]
				},
				"head_detail_left1": {
					"position": [0, -0.5, 0]
				},
				"head_detail_right1": {
					"position": [0, -0.5, 0]
				},
				"head_detail_left2": {
					"position": [0, 0, 1]
				},
				"head_detail_right2": {
					"position": [0, 0, 1]
				},
				"head2": {
					"rotation": [0, 0, 0]
				},
				"mouth": {
					"scale": 1
				},
				"teeth_top_left": {
					"rotation": [-1, -1, 0]
				},
				"teeth_top_right": {
					"rotation": [-1, 1, 0]
				},
				"teeth_bottom_left": {
					"rotation": [1, -1, 0]
				},
				"teeth_bottom_right": {
					"rotation": [1, 1, 0]
				}
			}
		},
		"animation.eelektross.air_idle": {
			"loop": true,
			"bones": {
				"body": {
					"rotation": ["-15-math.cos(q.anim_time*90*2+60)*-0.75", 0, 0],
					"position": ["-0-math.cos(q.anim_time*90*1-0)*0.45", "4.5+math.cos(q.anim_time*90*2-0)*0.75", "0+math.cos(q.anim_time*90*1-0)*0.45"]
				},
				"neck": {
					"rotation": ["-20.5-math.cos(q.anim_time*90*2-0)*-1", 0, 0]
				},
				"neck2": {
					"rotation": ["27.5-math.cos(q.anim_time*90*2+30)*-1.25", 0, 0]
				},
				"head": {
					"rotation": ["20-math.cos(q.anim_time*90*2+120)*-1", 0, 0]
				},
				"segment1": {
					"rotation": ["-25.5-math.cos(q.anim_time*90*2-0)*1", 0, 0]
				},
				"segment3": {
					"rotation": ["27.5-math.cos(q.anim_time*90*2-120)*1.5", 0, 0]
				},
				"segment4": {
					"rotation": ["7.5-math.cos(q.anim_time*90*2-180)*1", 0, 0]
				},
				"segment5": {
					"rotation": ["-10.25-math.cos(q.anim_time*90*2-210)*1", 0, 0]
				},
				"segment2": {
					"rotation": ["30-math.cos(q.anim_time*90*2-60)*1.25", 0, 0]
				},
				"segment6": {
					"rotation": ["-17.5-math.cos(q.anim_time*90*2-240)*2", 0, 0]
				},
				"segment7": {
					"rotation": ["-25-math.cos(q.anim_time*90*2-300)*3", 0, 0]
				},
				"segment8": {
					"rotation": ["-12.5-math.cos(q.anim_time*90*2-360)*4", 0, 0]
				},
				"arms": {
					"rotation": [77.5, 0, 0]
				},
				"arm_left": {
					"rotation": [8.5, "6.25+math.cos(q.anim_time*90*2-0)*-1", "30-math.cos(q.anim_time*90*2-0)*-2"]
				},
				"arm_left2": {
					"rotation": [5, 16.5, -10.5]
				},
				"arm_left3": {
					"rotation": [-25.5, "35+math.cos(q.anim_time*90*2-60)*-3", -14.75]
				},
				"hand_left": {
					"rotation": [0, 25, -7.5]
				},
				"legs": {
					"rotation": [15, 0, 0]
				},
				"arm_right": {
					"rotation": [8.5, "-6.25-math.cos(q.anim_time*90*2-0)*-1", "-30+math.cos(q.anim_time*90*2-0)*-2"]
				},
				"arm_right2": {
					"rotation": [5, -16.5, 10.5]
				},
				"arm_right3": {
					"rotation": [-25.5, "-35-math.cos(q.anim_time*90*2-60)*-3", 14.75]
				},
				"hand_right": {
					"rotation": [0, -25, 7.5]
				},
				"leg_left": {
					"rotation": [-22.5, 0, "-47.5+math.cos(q.anim_time*90*2-60)*-2"]
				},
				"leg_left2": {
					"rotation": [0, 0, "13.5+math.cos(q.anim_time*90*2-120)*-5"]
				},
				"leg_left3": {
					"rotation": [0, 0, "30+math.cos(q.anim_time*90*2-180)*-6"]
				},
				"leg_right": {
					"rotation": [-22.5, 0, "47.5-math.cos(q.anim_time*90*2-60)*-2"]
				},
				"leg_right2": {
					"rotation": [0, 0, "-13.5-math.cos(q.anim_time*90*2-120)*-5"]
				},
				"leg_right3": {
					"rotation": [0, 0, "-30-math.cos(q.anim_time*90*2-180)*-6"]
				},
				"head_fin": {
					"rotation": [-5, 0, 0]
				},
				"head_fin2": {
					"rotation": ["12.5-math.cos(q.anim_time*90*2-60)*1", 0, 0]
				},
				"head_fin3": {
					"rotation": ["-25-math.cos(q.anim_time*90*2-120)*2", 0, 0]
				},
				"head_fin5": {
					"rotation": ["-20-math.cos(q.anim_time*90*2-240)*8", 0, 0]
				},
				"head_fin4": {
					"rotation": ["15-math.cos(q.anim_time*90*2-180)*4", 0, 0]
				},
				"head_fin_bottom2": {
					"rotation": ["-30-math.cos(q.anim_time*90*2-120)*2", 0, 0]
				},
				"head_fin_bottom3": {
					"rotation": ["20-math.cos(q.anim_time*90*2-180)*4", 0, 0],
					"position": [0, 0, -1]
				},
				"finger_side_left": {
					"rotation": [0, 0, -25]
				},
				"finger_front_left": {
					"rotation": [-27.5, 0, 0]
				},
				"finger_back_left": {
					"rotation": [30, 0, 0]
				},
				"finger_side_right": {
					"rotation": [0, 0, 25]
				},
				"finger_front_right": {
					"rotation": [-27.5, 0, 0]
				},
				"finger_back_right": {
					"rotation": [30, 0, 0]
				},
				"head_fin_bottom1": {
					"rotation": [2.5, 0, 0]
				},
				"head2": {
					"rotation": [-15, 0, 0]
				},
				"eye_base_left": {
					"rotation": [5, 0, 0]
				},
				"eye_base_left2": {
					"rotation": [10, 0, 0]
				},
				"back_fin1": {
					"rotation": [0, 0, 0]
				},
				"back_fin6": {
					"rotation": [0, 12.5, 0]
				},
				"head_detail_left1": {
					"position": [0, 0, -0.5]
				},
				"head_detail_right1": {
					"position": [0, 0, -0.5]
				},
				"head_detail_left2": {
					"position": [0, 0, -1]
				},
				"head_detail_right2": {
					"position": [0, 0, -1]
				},
				"eye_base_right": {
					"rotation": [5, 0, 0]
				},
				"eye_base_right2": {
					"rotation": [10, 0, 0]
				}
			}
		},
		"animation.eelektross.air_fly": {
			"loop": true,
			"bones": {
				"body": {
					"rotation": ["-10+math.cos(q.anim_time*90*3-0)*-2", "-0+math.cos(q.anim_time*90*3/2+90)*6", 0],
					"position": ["-0+math.cos(q.anim_time*90*3/2-30)*-2", "4.5-math.cos(q.anim_time*90*3+30)*-2", "0-math.cos(q.anim_time*90*3+30)*1"]
				},
				"neck": {
					"rotation": ["-12.5+math.cos(q.anim_time*90*3-30)*-6", "-0+math.cos(q.anim_time*90*3/2+120)*3", 0]
				},
				"neck2": {
					"rotation": ["15+math.cos(q.anim_time*90*3-0)*-7.5", "-0+math.cos(q.anim_time*90*3/2+180)*6", 0]
				},
				"head": {
					"rotation": ["16.5+math.cos(q.anim_time*90*3+120)*-8", "-0+math.cos(q.anim_time*90*3/2+270)*4", 0]
				},
				"segment1": {
					"rotation": ["-5+math.cos(q.anim_time*90*3+120)*4", 0, 0]
				},
				"segment3": {
					"rotation": ["10+math.cos(q.anim_time*90*3-0)*14", "-0+math.cos(q.anim_time*90*3/2+30)*6", 0]
				},
				"segment4": {
					"rotation": ["5+math.cos(q.anim_time*90*3-30)*8", "-0+math.cos(q.anim_time*90*3/2-30)*8", 0]
				},
				"segment5": {
					"rotation": ["2+math.cos(q.anim_time*90*3-120)*14", "-0+math.cos(q.anim_time*90*3/2-60)*16", 0]
				},
				"segment2": {
					"rotation": ["10+math.cos(q.anim_time*90*3+60)*8", "-0+math.cos(q.anim_time*90*3/2+120)*8", 0]
				},
				"segment6": {
					"rotation": ["-0+math.cos(q.anim_time*90*3-180)*-8", "-0+math.cos(q.anim_time*90*3/2-30)*8", 0]
				},
				"segment7": {
					"rotation": ["-0+math.cos(q.anim_time*90*3-240)*-16", "-0+math.cos(q.anim_time*90*3/2-90)*12", 0]
				},
				"segment8": {
					"rotation": ["-0+math.cos(q.anim_time*90*3-300)*-24", "-0+math.cos(q.anim_time*90*3/2-90)*24", 0]
				},
				"arms": {
					"rotation": [77.5, 0, 0]
				},
				"arm_left": {
					"rotation": [10.85, "-7.6-math.cos(q.anim_time*90*3-60)*12", 55]
				},
				"arm_left2": {
					"rotation": [17.01333, "-10.65-math.cos(q.anim_time*90*3-120)*6", -13.39364]
				},
				"arm_left3": {
					"rotation": [-4.65468, "-8.86042-math.cos(q.anim_time*90*3-240)*12", 15.36082]
				},
				"hand_left": {
					"rotation": [-8.73739, -12.2403, 28.43866]
				},
				"legs": {
					"rotation": [15, 0, 0]
				},
				"arm_right": {
					"rotation": [10.85, "7.6+math.cos(q.anim_time*90*3-60)*12", -55]
				},
				"arm_right2": {
					"rotation": [17.01333, "10.65+math.cos(q.anim_time*90*3-120)*6", 13.39364]
				},
				"arm_right3": {
					"rotation": [-4.65468, "8.86042+math.cos(q.anim_time*90*3-240)*12", -15.36082]
				},
				"hand_right": {
					"rotation": [-8.73739, 12.2403, -28.43866]
				},
				"leg_left": {
					"rotation": [30, 0, "-57.5+math.cos(q.anim_time*90*3-90)*-16"]
				},
				"leg_left2": {
					"rotation": [0, 0, "10.5+math.cos(q.anim_time*90*3-180)*-12"]
				},
				"leg_left3": {
					"rotation": [0, 0, "15+math.cos(q.anim_time*90*3-240)*-32"]
				},
				"leg_right": {
					"rotation": [30, 0, "57.5-math.cos(q.anim_time*90*3-90)*-16"]
				},
				"leg_right2": {
					"rotation": [0, 0, "-10.5-math.cos(q.anim_time*90*3-180)*-12"]
				},
				"leg_right3": {
					"rotation": [0, 0, "-15-math.cos(q.anim_time*90*3-240)*-32"]
				},
				"head_fin": {
					"rotation": [-5, 0, 0]
				},
				"head_fin2": {
					"rotation": ["12.5+math.cos(q.anim_time*90*3+60)*-4", 0, 0]
				},
				"head_fin3": {
					"rotation": ["-22.5+math.cos(q.anim_time*90*3-0)*-7.5", 0, 0]
				},
				"head_fin5": {
					"rotation": ["-20+math.cos(q.anim_time*90*3-120)*-18", 0, 0]
				},
				"head_fin4": {
					"rotation": ["10.5+math.cos(q.anim_time*90*3-90)*-14", 0, 0]
				},
				"head_fin_bottom2": {
					"rotation": ["-30.5+math.cos(q.anim_time*90*3-0)*-7.5", 0, 0]
				},
				"head_fin_bottom3": {
					"rotation": ["20+math.cos(q.anim_time*90*3-90)*-13", 0, 0],
					"position": [0, 0, -1]
				},
				"finger_side_left": {
					"rotation": [0, 0, -25]
				},
				"finger_front_left": {
					"rotation": [-27.5, 0, 0]
				},
				"finger_back_left": {
					"rotation": [30, 0, 0]
				},
				"finger_side_right": {
					"rotation": [0, 0, 25]
				},
				"finger_front_right": {
					"rotation": [-27.5, 0, 0]
				},
				"finger_back_right": {
					"rotation": [30, 0, 0]
				},
				"head_fin_bottom1": {
					"rotation": [2.5, 0, 0]
				},
				"head2": {
					"rotation": [-15, 0, 0]
				},
				"eye_base_left": {
					"rotation": [5, 0, 0]
				},
				"eye_base_left2": {
					"rotation": [10, 0, 0]
				},
				"back_fin1": {
					"rotation": [0, 0, 0]
				},
				"back_fin6": {
					"rotation": [0, 12.5, 0]
				},
				"head_detail_left1": {
					"position": [0, 0, -0.5]
				},
				"head_detail_right1": {
					"position": [0, 0, -0.5]
				},
				"head_detail_left2": {
					"position": [0, 0, -1]
				},
				"head_detail_right2": {
					"position": [0, 0, -1]
				},
				"eye_base_right": {
					"rotation": [5, 0, 0]
				},
				"eye_base_right2": {
					"rotation": [10, 0, 0]
				}
			}
		},
		"animation.eelektross.water_idle": {
			"loop": true,
			"bones": {
				"body": {
					"rotation": ["-15-math.cos(q.anim_time*90*2+60)*-0.75", 0, 0],
					"position": ["-0-math.cos(q.anim_time*90*1-0)*0.45", "4.5+math.cos(q.anim_time*90*2-0)*0.75", "0+math.cos(q.anim_time*90*1-0)*0.45"]
				},
				"neck": {
					"rotation": ["-20.5-math.cos(q.anim_time*90*2-0)*-1", 0, 0]
				},
				"neck2": {
					"rotation": ["27.5-math.cos(q.anim_time*90*2+30)*-1.25", 0, 0]
				},
				"head": {
					"rotation": ["20-math.cos(q.anim_time*90*2+120)*-1", 0, 0]
				},
				"segment1": {
					"rotation": ["-25.5-math.cos(q.anim_time*90*2-0)*1", 0, 0]
				},
				"segment3": {
					"rotation": ["27.5-math.cos(q.anim_time*90*2-120)*1.5", 0, 0]
				},
				"segment4": {
					"rotation": ["7.5-math.cos(q.anim_time*90*2-180)*1", 0, 0]
				},
				"segment5": {
					"rotation": ["-10.25-math.cos(q.anim_time*90*2-210)*1", 0, 0]
				},
				"segment2": {
					"rotation": ["30-math.cos(q.anim_time*90*2-60)*1.25", 0, 0]
				},
				"segment6": {
					"rotation": ["-17.5-math.cos(q.anim_time*90*2-240)*2", 0, 0]
				},
				"segment7": {
					"rotation": ["-25-math.cos(q.anim_time*90*2-300)*3", 0, 0]
				},
				"segment8": {
					"rotation": ["-12.5-math.cos(q.anim_time*90*2-360)*4", 0, 0]
				},
				"arms": {
					"rotation": [77.5, 0, 0]
				},
				"arm_left": {
					"rotation": [8.5, "6.25+math.cos(q.anim_time*90*2-0)*-1", "30-math.cos(q.anim_time*90*2-0)*-2"]
				},
				"arm_left2": {
					"rotation": [5, 16.5, -10.5]
				},
				"arm_left3": {
					"rotation": [-25.5, "35+math.cos(q.anim_time*90*2-60)*-3", -14.75]
				},
				"hand_left": {
					"rotation": [0, 25, -7.5]
				},
				"legs": {
					"rotation": [15, 0, 0]
				},
				"arm_right": {
					"rotation": [8.5, "-6.25-math.cos(q.anim_time*90*2-0)*-1", "-30+math.cos(q.anim_time*90*2-0)*-2"]
				},
				"arm_right2": {
					"rotation": [5, -16.5, 10.5]
				},
				"arm_right3": {
					"rotation": [-25.5, "-35-math.cos(q.anim_time*90*2-60)*-3", 14.75]
				},
				"hand_right": {
					"rotation": [0, -25, 7.5]
				},
				"leg_left": {
					"rotation": [-22.5, 0, "-47.5+math.cos(q.anim_time*90*2-60)*-2"]
				},
				"leg_left2": {
					"rotation": [0, 0, "13.5+math.cos(q.anim_time*90*2-120)*-5"]
				},
				"leg_left3": {
					"rotation": [0, 0, "30+math.cos(q.anim_time*90*2-180)*-6"]
				},
				"leg_right": {
					"rotation": [-22.5, 0, "47.5-math.cos(q.anim_time*90*2-60)*-2"]
				},
				"leg_right2": {
					"rotation": [0, 0, "-13.5-math.cos(q.anim_time*90*2-120)*-5"]
				},
				"leg_right3": {
					"rotation": [0, 0, "-30-math.cos(q.anim_time*90*2-180)*-6"]
				},
				"head_fin": {
					"rotation": [-5, 0, 0]
				},
				"head_fin2": {
					"rotation": ["12.5-math.cos(q.anim_time*90*2-60)*1", 0, 0]
				},
				"head_fin3": {
					"rotation": ["-25-math.cos(q.anim_time*90*2-120)*2", 0, 0]
				},
				"head_fin5": {
					"rotation": ["-20-math.cos(q.anim_time*90*2-240)*8", 0, 0]
				},
				"head_fin4": {
					"rotation": ["15-math.cos(q.anim_time*90*2-180)*4", 0, 0]
				},
				"head_fin_bottom2": {
					"rotation": ["-30-math.cos(q.anim_time*90*2-120)*2", 0, 0]
				},
				"head_fin_bottom3": {
					"rotation": ["20-math.cos(q.anim_time*90*2-180)*4", 0, 0],
					"position": [0, 0, -1]
				},
				"finger_side_left": {
					"rotation": [0, 0, -25]
				},
				"finger_front_left": {
					"rotation": [-27.5, 0, 0]
				},
				"finger_back_left": {
					"rotation": [30, 0, 0]
				},
				"finger_side_right": {
					"rotation": [0, 0, 25]
				},
				"finger_front_right": {
					"rotation": [-27.5, 0, 0]
				},
				"finger_back_right": {
					"rotation": [30, 0, 0]
				},
				"head_fin_bottom1": {
					"rotation": [2.5, 0, 0]
				},
				"head2": {
					"rotation": [-15, 0, 0]
				},
				"eye_base_left": {
					"rotation": [5, 0, 0]
				},
				"eye_base_left2": {
					"rotation": [10, 0, 0]
				},
				"back_fin1": {
					"rotation": [0, 0, 0]
				},
				"back_fin6": {
					"rotation": [0, 12.5, 0]
				},
				"head_detail_left1": {
					"position": [0, 0, -0.5]
				},
				"head_detail_right1": {
					"position": [0, 0, -0.5]
				},
				"head_detail_left2": {
					"position": [0, 0, -1]
				},
				"head_detail_right2": {
					"position": [0, 0, -1]
				},
				"eye_base_right": {
					"rotation": [5, 0, 0]
				},
				"eye_base_right2": {
					"rotation": [10, 0, 0]
				}
			}
		},
		"animation.eelektross.water_swim": {
			"loop": true,
			"bones": {
				"body": {
					"rotation": ["-10+math.cos(q.anim_time*90*3-0)*-2", "-0+math.cos(q.anim_time*90*3/2+90)*6", 0],
					"position": ["-0+math.cos(q.anim_time*90*3/2-30)*-2", "4.5-math.cos(q.anim_time*90*3+30)*-2", "0-math.cos(q.anim_time*90*3+30)*1"]
				},
				"neck": {
					"rotation": ["-12.5+math.cos(q.anim_time*90*3-30)*-6", "-0+math.cos(q.anim_time*90*3/2+60)*4", 0]
				},
				"neck2": {
					"rotation": ["15+math.cos(q.anim_time*90*3-0)*-7.5", "-0+math.cos(q.anim_time*90*3/2+180)*8", 0]
				},
				"head": {
					"rotation": ["16.5+math.cos(q.anim_time*90*3+120)*-8", "-0+math.cos(q.anim_time*90*3/2+270)*4", 0]
				},
				"segment1": {
					"rotation": ["-5+math.cos(q.anim_time*90*3+120)*4", 0, 0]
				},
				"segment3": {
					"rotation": ["10+math.cos(q.anim_time*90*3-0)*14", "-0+math.cos(q.anim_time*90*3/2+30)*6", 0]
				},
				"segment4": {
					"rotation": ["5+math.cos(q.anim_time*90*3-30)*8", "-0+math.cos(q.anim_time*90*3/2-30)*8", 0]
				},
				"segment5": {
					"rotation": ["2+math.cos(q.anim_time*90*3-120)*14", "-0+math.cos(q.anim_time*90*3/2-60)*16", 0]
				},
				"segment2": {
					"rotation": ["10+math.cos(q.anim_time*90*3+60)*8", "-0+math.cos(q.anim_time*90*3/2+120)*8", 0]
				},
				"segment6": {
					"rotation": ["-0+math.cos(q.anim_time*90*3-180)*-8", "-0+math.cos(q.anim_time*90*3/2-30)*8", 0]
				},
				"segment7": {
					"rotation": ["-0+math.cos(q.anim_time*90*3-240)*-16", "-0+math.cos(q.anim_time*90*3/2-90)*12", 0]
				},
				"segment8": {
					"rotation": ["-0+math.cos(q.anim_time*90*3-300)*-24", "-0+math.cos(q.anim_time*90*3/2-90)*24", 0]
				},
				"arms": {
					"rotation": [77.5, 0, 0]
				},
				"arm_left": {
					"rotation": [10.85, "-7.6-math.cos(q.anim_time*90*3-60)*12", 55]
				},
				"arm_left2": {
					"rotation": [17.01333, "-10.65-math.cos(q.anim_time*90*3-120)*6", -13.39364]
				},
				"arm_left3": {
					"rotation": [-4.65468, "-8.86042-math.cos(q.anim_time*90*3-240)*12", 15.36082]
				},
				"hand_left": {
					"rotation": [-8.73739, -12.2403, 28.43866]
				},
				"legs": {
					"rotation": [15, 0, 0]
				},
				"arm_right": {
					"rotation": [10.85, "7.6+math.cos(q.anim_time*90*3-60)*12", -55]
				},
				"arm_right2": {
					"rotation": [17.01333, "10.65+math.cos(q.anim_time*90*3-120)*6", 13.39364]
				},
				"arm_right3": {
					"rotation": [-4.65468, "8.86042+math.cos(q.anim_time*90*3-240)*12", -15.36082]
				},
				"hand_right": {
					"rotation": [-8.73739, 12.2403, -28.43866]
				},
				"leg_left": {
					"rotation": [30, 0, "-57.5+math.cos(q.anim_time*90*3-90)*-16"]
				},
				"leg_left2": {
					"rotation": [0, 0, "10.5+math.cos(q.anim_time*90*3-180)*-12"]
				},
				"leg_left3": {
					"rotation": [0, 0, "15+math.cos(q.anim_time*90*3-240)*-32"]
				},
				"leg_right": {
					"rotation": [30, 0, "57.5-math.cos(q.anim_time*90*3-90)*-16"]
				},
				"leg_right2": {
					"rotation": [0, 0, "-10.5-math.cos(q.anim_time*90*3-180)*-12"]
				},
				"leg_right3": {
					"rotation": [0, 0, "-15-math.cos(q.anim_time*90*3-240)*-32"]
				},
				"head_fin": {
					"rotation": [-5, 0, 0]
				},
				"head_fin2": {
					"rotation": ["12.5+math.cos(q.anim_time*90*3+60)*-4", 0, 0]
				},
				"head_fin3": {
					"rotation": ["-22.5+math.cos(q.anim_time*90*3-0)*-7.5", 0, 0]
				},
				"head_fin5": {
					"rotation": ["-20+math.cos(q.anim_time*90*3-120)*-18", 0, 0]
				},
				"head_fin4": {
					"rotation": ["10.5+math.cos(q.anim_time*90*3-90)*-14", 0, 0]
				},
				"head_fin_bottom2": {
					"rotation": ["-30.5+math.cos(q.anim_time*90*3-0)*-7.5", 0, 0]
				},
				"head_fin_bottom3": {
					"rotation": ["20+math.cos(q.anim_time*90*3-90)*-13", 0, 0],
					"position": [0, 0, -1]
				},
				"finger_side_left": {
					"rotation": [0, 0, -25]
				},
				"finger_front_left": {
					"rotation": [-27.5, 0, 0]
				},
				"finger_back_left": {
					"rotation": [30, 0, 0]
				},
				"finger_side_right": {
					"rotation": [0, 0, 25]
				},
				"finger_front_right": {
					"rotation": [-27.5, 0, 0]
				},
				"finger_back_right": {
					"rotation": [30, 0, 0]
				},
				"head_fin_bottom1": {
					"rotation": [2.5, 0, 0]
				},
				"head2": {
					"rotation": [-15, 0, 0]
				},
				"eye_base_left": {
					"rotation": [5, 0, 0]
				},
				"eye_base_left2": {
					"rotation": [10, 0, 0]
				},
				"back_fin1": {
					"rotation": [0, 0, 0]
				},
				"back_fin6": {
					"rotation": [0, 12.5, 0]
				},
				"head_detail_left1": {
					"position": [0, 0, -0.5]
				},
				"head_detail_right1": {
					"position": [0, 0, -0.5]
				},
				"head_detail_left2": {
					"position": [0, 0, -1]
				},
				"head_detail_right2": {
					"position": [0, 0, -1]
				},
				"eye_base_right": {
					"rotation": [5, 0, 0]
				},
				"eye_base_right2": {
					"rotation": [10, 0, 0]
				}
			}
		},
		"animation.eelektross.blink": {
			"animation_length": 0.1667,
			"bones": {
				"eyelid_left": {
					"position": {
						"0.0": [0.1, 0, 0],
						"0.125": [0.1, 0, 0],
						"0.1667": [0, 0, 0]
					}
				},
				"eyelid_right": {
					"position": {
						"0.0": [-0.1, 0, 0],
						"0.125": [-0.1, 0, 0],
						"0.1667": [0, 0, 0]
					}
				}
			}
		},
		"animation.eelektross.shock": {
			"loop": true,
			"bones": {
				"pupil_left": {
					"position": [0, -0.25, 0.25],
					"scale": [1, 0.7, 0.7]
				},
				"pupil_right": {
					"position": [0, -0.25, 0.25],
					"scale": [1, 0.7, 0.7]
				}
			}
		},
		"animation.eelektross.angry": {
			"loop": true,
			"bones": {
				"pupil_left": {
					"position": [0, -0.25, 0]
				},
				"eye_expression_left": {
					"position": [0.1, 0.5, -0.5]
				},
				"eye_expression_right": {
					"position": [-0.1, 0.5, -0.5]
				},
				"pupil_right": {
					"position": [0, -0.25, 0]
				}
			}
		},
		"animation.eelektross.sad": {
			"loop": true,
			"bones": {
				"eye_expression_left": {
					"position": [0.1, 0.5, 0.5]
				},
				"eye_expression_right": {
					"position": [-0.1, 0.5, 0.5]
				}
			}
		},
		"animation.eelektross.happy": {
			"loop": true,
			"bones": {
				"eyelid_happy_left": {
					"position": [0.1, 0, 0]
				},
				"eyelid_happy_right": {
					"position": [-0.1, 0, 0]
				}
			}
		},
		"animation.eelektross.hurt": {
			"loop": true,
			"bones": {
				"eyelid_hurt_left": {
					"position": [0.1, 0, 0]
				},
				"eyelid_hurt_right": {
					"position": [-0.1, 0, 0]
				}
			}
		},
		"animation.eelektross.cry": {
			"animation_length": 1.6667,
			"bones": {
				"head": {
					"rotation": {
						"0.0": [0, 0, 0],
						"0.25": {
							"pre": [-2.5, 0, 0],
							"post": [-2.5, 0, 0],
							"lerp_mode": "catmullrom"
						},
						"1.0417": {
							"post": [-5, 0, 0],
							"lerp_mode": "catmullrom"
						},
						"1.5417": [0, 0, 0]
					}
				},
				"head2": {
					"rotation": {
						"0.0": [0, 0, 0],
						"0.125": {
							"pre": [4.5, 0, 0],
							"post": [4.5, 0, 0],
							"lerp_mode": "catmullrom"
						},
						"0.2917": {
							"post": [-2.5, 0, 0],
							"lerp_mode": "catmullrom"
						},
						"1.125": {
							"post": [-5, 0, 0],
							"lerp_mode": "catmullrom"
						},
						"1.6667": [0, 0, 0]
					}
				},
				"eyelid_left": {
					"position": {
						"0.0": [0, 0, 0],
						"0.0833": {"pre": [0, 0, 0], "post": [0, 0, 0]},
						"0.125": {"pre": [0, 0, 0], "post": [0.1, 0, 0]},
						"0.2083": {"pre": [0.1, 0, 0], "post": [0.1, 0, 0]},
						"0.25": {"pre": [0.1, 0, 0], "post": [0, 0, 0]}
					}
				},
				"eyelid_right": {
					"position": {
						"0.0": [0, 0, 0],
						"0.0833": {"pre": [0, 0, 0], "post": [0, 0, 0]},
						"0.125": {"pre": [0, 0, 0], "post": [-0.1, 0, 0]},
						"0.2083": {"pre": [-0.1, 0, 0], "post": [-0.1, 0, 0]},
						"0.25": {"pre": [-0.1, 0, 0], "post": [0, 0, 0]}
					}
				},
				"mouth": {
					"scale": {
						"0.0": [1, 1, 1],
						"0.125": {
							"pre": [0.9, 0.9, 1],
							"post": [0.9, 0.9, 1],
							"lerp_mode": "catmullrom"
						},
						"0.2917": {
							"post": [1.05, 1.05, 1.05],
							"lerp_mode": "catmullrom"
						},
						"0.7083": {
							"post": ["1.075+math.cos(q.anim_time*90*42-0)*-0.015", "1.075+math.cos(q.anim_time*90*42-0)*-0.015", "1.075+math.cos(q.anim_time*90*42-0)*-0.015"],
							"lerp_mode": "catmullrom"
						},
						"1.0833": {
							"post": ["1.075+math.cos(q.anim_time*90*42-0)*-0.01", "1.075+math.cos(q.anim_time*90*42-0)*-0.01", "1.075+math.cos(q.anim_time*90*42-0)*-0.01"],
							"lerp_mode": "catmullrom"
						},
						"1.4583": [1, 1, 1]
					}
				},
				"teeth_top_left": {
					"rotation": {
						"0.0": [0, 0, 0],
						"0.2083": {
							"pre": [2.5, 5, 0],
							"post": [2.5, 5, 0],
							"lerp_mode": "catmullrom"
						},
						"0.375": {
							"post": [-6, -6, 0],
							"lerp_mode": "catmullrom"
						},
						"1.1667": {
							"post": [-9, -9, 0],
							"lerp_mode": "catmullrom"
						},
						"1.625": [0, 0, 0]
					}
				},
				"teeth_top_right": {
					"rotation": {
						"0.0": [0, 0, 0],
						"0.2083": {
							"pre": [2.5, -5, 0],
							"post": [2.5, -5, 0],
							"lerp_mode": "catmullrom"
						},
						"0.375": {
							"post": [-6, 6, 0],
							"lerp_mode": "catmullrom"
						},
						"1.1667": {
							"post": [-9, 9, 0],
							"lerp_mode": "catmullrom"
						},
						"1.625": [0, 0, 0]
					}
				},
				"teeth_bottom_left": {
					"rotation": {
						"0.0": [0, 0, 0],
						"0.2083": {
							"pre": [-2.5, 5, 0],
							"post": [-2.5, 5, 0],
							"lerp_mode": "catmullrom"
						},
						"0.375": {
							"post": [6, -6, 0],
							"lerp_mode": "catmullrom"
						},
						"1.1667": {
							"post": [9, -9, 0],
							"lerp_mode": "catmullrom"
						},
						"1.625": [0, 0, 0]
					}
				},
				"teeth_bottom_right": {
					"rotation": {
						"0.0": [0, 0, 0],
						"0.2083": {
							"pre": [-2.5, -5, 0],
							"post": [-2.5, -5, 0],
							"lerp_mode": "catmullrom"
						},
						"0.375": {
							"post": [6, 6, 0],
							"lerp_mode": "catmullrom"
						},
						"1.1667": {
							"post": [9, 9, 0],
							"lerp_mode": "catmullrom"
						},
						"1.625": [0, 0, 0]
					}
				}
			},
			"sound_effects": {
				"0.125": {
					"effect": "pokemon.eelektross.cry"
				}
			}
		}
	}
}