{
	"format_version": "1.8.0",
	"animations": {
		"animation.luxio.ground_idle": {
			"loop": true,
			"bones": {
				"ear_right": {
					"rotation": [0, 0, "-22.5-math.cos(q.anim_time*90*2-150)*-4"]
				},
				"ear_left": {
					"rotation": [0, 0, "22.5+math.cos(q.anim_time*90*2-150)*-4"]
				},
				"cheek_fluff_left": {
					"rotation": [0, 0, "22.5+math.cos(q.anim_time*90*2-120)*-1.5"]
				},
				"cheek_fluff_right": {
					"rotation": [0, 0, "-22.5-math.cos(q.anim_time*90*2-120)*-1.5"]
				},
				"tail": {
					"rotation": ["20-math.cos(q.anim_time*90*2-60)*6", 0, 0]
				},
				"tail_2": {
					"rotation": ["25-math.cos(q.anim_time*90*2-150)*12", 0, 0]
				},
				"tail_3": {
					"rotation": ["-46.5-math.cos(q.anim_time*90*2-240)*18", 0, 0]
				},
				"tail_4": {
					"rotation": ["-27.5-math.cos(q.anim_time*90*2-330)*22", 0, 0]
				},
				"torso": {
					"rotation": ["-0-math.cos(q.anim_time*90*2-0)*0.5", 0, 0],
					"position": [0, "0+math.cos(q.anim_time*90*2-0)*0.15", 0]
				},
				"neck": {
					"rotation": ["-0-math.cos(q.anim_time*90*2-60)*1.25", 0, 0]
				},
				"head": {
					"rotation": ["-0-math.cos(q.anim_time*90*2-90)*1.5", 0, 0]
				},
				"waist": {
					"position": [0, 0, 0]
				},
				"tail_5": {
					"rotation": ["-0-math.cos(q.anim_time*90*2-400)*24", 0, 0]
				}
			}
		},
		"animation.luxio.ground_walk": {
			"loop": true,
			"animation_length": 1,
			"bones": {
				"ear_right": {
					"rotation": [0, 0, "-22.5-math.cos(q.anim_time*90*8-150)*2"]
				},
				"ear_left": {
					"rotation": [0, 0, "22.5+math.cos(q.anim_time*90*8-150)*2"]
				},
				"cheek_fluff_left": {
					"rotation": [0, 0, "22.5+math.cos(q.anim_time*90*8-120)*3 "]
				},
				"cheek_fluff_right": {
					"rotation": [0, 0, "-22.5-math.cos(q.anim_time*90*8-120)*3 "]
				},
				"tail": {
					"rotation": ["22.5-math.cos(q.anim_time*90*8-60)*1 ", "-0-math.cos(q.anim_time*90*4-60)*2", 0]
				},
				"tail_2": {
					"rotation": ["12.5-math.cos(q.anim_time*90*8-120)*2", "-0-math.cos(q.anim_time*90*4-120)*3 ", 0]
				},
				"tail_3": {
					"rotation": ["-30-math.cos(q.anim_time*90*8-180)*4", "-math.cos(q.anim_time*90*4-180)*5", 0]
				},
				"tail_4": {
					"rotation": ["-30-math.cos(q.anim_time*90*8-240)*8", "-math.cos(q.anim_time*90*4-240)*8", 0]
				},
				"body": {
					"position": {
						"0.0": [0, -0.6, 0],
						"0.125": [0, -0.4, 0],
						"0.25": [0, -0.35, 0],
						"0.375": [0, -0.475, 0],
						"0.5": [0, -0.6, 0],
						"0.625": [0, -0.4, 0],
						"0.75": [0, -0.35, 0],
						"0.875": [0, -0.475, 0],
						"1.0": [0, -0.6, 0]
					}
				},
				"back_leg_right": {
					"rotation": {
						"0.0": [-27.5, 0, 0],
						"0.5": [12.5, 0, 0],
						"0.75": {
							"pre": [0, 0, 0],
							"post": [0, 0, 0],
							"lerp_mode": "catmullrom"
						},
						"1.0": [-27.5, 0, 0]
					},
					"position": [0, 0.075, 0]
				},
				"knee_right": {
					"rotation": {
						"0.0": [27.5, 0, 0],
						"0.5": [-2.5, 0, 0],
						"0.75": {
							"pre": [25, 0, 0],
							"post": [25, 0, 0],
							"lerp_mode": "catmullrom"
						},
						"1.0": [27.5, 0, 0]
					}
				},
				"back_paw_right": {
					"rotation": {
						"0.0": [0, 0, 0],
						"0.5": [-10, 0, 0],
						"0.75": {
							"pre": [-15, 0, 0],
							"post": [-15, 0, 0],
							"lerp_mode": "catmullrom"
						},
						"1.0": [0, 0, 0]
					}
				},
				"back_leg_left": {
					"rotation": {
						"0.0": [12.5, 0, 0],
						"0.25": {
							"pre": [0, 0, 0],
							"post": [0, 0, 0],
							"lerp_mode": "catmullrom"
						},
						"0.5": [-27.5, 0, 0],
						"1.0": [12.5, 0, 0]
					},
					"position": [0, 0.075, 0]
				},
				"knee_left": {
					"rotation": {
						"0.0": [-2.5, 0, 0],
						"0.25": {
							"pre": [25, 0, 0],
							"post": [25, 0, 0],
							"lerp_mode": "catmullrom"
						},
						"0.5": [27.5, 0, 0],
						"1.0": [-2.5, 0, 0]
					}
				},
				"back_paw_left": {
					"rotation": {
						"0.0": [-10, 0, 0],
						"0.25": {
							"pre": [-15, 0, 0],
							"post": [-15, 0, 0],
							"lerp_mode": "catmullrom"
						},
						"0.5": [0, 0, 0],
						"1.0": [-10, 0, 0]
					}
				},
				"front_leg_right": {
					"rotation": {
						"0.0": [17.5, 0, 0],
						"0.25": {
							"pre": [8.75, 0, 0],
							"post": [8.75, 0, 0],
							"lerp_mode": "catmullrom"
						},
						"0.5": [-17.5, 0, 0],
						"1.0": [17.5, 0, 0]
					},
					"position": {
						"0.0": [0, 0, 0],
						"0.5": [0, -0.1, 0],
						"0.75": [0, -0.2, 0],
						"1.0": [0, 0, 0]
					}
				},
				"elbow_right": {
					"rotation": {
						"0.0": [-17.5, 0, 0],
						"0.25": {
							"pre": [-31.25, 0, 0],
							"post": [-31.25, 0, 0],
							"lerp_mode": "catmullrom"
						},
						"0.5": [-7.5, 0, 0],
						"1.0": [-17.5, 0, 0]
					}
				},
				"front_paw_right": {
					"rotation": {
						"0.0": [0, 0, 0],
						"0.1667": {
							"pre": [25, 0, 0],
							"post": [25, 0, 0],
							"lerp_mode": "catmullrom"
						},
						"0.3333": {
							"post": [20.43, 0, 0],
							"lerp_mode": "catmullrom"
						},
						"0.5": [25, 0, 0],
						"1.0": [0, 0, 0]
					},
					"position": {
						"0.0": [0, 0, 0],
						"0.5": [0, 0.2, 0.3],
						"1.0": [0, 0, 0]
					}
				},
				"front_toes_right": {
					"rotation": {
						"0.0": [0, 0, 0],
						"0.25": {
							"pre": [5.56, 0, 0],
							"post": [5.56, 0, 0],
							"lerp_mode": "catmullrom"
						},
						"0.5": [0, 0, 0],
						"1.0": [0, 0, 0]
					}
				},
				"front_leg_left": {
					"rotation": {
						"0.0": [-17.5, 0, 0],
						"0.5": [17.5, 0, 0],
						"0.75": {
							"pre": [8.75, 0, 0],
							"post": [8.75, 0, 0],
							"lerp_mode": "catmullrom"
						},
						"1.0": [-17.5, 0, 0]
					},
					"position": {
						"0.0": [0, -0.1, 0],
						"0.25": [0, -0.2, 0],
						"0.5": [0, 0, 0],
						"1.0": [0, -0.1, 0]
					}
				},
				"elbow_left": {
					"rotation": {
						"0.0": [-7.5, 0, 0],
						"0.5": [-17.5, 0, 0],
						"0.75": {
							"pre": [-31.25, 0, 0],
							"post": [-31.25, 0, 0],
							"lerp_mode": "catmullrom"
						},
						"1.0": [-7.5, 0, 0]
					}
				},
				"front_paw_left": {
					"rotation": {
						"0.0": [25, 0, 0],
						"0.5": [0, 0, 0],
						"0.6667": {
							"pre": [25, 0, 0],
							"post": [25, 0, 0],
							"lerp_mode": "catmullrom"
						},
						"0.8333": {
							"post": [20.43, 0, 0],
							"lerp_mode": "catmullrom"
						},
						"1.0": [25, 0, 0]
					},
					"position": {
						"0.0": [0, 0.2, 0.3],
						"0.5": [0, 0, 0],
						"1.0": [0, 0.2, 0.3]
					}
				},
				"front_toes_left": {
					"rotation": {
						"0.0": [0, 0, 0],
						"0.5": [0, 0, 0],
						"0.75": {
							"pre": [5.56, 0, 0],
							"post": [5.56, 0, 0],
							"lerp_mode": "catmullrom"
						},
						"1.0": [0, 0, 0]
					}
				},
				"neck": {
					"rotation": ["5-math.cos(q.anim_time*90*8-30)*-0.75", 0, 0]
				},
				"head": {
					"rotation": ["-0-math.cos(q.anim_time*90*8-90)*-1.25 ", 0, 0]
				},
				"tail_5": {
					"rotation": ["-15-math.cos(q.anim_time*90*8-300)*12", "-0-math.cos(q.anim_time*90*4-300)*9 ", 0]
				}
			}
		},
		"animation.luxio.sleep": {
			"loop": true,
			"bones": {
				"body": {
					"position": [0, -4.9, 0]
				},
				"back_leg_right": {
					"rotation": [-90, 45, 0],
					"position": [4, 1, 1]
				},
				"knee_right": {
					"rotation": [90, 0, 0],
					"position": [0, 1, 1]
				},
				"back_paw_right": {
					"position": [0, 1, 0]
				},
				"back_leg_left": {
					"rotation": [-90, 45, 0],
					"position": [4, 1, -3]
				},
				"knee_left": {
					"rotation": [90, 0, 0],
					"position": [0, 1, 1]
				},
				"back_paw_left": {
					"position": [0, 1, 0]
				},
				"front_leg_right": {
					"rotation": [-45, 0, 0]
				},
				"elbow_right": {
					"rotation": [-42.73421, -15.69986, -16.32495]
				},
				"front_paw_right": {
					"rotation": [90, 0, 0]
				},
				"front_leg_left": {
					"rotation": [-47.41981, -31.37238, 1.3824]
				},
				"elbow_left": {
					"rotation": [-42.73421, 15.69986, 16.32495]
				},
				"front_paw_left": {
					"rotation": [90, 0, 0]
				},
				"head": {
					"rotation": [-7.5, -22.5, 0],
					"position": [0, -1.25, -1.25]
				},
				"waist": {
					"rotation": ["-0-math.cos(q.anim_time*90*1-0)*-2 ", 45, 0]
				},
				"tail": {
					"rotation": ["-20.5294-math.cos(q.anim_time*90*1-0)*3", 25, 5],
					"position": [0, -0.75, 0]
				},
				"tail_2": {
					"rotation": [32.74459, 65.48376, 24.73858]
				},
				"tail_3": {
					"rotation": ["7.86119-math.cos(q.anim_time*90*1-0)*2", 40.78947, 20.94102]
				},
				"tail_4": {
					"rotation": ["5-math.cos(q.anim_time*90*1-0)*-2 ", 22.5, 0]
				},
				"tail_5": {
					"rotation": [22.5, 0, 0]
				},
				"neck": {
					"rotation": ["22.5-math.cos(q.anim_time*90*1-0)*-3", 0, 0]
				},
				"ear_right": {
					"rotation": [0, 0, -22.5]
				},
				"ear_left": {
					"rotation": [0, 0, 22.5]
				},
				"head_fluff_top": {
					"rotation": [0, 0, -45]
				},
				"eyelid_l": {
					"position": [0, 0.3, -3.1]
				},
				"eyelid_r": {
					"position": [0, 0.3, -2.1]
				},
				"cheek_fluff_left": {
					"rotation": [0, 22.5, 22.5]
				},
				"cheek_fluff_right": {
					"rotation": [22.5, 0, -22.5]
				},
				"eye_left": {
					"position": [0, 0, 0.1]
				},
				"eye_right": {
					"position": [0, 0, 0.1]
				},
				"torso": {
					"rotation": ["-0-math.cos(q.anim_time*90*1-0)*2 ", 0, 0]
				}
			}
		},
		"animation.luxio.cry": {
			"animation_length": 1.5417,
			"bones": {
				"neck": {
					"rotation": {
						"0.0": [0, 0, 0],
						"0.1667": {
							"pre": [-10, 0, 0],
							"post": [-10, 0, 0],
							"lerp_mode": "catmullrom"
						},
						"1.0": {
							"post": [-12, 0, 0],
							"lerp_mode": "catmullrom"
						},
						"1.4167": [0, 0, 0]
					}
				},
				"head": {
					"rotation": {
						"0.0": [0, 0, 0],
						"0.0833": {
							"pre": [7.5, 0, 0],
							"post": [7.5, 0, 0],
							"lerp_mode": "catmullrom"
						},
						"0.2917": {
							"post": [5, 0, 0],
							"lerp_mode": "catmullrom"
						},
						"1.0833": {
							"post": [1, 0, 0],
							"lerp_mode": "catmullrom"
						},
						"1.5417": [0, 0, 0]
					}
				},
				"mouth_closed": {
					"position": {
						"0.0": [0, 0, 0],
						"0.0833": {"pre": [0, 0, 0], "post": [0, 0, 1]},
						"1.25": [0, 0, 1],
						"1.3333": {"pre": [0, 0, 1], "post": [0, 0, 0]}
					}
				},
				"mouth_open": {
					"position": {
						"0.0": [0, 0, 0],
						"0.0833": {"pre": [0, 0, 0], "post": [0, 0, -1]},
						"1.25": [0, 0, -1],
						"1.3333": {"pre": [0, 0, -1], "post": [0, 0, 0]}
					}
				}
			},
			"sound_effects": {
				"0.0833": {
					"effect": "pokemon.luxio.cry"
				}
			}
		},
		"animation.luxio.blink": {
			"animation_length": 0.125,
			"bones": {
				"eye_right": {
					"position": {
						"0.0": [0, 0, 0.1],
						"0.0833": {"pre": [0, 0, 0.1], "post": [0, 0, 0.1]},
						"0.125": {"pre": [0, 0, 0.1], "post": [0, 0, 0]}
					}
				},
				"eyelid_r": {
					"position": {
						"0.0": [0, 0.3, -2.1],
						"0.0833": {"pre": [0, 0.3, -2.1], "post": [0, 0.3, -2.1]},
						"0.125": {"pre": [0, 0.3, -2.1], "post": [0, 0, 0]}
					}
				},
				"eye_left": {
					"position": {
						"0.0": [0, 0, 0.1],
						"0.0833": {"pre": [0, 0, 0.1], "post": [0, 0, 0.1]},
						"0.125": {"pre": [0, 0, 0.1], "post": [0, 0, 0]}
					}
				},
				"eyelid_l": {
					"position": {
						"0.0": [0, 0.3, -3.1],
						"0.0833": {"pre": [0, 0.3, -3.1], "post": [0, 0.3, -3.1]},
						"0.125": {"pre": [0, 0.3, -3.1], "post": [0, 0, 0]}
					}
				}
			}
		}
	}
}