{
	"format_version": "1.8.0",
	"animations": {
		"animation.vaporeon.ground_idle": {
			"loop": true,
			"bones": {
				"body": {
					"position": [0, "-1.7+math.cos(q.anim_time*90*2-0)*0.2", 0]
				},
				"ear_left": {
					"rotation": [0, "-25-math.cos(q.anim_time*90*2-150)*2", 0]
				},
				"ear_right": {
					"rotation": [0, "25+math.cos(q.anim_time*90*2-150)*2", 0]
				},
				"tail": {
					"rotation": ["-13-math.cos(q.anim_time*90*2-60)*0.5", "-math.cos(q.anim_time*90*1-60)*1", 0]
				},
				"tail2": {
					"rotation": ["-5.5-math.cos(q.anim_time*90*2-90)*1.25", "-math.cos(q.anim_time*90*1-90)*2.75", 0]
				},
				"tail3": {
					"rotation": ["-3.5-math.cos(q.anim_time*90*2-135)*2", "-0-math.cos(q.anim_time*90*1-135)*3.5", 0]
				},
				"tail4": {
					"rotation": ["4.5-math.cos(q.anim_time*90*2-180)*3", "-math.cos(q.anim_time*90*1-180)*5.25", 0]
				},
				"tail5": {
					"rotation": ["6.5-math.cos(q.anim_time*90*2-225)*3.5", "-math.cos(q.anim_time*90*1-225)*8", 0]
				},
				"tail6": {
					"rotation": ["-0.5-math.cos(q.anim_time*90*2-270)*1", "-0-math.cos(q.anim_time*90*1-270)*4", 0]
				},
				"frontleg_left": {
					"rotation": ["15-math.cos(q.anim_time*90*2-0)*2", -3, -2]
				},
				"elbow_left": {
					"rotation": ["-40-math.cos(q.anim_time*90*2-0)*-3.5", 0, 0]
				},
				"frontpaw_left": {
					"rotation": ["26-math.cos(q.anim_time*90*2-0)*1.35", 0, 2]
				},
				"frontleg_right": {
					"rotation": ["15-math.cos(q.anim_time*90*2-0)*2", 3, 2]
				},
				"elbow_right": {
					"rotation": ["-40-math.cos(q.anim_time*90*2-0)*-3.5", 0, 0]
				},
				"frontpaw_right": {
					"rotation": ["26-math.cos(q.anim_time*90*2-0)*1.35", 0, -2]
				},
				"back_leg_left": {
					"rotation": ["7.5-math.cos(q.anim_time*90*2-0)*1.5", -3, -2.5]
				},
				"knee_left": {
					"rotation": [0, 0, 0]
				},
				"ankle_left": {
					"rotation": ["-28.5-math.cos(q.anim_time*90*2-0)*-3", 0, 0]
				},
				"foot_left": {
					"rotation": ["21-math.cos(q.anim_time*90*2-0)*1.75", 0, 2]
				},
				"back_leg_right": {
					"rotation": ["7.5-math.cos(q.anim_time*90*2-0)*1.5", 3, 2.5]
				},
				"knee_right": {
					"rotation": [0, 0, 0]
				},
				"ankle_right": {
					"rotation": ["-28.5-math.cos(q.anim_time*90*2-0)*-3", 0, 0]
				},
				"foot_right": {
					"rotation": ["21-math.cos(q.anim_time*90*2-0)*1.75", 0, -2]
				},
				"torso": {
					"rotation": ["-0-math.cos(q.anim_time*90*2-0)*0.35", 0, 0]
				},
				"neck": {
					"rotation": ["-0-math.cos(q.anim_time*90*2-60)*0.8", 0, 0]
				},
				"head_angle": {
					"rotation": ["-0-math.cos(q.anim_time*90*2-90)*1.2", 0, 0]
				}
			}
		},
		"animation.vaporeon.battle_idle": {
			"loop": true,
			"bones": {
				"body": {
					"position": [0, "-2.25+math.cos(q.anim_time*90*2*2-0)*0.2", -2]
				},
				"ear_left": {
					"rotation": [0, "-25-math.cos(q.anim_time*90*2*2-150)*2", 0]
				},
				"ear_right": {
					"rotation": [0, "25+math.cos(q.anim_time*90*2*2-150)*2", 0]
				},
				"tail": {
					"rotation": ["-8-math.cos(q.anim_time*90*2*2-60)*1.5", "-math.cos(q.anim_time*90*2*1-60)*1", 0]
				},
				"tail2": {
					"rotation": ["-4.5-math.cos(q.anim_time*90*2*2-90)*3", "-math.cos(q.anim_time*90*2*1-90)*1.5", 0]
				},
				"tail3": {
					"rotation": ["-2.5-math.cos(q.anim_time*90*2*2-135)*3.5", "-0-math.cos(q.anim_time*90*2*1-135)*2", 0]
				},
				"tail4": {
					"rotation": ["4.5-math.cos(q.anim_time*90*2*2-180)*5", "-math.cos(q.anim_time*90*2*1-180)*5.25", 0]
				},
				"tail5": {
					"rotation": ["6.5-math.cos(q.anim_time*90*2*2-225)*7.5", "-math.cos(q.anim_time*90*2*1-225)*8", 0]
				},
				"tail6": {
					"rotation": ["-0.5-math.cos(q.anim_time*90*2*2-270)*6", "-0-math.cos(q.anim_time*90*2*1-270)*4", 0]
				},
				"frontleg_left": {
					"rotation": ["-17.5-math.cos(q.anim_time*90*2*2-0)*1.85", -3, -2]
				},
				"elbow_left": {
					"rotation": ["-25-math.cos(q.anim_time*90*2*2-0)*-4", 0, 0]
				},
				"frontpaw_left": {
					"rotation": ["43-math.cos(q.anim_time*90*2*2-0)*2", 0, 2]
				},
				"frontleg_right": {
					"rotation": ["25-math.cos(q.anim_time*90*2*2-0)*2", 3, 2]
				},
				"elbow_right": {
					"rotation": ["-51-math.cos(q.anim_time*90*2*2-0)*-3.25", 0, 0]
				},
				"frontpaw_right": {
					"rotation": ["26.5-math.cos(q.anim_time*90*2*2-0)*1.35", 0, -2]
				},
				"back_leg_left": {
					"rotation": ["7.5-math.cos(q.anim_time*90*2*2-0)*1.5", -3, -2.5]
				},
				"knee_left": {
					"rotation": [0, 0, 0]
				},
				"ankle_left": {
					"rotation": ["-28.5-math.cos(q.anim_time*90*2*2-0)*-3", 0, 0]
				},
				"foot_left": {
					"rotation": ["21-math.cos(q.anim_time*90*2*2-0)*1.75", 0, 2]
				},
				"back_leg_right": {
					"rotation": ["29.5-math.cos(q.anim_time*90*2*2-0)*2", 3, 2.5],
					"position": [0, 0.1, 0]
				},
				"knee_right": {
					"rotation": [4, 0, 0]
				},
				"ankle_right": {
					"rotation": ["-19.5-math.cos(q.anim_time*90*2*2-0)*-3", 0, 0]
				},
				"foot_right": {
					"rotation": ["-14-math.cos(q.anim_time*90*2*2-0)*1", 0, -2]
				},
				"torso": {
					"rotation": ["-0-math.cos(q.anim_time*90*2*2-0)*0.35", 0, 0]
				},
				"neck": {
					"rotation": ["-0-math.cos(q.anim_time*90*2*2-60)*0.8", 0, 0]
				},
				"head_angle": {
					"rotation": ["-0-math.cos(q.anim_time*90*2*2-90)*1.2", 0, 0]
				}
			}
		},
		"animation.vaporeon.ground_walk": {
			"loop": true,
			"animation_length": 1,
			"bones": {
				"body": {
					"position": {
						"0.0": [0, -1.25, 0],
						"0.125": [0, -0.9, 0],
						"0.25": [0, -0.73, 0],
						"0.375": [0, -0.9, 0],
						"0.5": [0, -1.25, 0],
						"0.625": [0, -0.9, 0],
						"0.75": [0, -0.73, 0],
						"0.875": [0, -0.9, 0],
						"1.0": [0, -1.25, 0]
					}
				},
				"torso": {
					"rotation": ["-0.5-math.cos(q.anim_time*90*8-30)*-0.5", 0, 0]
				},
				"torso3": {
					"rotation": [-0.64952, 0, 0]
				},
				"neck": {
					"rotation": ["-0.475-math.cos(q.anim_time*90*8-90)*-1", 0, 0]
				},
				"head_angle": {
					"rotation": ["7.5-math.cos(q.anim_time*90*8-120)*-1.5", 0, 0]
				},
				"ear_left": {
					"rotation": [20, "-30-math.cos(q.anim_time*90*8-180)*-2", 0]
				},
				"ear_right": {
					"rotation": [20, "30+math.cos(q.anim_time*90*8-180)*-2", 0]
				},
				"tail": {
					"rotation": ["-10-math.cos(q.anim_time*90*8-30)*0.65", "-math.cos(q.anim_time*90*4-30)*-1", 0]
				},
				"tail2": {
					"rotation": ["-2.5-math.cos(q.anim_time*90*8-90)* 1", "-math.cos(q.anim_time*90*4-90)*-2.5", 0]
				},
				"tail3": {
					"rotation": ["-7.5-math.cos(q.anim_time*90*8-150)* 1.2", "-math.cos(q.anim_time*90*4-150)*-4", 0]
				},
				"tail4": {
					"rotation": ["10-math.cos(q.anim_time*90*8-180)* 1.5", "-math.cos(q.anim_time*90*4-180)*-6", 0]
				},
				"tail5": {
					"rotation": ["7.5-math.cos(q.anim_time*90*8-240)*1.5", "-math.cos(q.anim_time*90*4-240)*-7", 0]
				},
				"tail6": {
					"rotation": ["-0-math.cos(q.anim_time*90*8-300)*2", 0, "0+math.cos(q.anim_time*90*4-300)*-6"]
				},
				"frontleg_left": {
					"rotation": {
						"0.0": [-3.75, -2.5, -1],
						"0.5": [32.75, -2.5, -1],
						"0.75": {
							"pre": [37.4198, -1.65452, -0.84217],
							"post": [37.4198, -1.65452, -0.84217],
							"lerp_mode": "catmullrom"
						},
						"1.0": [-3.75, -2.5, -1]
					}
				},
				"elbow_left": {
					"rotation": {
						"0.0": [-24.5, 0, 0],
						"0.5": [-17, 0, 0],
						"0.75": {
							"pre": [-53.75, 0, 0],
							"post": [-53.75, 0, 0],
							"lerp_mode": "catmullrom"
						},
						"1.0": [-24.5, 0, 0]
					}
				},
				"frontpaw_left": {
					"rotation": {
						"0.0": [29, 0, 1],
						"0.5": [-15, 0, 1],
						"0.75": {
							"pre": [69.5, 0, 0],
							"post": [69.5, 0, 0],
							"lerp_mode": "catmullrom"
						},
						"1.0": [29, 0, 1]
					}
				},
				"frontleg_right": {
					"rotation": {
						"0.0": [32.75, 2.5, 1],
						"0.25": {
							"pre": [37.4198, 1.65452, 0.84217],
							"post": [37.4198, 1.65452, 0.84217],
							"lerp_mode": "catmullrom"
						},
						"0.5": [-3.75, 2.5, 1],
						"1.0": [32.75, 2.5, 1]
					}
				},
				"elbow_right": {
					"rotation": {
						"0.0": [-17, 0, 0],
						"0.25": {
							"pre": [-53.75, 0, 0],
							"post": [-53.75, 0, 0],
							"lerp_mode": "catmullrom"
						},
						"0.5": [-24.5, 0, 0],
						"1.0": [-17, 0, 0]
					}
				},
				"frontpaw_right": {
					"rotation": {
						"0.0": [-15, 0, -1],
						"0.25": {
							"pre": [69.5, 0, 0],
							"post": [69.5, 0, 0],
							"lerp_mode": "catmullrom"
						},
						"0.5": [29, 0, -1],
						"1.0": [-15, 0, -1]
					}
				},
				"back_leg_left": {
					"rotation": {
						"0.0": [20.2, -5, -1.5],
						"0.25": {
							"pre": [14.95, -5, -1.5],
							"post": [14.95, -5, -1.5],
							"lerp_mode": "catmullrom"
						},
						"0.5": [1.7, -5, -1.5],
						"1.0": [20.2, -5, -1.5]
					},
					"position": {
						"0.0": [0, 0.3, 0],
						"0.25": [0, 0.3, 0],
						"0.5": [0, 0.1, 0],
						"0.75": [0, 0.1, 0],
						"1.0": [0, 0.3, 0]
					}
				},
				"knee_left": {
					"rotation": {
						"0.0": [0, 0, 0],
						"0.25": {
							"pre": [5, 0, 0],
							"post": [5, 0, 0],
							"lerp_mode": "catmullrom"
						},
						"0.5": [0, 0, 0],
						"0.75": [-3, 0, 0],
						"1.0": [0, 0, 0]
					},
					"position": {
						"0.0": [0, 0, 0],
						"0.5": [0, 0, 0],
						"1.0": [0, 0, 0]
					}
				},
				"ankle_left": {
					"rotation": {
						"0.0": [-7.75, 0, 0],
						"0.25": {
							"pre": [-31.5, 0, 0],
							"post": [-31.5, 0, 0],
							"lerp_mode": "catmullrom"
						},
						"0.375": {
							"post": [-33.14, 0, 0],
							"lerp_mode": "catmullrom"
						},
						"0.5": [-20.25, 0, 0],
						"1.0": [-7.75, 0, 0]
					}
				},
				"foot_left": {
					"rotation": {
						"0.0": [-12.5, 0, 1.5],
						"0.25": {
							"pre": [59.63114, 1.08361, 2.34569],
							"post": [59.63114, 1.08361, 2.34569],
							"lerp_mode": "catmullrom"
						},
						"0.375": {
							"post": [54.23002, 0.60953, 1.9757],
							"lerp_mode": "catmullrom"
						},
						"0.5": [18.5, 0, 1.5],
						"0.75": [8, 0, 1.5],
						"1.0": [-12.5, 0, 1.5]
					}
				},
				"back_leg_right": {
					"rotation": {
						"0.0": [1.7, 5, 1.5],
						"0.5": [20.2, 5, 1.5],
						"0.75": {
							"pre": [14.95, 5, 1.5],
							"post": [14.95, 5, 1.5],
							"lerp_mode": "catmullrom"
						},
						"1.0": [1.7, 5, 1.5]
					},
					"position": {
						"0.0": [0, 0.1, 0],
						"0.25": [0, 0.1, 0],
						"0.5": [0, 0.3, 0],
						"0.75": [0, 0.3, 0],
						"1.0": [0, 0.1, 0]
					}
				},
				"knee_right": {
					"rotation": {
						"0.0": [0, 0, 0],
						"0.25": [-3, 0, 0],
						"0.5": [0, 0, 0],
						"0.75": {
							"pre": [5, 0, 0],
							"post": [5, 0, 0],
							"lerp_mode": "catmullrom"
						},
						"1.0": [0, 0, 0]
					},
					"position": {
						"0.0": [0, 0, 0],
						"0.5": [0, 0, 0],
						"1.0": [0, 0, 0]
					}
				},
				"ankle_right": {
					"rotation": {
						"0.0": [-20.25, 0, 0],
						"0.5": [-7.75, 0, 0],
						"0.75": {
							"pre": [-31.5, 0, 0],
							"post": [-31.5, 0, 0],
							"lerp_mode": "catmullrom"
						},
						"0.875": {
							"post": [-33.14, 0, 0],
							"lerp_mode": "catmullrom"
						},
						"1.0": [-20.25, 0, 0]
					}
				},
				"foot_right": {
					"rotation": {
						"0.0": [18.5, 0, -1.5],
						"0.25": [8, 0, -1.5],
						"0.5": [-12.5, 0, -1.5],
						"0.75": {
							"pre": [59.63114, -1.08361, -2.34569],
							"post": [59.63114, -1.08361, -2.34569],
							"lerp_mode": "catmullrom"
						},
						"0.875": {
							"post": [54.23002, -0.60953, -1.9757],
							"lerp_mode": "catmullrom"
						},
						"1.0": [18.5, 0, -1.5]
					}
				}
			}
		},
		"animation.vaporeon.blink": {
			"animation_length": 0.1667,
			"bones": {
				"eye_right": {
					"position": {
						"0.0": [0.1, 0, 0.1],
						"0.1667": {"pre": [0.1, 0, 0.1], "post": [0, 0, 0]}
					}
				},
				"eye_left": {
					"position": {
						"0.0": [-0.1, 0, 0.1],
						"0.1667": {"pre": [-0.1, 0, 0.1], "post": [0, 0, 0]}
					}
				},
				"eyelid_right": {
					"position": {
						"0.0": [-0.1, 0, -0.1],
						"0.1667": {"pre": [-0.1, 0, -0.1], "post": [0, 0, 0]}
					}
				},
				"eyelid_left": {
					"position": {
						"0.0": [0.1, 0, -0.1],
						"0.1667": {"pre": [0.1, 0, -0.1], "post": [0, 0, 0]}
					}
				}
			}
		},
		"animation.vaporeon.pose": {
			"loop": true,
			"bones": {
				"ankle_left": {
					"rotation": [-10, 0, 0]
				},
				"foot_left": {
					"rotation": [4.64233, -4.59902, 8.88927]
				},
				"frill_left": {
					"rotation": [0, 0, -22.5]
				},
				"frill1_left": {
					"rotation": [22.5, 0, 0]
				},
				"frill2_left": {
					"rotation": [-22.5, 0, 0]
				},
				"frill_right": {
					"rotation": [0, 0, 22.5]
				},
				"frill1_right": {
					"rotation": [22.5, 0, 0]
				},
				"frill2_right": {
					"rotation": [-22.5, 0, 0]
				},
				"frill_top": {
					"rotation": [22.5, 0, 0]
				},
				"frill_bottom": {
					"rotation": [-22.5, 0, 0]
				},
				"fin": {
					"rotation": [-10, 0, 0]
				},
				"tail": {
					"rotation": [-2.58807, 17.48539, 16.83037]
				},
				"tail2": {
					"rotation": [-25.08377, 4.53051, 2.88249]
				},
				"tail3": {
					"rotation": [17.68664, 9.76061, 7.18558]
				},
				"tail4": {
					"rotation": [32.5, -7.5, 7.5]
				},
				"tail6": {
					"rotation": [15.35952, -17.34551, -2.35666]
				},
				"frontleg_left": {
					"rotation": [40.22735, -32.89858, -8.77064],
					"position": [3, -1, 3]
				},
				"elbow_left": {
					"rotation": [-37.5, 0, 0]
				},
				"neck": {
					"rotation": [2.5, 0, 0]
				},
				"head_angle": {
					"rotation": [10, -30, 20]
				},
				"frontleg_right": {
					"rotation": [-37.72771, -16.40744, 10.65711],
					"position": [3, -1.75, -2]
				},
				"elbow_right": {
					"rotation": [2.5, 0, 0]
				},
				"body": {
					"rotation": [0, 70, 0],
					"position": [0, -1, -3]
				},
				"waist": {
					"rotation": [0, -2.5, 0]
				},
				"torso": {
					"rotation": [12.5, 0, 0]
				},
				"torso2": {
					"rotation": [5.42638, -14.63639, 1.68086]
				},
				"torso3": {
					"rotation": [-11.28773, -18.42031, 2.92945]
				},
				"tail5": {
					"rotation": [35, 0, 0]
				},
				"tailfin_right": {
					"rotation": [0, -12.5, 0]
				},
				"tailfin_left": {
					"rotation": [0, 10, 0]
				},
				"frontpaw_left": {
					"rotation": [3.30638, -14.54607, 0.12666]
				},
				"back_leg_left": {
					"rotation": [0, 0, -12.5]
				},
				"knee_left": {
					"rotation": [5, 0, 0]
				},
				"frontpaw_right": {
					"rotation": [32.18821, 9.23186, -3.86032]
				},
				"back_leg_right": {
					"rotation": [25, 0, 15]
				},
				"knee_right": {
					"rotation": [0, 0, 0]
				},
				"ankle_right": {
					"rotation": [37.5, 0, 0]
				},
				"foot_right": {
					"rotation": [-59.83045, -1.29256, -14.94548]
				}
			}
		},
		"animation.vaporeon.cry": {
			"animation_length": 1.4167,
			"bones": {
				"neck": {
					"rotation": {
						"0.0": [0, 0, 0],
						"0.125": {
							"pre": [-2.47079, -0.19831, -0.32113],
							"post": [-2.47079, -0.19831, -0.32113],
							"lerp_mode": "catmullrom"
						},
						"0.3333": {
							"post": [-4.97079, -0.19831, -0.32113],
							"lerp_mode": "catmullrom"
						},
						"0.5": {
							"post": [-2.47079, -0.19831, -0.32113],
							"lerp_mode": "catmullrom"
						},
						"0.7083": {
							"post": [-2.47079, -0.19831, -0.32113],
							"lerp_mode": "catmullrom"
						},
						"0.9167": {
							"post": [-4.97079, -0.19831, -0.32113],
							"lerp_mode": "catmullrom"
						},
						"1.1667": [0, 0, 0]
					}
				},
				"head_angle": {
					"rotation": {
						"0.0": [0, 0, 0],
						"0.125": {
							"pre": [2.5, 0, 0],
							"post": [2.5, 0, 0],
							"lerp_mode": "catmullrom"
						},
						"0.3333": {
							"post": [-7.5, 0, 0],
							"lerp_mode": "catmullrom"
						},
						"0.5": {
							"post": [-8.5, 0, 0],
							"lerp_mode": "catmullrom"
						},
						"0.6667": {
							"post": [-1.25, 0, 0],
							"lerp_mode": "catmullrom"
						},
						"0.8333": {
							"post": [-8.5, 0, 0],
							"lerp_mode": "catmullrom"
						},
						"1.0417": {
							"post": [-10.5, 0, 0],
							"lerp_mode": "catmullrom"
						},
						"1.2917": [0, 0, 0]
					}
				},
				"mouth_open_wide": {
					"position": {
						"0.0": [0, 0, 0],
						"0.1667": {"pre": [0, 0, 0], "post": [0, 0, -0.1]},
						"0.3333": {"pre": [0, 0, -0.1], "post": [0, 0, 0]},
						"0.625": [0, 0, 0],
						"0.6667": [0, 0, 0],
						"1.1667": [0, 0, 0]
					}
				},
				"mouth_open_thin": {
					"position": {
						"0.0": [0, 0, 0],
						"0.1667": [0, 0, 0],
						"0.3333": {"pre": [0, 0, 0], "post": [0, 0, -0.1]},
						"0.625": {"pre": [0, 0, -0.1], "post": [0, 0, 0]},
						"0.6667": [0, 0, 0],
						"1.1667": [0, 0, 0]
					}
				},
				"mouth_open_happy": {
					"position": {
						"0.0": [0, 0, 0],
						"0.1667": [0, 0, 0],
						"0.3333": [0, 0, 0],
						"0.625": {"pre": [0, 0, 0], "post": [0, 0, -0.1]},
						"0.6667": [0, 0, -0.1],
						"1.1667": {"pre": [0, 0, -0.1], "post": [0, 0, 0]}
					}
				},
				"ear_left": {
					"rotation": {
						"0.0": [0, 0, 0],
						"0.1667": {
							"pre": [0, 2, 0],
							"post": [0, 2, 0],
							"lerp_mode": "catmullrom"
						},
						"0.375": {
							"post": [0, -12.5, 0],
							"lerp_mode": "catmullrom"
						},
						"0.5417": {
							"post": [0, -12.5, 0],
							"lerp_mode": "catmullrom"
						},
						"0.7083": {
							"post": [0, 0, 0],
							"lerp_mode": "catmullrom"
						},
						"0.9167": {
							"post": [0, -13.5, 0],
							"lerp_mode": "catmullrom"
						},
						"1.0833": {
							"post": [0, -13.5, 0],
							"lerp_mode": "catmullrom"
						},
						"1.2917": [0, 0, 0]
					}
				},
				"ear_right": {
					"rotation": {
						"0.0": [0, 0, 0],
						"0.1667": {
							"pre": [0, -2, 0],
							"post": [0, -2, 0],
							"lerp_mode": "catmullrom"
						},
						"0.375": {
							"post": [0, 12.5, 0],
							"lerp_mode": "catmullrom"
						},
						"0.5417": {
							"post": [0, 12.5, 0],
							"lerp_mode": "catmullrom"
						},
						"0.7083": {
							"post": [0, 0, 0],
							"lerp_mode": "catmullrom"
						},
						"0.9167": {
							"post": [0, 13.5, 0],
							"lerp_mode": "catmullrom"
						},
						"1.0833": {
							"post": [0, 13.5, 0],
							"lerp_mode": "catmullrom"
						},
						"1.2917": [0, 0, 0]
					}
				}
			},
			"sound_effects": {
				"0.125": {
					"effect": "pokemon.vaporeon.cry"
				}
			}
		}
	}
}