{
	"format_version": "1.8.0",
	"animations": {
		"animation.ursaluna.ground_idle": {
			"loop": true,
			"bones": {
				"torso": {
					"rotation": ["-5-math.sin(q.anim_time*90)*2", "math.sin(q.anim_time*90/3-30)*-1", 0]
				},
				"shoulder_left": {
					"rotation": [0, "-15+math.sin(q.anim_time*90-30)*6", 52.5],
					"position": [0, "1-math.sin(q.anim_time*90-30)/24", "1.25+math.sin(q.anim_time*90-30)/6"]
				},
				"arm_left": {
					"rotation": [10, 0, 20]
				},
				"tail": {
					"rotation": ["12.5-math.sin(q.anim_time*90+60)*8", 0, 0]
				},
				"arm_left2": {
					"rotation": ["-math.sin(q.anim_time*90-30)/2", "33.83204-math.sin(q.anim_time*90-30)*8", "math.sin(q.anim_time*90-30)*0.5"],
					"position": ["-math.sin(q.anim_time*90-30)", 0, 0]
				},
				"hand_left": {
					"rotation": ["-0.8387-math.sin(q.anim_time*90-30)", "-17.501+math.sin(q.anim_time*90-30)*5", "1.7541427677-math.sin(q.anim_time*90-30)*2"],
					"position": ["math.sin(q.anim_time*90-30)/24", 0, "math.sin(q.anim_time*90-30)/3"]
				},
				"leg_left_rotate": {
					"rotation": [0, -5, 0]
				},
				"thigh_left": {
					"rotation": ["-8.1218+math.sin(q.anim_time*90)*6", -9.9017, 1.40575],
					"position": [0, "math.sin(q.anim_time*90)/2", "-math.sin(q.anim_time*90)"]
				},
				"thumb_left": {
					"rotation": [-67.5, 0, 0]
				},
				"shoulder_right": {
					"rotation": [0, "15-math.sin(q.anim_time*90-30)*6", -52.5],
					"position": [0, "1+math.sin(q.anim_time*90-30)/24", "1.25-math.sin(q.anim_time*90-30)/6"]
				},
				"arm_right": {
					"rotation": [10, 0, -20]
				},
				"arm_right2": {
					"rotation": ["math.sin(q.anim_time*90-30)/2", "-33.832+math.sin(q.anim_time*90-30)*8", "-math.sin(q.anim_time*90-30)*0.5"],
					"position": ["math.sin(q.anim_time*90-30)", 0, 0]
				},
				"hand_right": {
					"rotation": ["-0.8387-math.sin(q.anim_time*90-30)", "17.501-math.sin(q.anim_time*90-30)*5", "-1.7541+math.sin(q.anim_time*90-30)*2"],
					"position": ["-math.sin(q.anim_time*90-30)/24", 0, "math.sin(q.anim_time*90-30)/3"]
				},
				"thumb_right": {
					"rotation": [-67.5, 0, 0]
				},
				"leg_left": {
					"rotation": ["7.5-math.sin(q.anim_time*90)*6", 0, 0]
				},
				"foot_left": {
					"rotation": ["math.sin(q.anim_time*90)/4", 0, 0],
					"position": ["math.sin(q.anim_time*90)/6", "math.sin(q.anim_time*90)/8", 0]
				},
				"thigh_right": {
					"rotation": ["-8.1218+math.sin(q.anim_time*90)*6", 9.9017, -1.40575],
					"position": [0, "math.sin(q.anim_time*90)/2", "-math.sin(q.anim_time*90)"]
				},
				"leg_right": {
					"rotation": ["7.5-math.sin(q.anim_time*90)*6", 0, 0]
				},
				"foot_right": {
					"rotation": ["math.sin(q.anim_time*90)/4", 0, 0],
					"position": ["-(math.sin(q.anim_time*90)/6)", "math.sin(q.anim_time*90)/8", 0]
				},
				"leg_right_rotate": {
					"rotation": [0, 5, 0]
				},
				"head": {
					"rotation": ["10+math.sin(q.anim_time*90+30)*6", "math.sin(q.anim_time*90/3-60)*-4", "math.sin(q.anim_time*90/3-90)*1"]
				},
				"eye_left": {
					"position": [0, 0, 0]
				},
				"eye_right": {
					"position": [0, 0, 0]
				},
				"arm_left3": {
					"rotation": [3.2046, "-math.sin(q.anim_time*90-30)*2", "15.4726+math.sin(q.anim_time*90-30)"],
					"position": ["-math.sin(q.anim_time*90-30)/3", 0, 0]
				},
				"arm_right3": {
					"rotation": [3.2046, "math.sin(q.anim_time*90-30)*2", "-15.4726-math.sin(q.anim_time*90-30)"],
					"position": ["math.sin(q.anim_time*90-30)/3", 0, 0]
				},
				"hip": {
					"rotation": [0, 0, "math.sin(q.anim_time*90/3)*1"],
					"position": [0, "math.sin(q.anim_time*90)*0.5", 0]
				},
				"upper_body": {
					"rotation": ["-math.sin(q.anim_time*90-120)", "math.sin(q.anim_time*90/3-60)*2", "math.sin(q.anim_time*90/3-90)*-1"]
				},
				"head_spike_right": {
					"rotation": [0, 0, "-(math.sin(q.anim_time*90)*12)"]
				},
				"head_spike_right2": {
					"rotation": [0, 0, "-(math.sin(q.anim_time*90)*12)"]
				},
				"head_spike_right3": {
					"rotation": [0, 0, "-(math.sin(q.anim_time*90)*12)"]
				},
				"head_spike_right4": {
					"rotation": [0, 0, "-(math.sin(q.anim_time*90)*12)"]
				},
				"head_spike_left": {
					"rotation": [0, 0, "math.sin(q.anim_time*90)*12"]
				},
				"head_spike_left2": {
					"rotation": [0, 0, "math.sin(q.anim_time*90)*12"]
				},
				"head_spike_left3": {
					"rotation": [0, 0, "math.sin(q.anim_time*90)*12"]
				},
				"head_spike_left4": {
					"rotation": [0, 0, "math.sin(q.anim_time*90)*12"]
				},
				"ear_right": {
					"rotation": [0, 0, "-(math.sin(q.anim_time*90+30)*8)"]
				},
				"ear_left": {
					"rotation": [0, 0, "math.sin(q.anim_time*90+30)*8"]
				},
				"spike_right": {
					"rotation": ["-math.sin(q.anim_time*90+60)*8", 0, "-(math.sin(q.anim_time*90+60)*4)"]
				},
				"spike_right2": {
					"rotation": ["-math.sin(q.anim_time*90+60)*8", 0, "-(math.sin(q.anim_time*90+60)*4)"]
				},
				"spike_right3": {
					"rotation": ["-math.sin(q.anim_time*90+60)*8", 0, "-(math.sin(q.anim_time*90+60)*6)"]
				},
				"spike_right4": {
					"rotation": ["-math.sin(q.anim_time*90+60)*8", 0, "-(math.sin(q.anim_time*90+60)*8)"]
				},
				"spike_left": {
					"rotation": ["-math.sin(q.anim_time*90+60)*8", 0, "math.sin(q.anim_time*90+60)*4"]
				},
				"spike_left2": {
					"rotation": ["-math.sin(q.anim_time*90+60)*8", 0, "math.sin(q.anim_time*90+60)*4"]
				},
				"spike_left3": {
					"rotation": ["-math.sin(q.anim_time*90+60)*8", 0, "math.sin(q.anim_time*90+60)*6"]
				},
				"spike_left4": {
					"rotation": ["-math.sin(q.anim_time*90+60)*8", 0, "math.sin(q.anim_time*90+60)*8"]
				},
				"spike_middle": {
					"rotation": ["-math.sin(q.anim_time*90+60)*6", 0, 0]
				},
				"spike_bottom_middle": {
					"rotation": ["-math.sin(q.anim_time*90+60)*12", 0, 0]
				},
				"spike_bottom_middle2": {
					"rotation": ["-math.sin(q.anim_time*90+60)*12", 0, 0]
				},
				"spike_bottom_middle4": {
					"rotation": ["-math.sin(q.anim_time*90+60)*12", 0, 0]
				},
				"spike_bottom_middle6": {
					"rotation": ["-math.sin(q.anim_time*90+60)*12", 0, 0]
				},
				"spike_bottom_middle7": {
					"rotation": ["-math.sin(q.anim_time*90+60)*12", 0, 0]
				},
				"spike_bottom_middle5": {
					"rotation": ["-math.sin(q.anim_time*90+60)*12", 0, 0]
				},
				"spike_bottom_middle3": {
					"rotation": ["-math.sin(q.anim_time*90+60)*12", 0, 0]
				},
				"shoulder_spike_right": {
					"rotation": [0, "math.sin(q.anim_time*90)*8", 0]
				},
				"shoulder_spike_right2": {
					"rotation": [0, "math.sin(q.anim_time*90)*8", 0]
				},
				"shoulder_spike_right3": {
					"rotation": [0, "math.sin(q.anim_time*90)*8", 0]
				},
				"shoulder_spike_right4": {
					"rotation": [0, "math.sin(q.anim_time*90)*8", 0]
				},
				"shoulder_spike_right5": {
					"rotation": [0, "math.sin(q.anim_time*90)*8", 0]
				},
				"shoulder_spike_left": {
					"rotation": [0, "-(math.sin(q.anim_time*90)*8)", 0]
				},
				"shoulder_spike_left2": {
					"rotation": [0, "-(math.sin(q.anim_time*90)*8)", 0]
				},
				"shoulder_spike_left3": {
					"rotation": [0, "-(math.sin(q.anim_time*90)*8)", 0]
				},
				"shoulder_spike_left4": {
					"rotation": [0, "-(math.sin(q.anim_time*90)*8)", 0]
				},
				"shoulder_spike_left5": {
					"rotation": [0, "-(math.sin(q.anim_time*90)*8)", 0]
				}
			}
		},
		"animation.ursaluna.battle_idle": {
			"loop": true,
			"bones": {
				"torso": {
					"rotation": ["-5-math.sin(q.anim_time*90)*2", 0, "math.sin(q.anim_time*90/3-90)*-2"]
				},
				"shoulder_left": {
					"rotation": [4.02273, "-14.5593+math.sin(q.anim_time*90-30)*6", 39.37846],
					"position": [0, "1+math.sin(q.anim_time*90-30)", "1.25+math.sin(q.anim_time*90-30)/6"]
				},
				"arm_left": {
					"rotation": [10.03742, 4.92385, 20.87038]
				},
				"tail": {
					"rotation": ["12.5-math.sin(q.anim_time*90+60)*8", "3+math.sin(q.anim_time*90/3-120)*5", 0]
				},
				"arm_left2": {
					"rotation": [0.1718, "33.1161-math.sin(q.anim_time*90-30)*8", "12.5775+math.sin(q.anim_time*90-30)*0.5"],
					"position": ["math.sin(q.anim_time*90-30)/4", "-math.sin(q.anim_time*90-30)/4", "math.sin(q.anim_time*90-30)/4"]
				},
				"hand_left": {
					"rotation": ["-5.5724-math.sin(q.anim_time*90-30)*4", "-17.8531+math.sin(q.anim_time*90-30)*4", "15.107+math.sin(q.anim_time*90-30)/6"],
					"position": ["1-math.sin(q.anim_time*90-30)/4", "-math.sin(q.anim_time*90-30)/12", "-math.sin(q.anim_time*90-30)/12"]
				},
				"leg_left_rotate": {
					"rotation": [0, -5, 0]
				},
				"thigh_left": {
					"rotation": ["-8.1218+math.sin(q.anim_time*90)*6", -9.9017, 1.40575],
					"position": [0, "math.sin(q.anim_time*90)/2", "-math.sin(q.anim_time*90)"]
				},
				"thumb_left": {
					"rotation": [-67.5, 0, 0]
				},
				"shoulder_right": {
					"rotation": [4.02273, "14.5593-math.sin(q.anim_time*90-30)*6", -39.37846],
					"position": [0, "1+math.sin(q.anim_time*90-30)", "1.25+math.sin(q.anim_time*90-30)/6"]
				},
				"arm_right": {
					"rotation": [10.03742, -4.92385, -20.87038]
				},
				"arm_right2": {
					"rotation": [0.1718, "-33.1161+math.sin(q.anim_time*90-30)*8", "-12.5775-math.sin(q.anim_time*90-30)*0.5"],
					"position": ["math.sin(q.anim_time*90-30)/4", "-math.sin(q.anim_time*90-30)/4", "math.sin(q.anim_time*90-30)/4"]
				},
				"hand_right": {
					"rotation": ["-5.5724-math.sin(q.anim_time*90-30)*4", "17.8531-math.sin(q.anim_time*90-30)*4", "-15.107-math.sin(q.anim_time*90-30)/6"],
					"position": ["-1-math.sin(q.anim_time*90-30)/4", "-math.sin(q.anim_time*90-30)/12", "-math.sin(q.anim_time*90-30)/12"]
				},
				"thumb_right": {
					"rotation": [-67.5, 0, 0]
				},
				"leg_left": {
					"rotation": ["7.5-math.sin(q.anim_time*90)*6", 0, 0]
				},
				"foot_left": {
					"rotation": ["math.sin(q.anim_time*90)/4", 0, 0],
					"position": ["math.sin(q.anim_time*90)/6", "math.sin(q.anim_time*90)/8", 0]
				},
				"thigh_right": {
					"rotation": ["-8.1218+math.sin(q.anim_time*90)*6", 9.9017, -1.40575],
					"position": [0, "math.sin(q.anim_time*90)/2", "-math.sin(q.anim_time*90)"]
				},
				"leg_right": {
					"rotation": ["7.5-math.sin(q.anim_time*90)*6", 0, 0]
				},
				"foot_right": {
					"rotation": ["math.sin(q.anim_time*90)/4", 0, 0],
					"position": ["-(math.sin(q.anim_time*90)/6)", "math.sin(q.anim_time*90)/8", 0]
				},
				"leg_right_rotate": {
					"rotation": [0, 5, 0]
				},
				"head": {
					"rotation": ["-7.5+math.sin(q.anim_time*90+30)*3", "math.sin(q.anim_time*90/3-120)*-4", "math.sin(q.anim_time*90/3-150)*5"],
					"position": [0, -1.25, 0]
				},
				"eye_left": {
					"position": [0, 0, 0]
				},
				"eye_right": {
					"position": [0, 0, 0]
				},
				"hip": {
					"rotation": [15, 0, "math.sin(q.anim_time*90/3-60)*-1"],
					"position": [0, "3+math.sin(q.anim_time*90)*0.5", 0]
				},
				"upper_body": {
					"rotation": ["-10-math.sin(q.anim_time*90-120)", "math.sin(q.anim_time*90/3-90)*2", "math.sin(q.anim_time*90/3-120)*-3"]
				},
				"head_spike_right": {
					"rotation": [0, 0, "-(math.sin(q.anim_time*90)*12)"]
				},
				"head_spike_right2": {
					"rotation": [0, 0, "-(math.sin(q.anim_time*90)*12)"]
				},
				"head_spike_right3": {
					"rotation": [0, 0, "-(math.sin(q.anim_time*90)*12)"]
				},
				"head_spike_right4": {
					"rotation": [0, 0, "-(math.sin(q.anim_time*90)*12)"]
				},
				"head_spike_left": {
					"rotation": [0, 0, "math.sin(q.anim_time*90)*12"]
				},
				"head_spike_left2": {
					"rotation": [0, 0, "math.sin(q.anim_time*90)*12"]
				},
				"head_spike_left3": {
					"rotation": [0, 0, "math.sin(q.anim_time*90)*12"]
				},
				"head_spike_left4": {
					"rotation": [0, 0, "math.sin(q.anim_time*90)*12"]
				},
				"ear_right": {
					"rotation": [0, 0, "-(math.sin(q.anim_time*90+30)*8)"]
				},
				"ear_left": {
					"rotation": [0, 0, "math.sin(q.anim_time*90+30)*8"]
				},
				"spike_right": {
					"rotation": ["-math.sin(q.anim_time*90+60)*8", 0, "-(math.sin(q.anim_time*90+60)*4)"]
				},
				"spike_right2": {
					"rotation": ["-math.sin(q.anim_time*90+60)*8", 0, "-(math.sin(q.anim_time*90+60)*4)"]
				},
				"spike_right3": {
					"rotation": ["-math.sin(q.anim_time*90+60)*8", 0, "-(math.sin(q.anim_time*90+60)*6)"]
				},
				"spike_right4": {
					"rotation": ["-math.sin(q.anim_time*90+60)*8", 0, "-(math.sin(q.anim_time*90+60)*8)"]
				},
				"spike_left": {
					"rotation": ["-math.sin(q.anim_time*90+60)*8", 0, "math.sin(q.anim_time*90+60)*4"]
				},
				"spike_left2": {
					"rotation": ["-math.sin(q.anim_time*90+60)*8", 0, "math.sin(q.anim_time*90+60)*4"]
				},
				"spike_left3": {
					"rotation": ["-math.sin(q.anim_time*90+60)*8", 0, "math.sin(q.anim_time*90+60)*6"]
				},
				"spike_left4": {
					"rotation": ["-math.sin(q.anim_time*90+60)*8", 0, "math.sin(q.anim_time*90+60)*8"]
				},
				"spike_middle": {
					"rotation": ["-math.sin(q.anim_time*90+60)*6", 0, 0]
				},
				"spike_bottom_middle": {
					"rotation": ["-math.sin(q.anim_time*90+60)*12", 0, 0]
				},
				"spike_bottom_middle2": {
					"rotation": ["-math.sin(q.anim_time*90+60)*12", 0, 0]
				},
				"spike_bottom_middle4": {
					"rotation": ["-math.sin(q.anim_time*90+60)*12", 0, 0]
				},
				"spike_bottom_middle6": {
					"rotation": ["-math.sin(q.anim_time*90+60)*12", 0, 0]
				},
				"spike_bottom_middle7": {
					"rotation": ["-math.sin(q.anim_time*90+60)*12", 0, 0]
				},
				"spike_bottom_middle5": {
					"rotation": ["-math.sin(q.anim_time*90+60)*12", 0, 0]
				},
				"spike_bottom_middle3": {
					"rotation": ["-math.sin(q.anim_time*90+60)*12", 0, 0]
				},
				"shoulder_spike_right": {
					"rotation": [0, "math.sin(q.anim_time*90)*8", 0]
				},
				"shoulder_spike_right2": {
					"rotation": [0, "math.sin(q.anim_time*90)*8", 0]
				},
				"shoulder_spike_right3": {
					"rotation": [0, "math.sin(q.anim_time*90)*8", 0]
				},
				"shoulder_spike_right4": {
					"rotation": [0, "math.sin(q.anim_time*90)*8", 0]
				},
				"shoulder_spike_right5": {
					"rotation": [0, "math.sin(q.anim_time*90)*8", 0]
				},
				"shoulder_spike_left": {
					"rotation": [0, "-(math.sin(q.anim_time*90)*8)", 0]
				},
				"shoulder_spike_left2": {
					"rotation": [0, "-(math.sin(q.anim_time*90)*8)", 0]
				},
				"shoulder_spike_left3": {
					"rotation": [0, "-(math.sin(q.anim_time*90)*8)", 0]
				},
				"shoulder_spike_left4": {
					"rotation": [0, "-(math.sin(q.anim_time*90)*8)", 0]
				},
				"shoulder_spike_left5": {
					"rotation": [0, "-(math.sin(q.anim_time*90)*8)", 0]
				}
			}
		},
		"animation.ursaluna.ground_walk": {
			"loop": true,
			"animation_length": 2,
			"bones": {
				"torso": {
					"rotation": ["-5+math.sin(q.anim_time*90*4)*4", "-math.sin(q.anim_time*90*2-90)*4", 0]
				},
				"tail": {
					"rotation": ["5.57179677-math.sin(q.anim_time*90*4-90)*8", "math.sin(q.anim_time*90*2-90)*8", 0]
				},
				"leg_left_rotate": {
					"rotation": [0, -5, 0]
				},
				"thigh_left": {
					"rotation": {
						"0.0": [-5.77652, -11.42031, -11.22087],
						"0.4167": {
							"pre": [-48.1218, -9.9017, 0],
							"post": [-48.1218, -9.9017, 0],
							"lerp_mode": "catmullrom"
						},
						"0.5833": {
							"post": [-25.29257, -10.76144, 0],
							"lerp_mode": "catmullrom"
						},
						"1.5": {
							"post": [31.8782, -9.9017, 0],
							"lerp_mode": "catmullrom"
						},
						"1.7917": {
							"post": [31.8782, -9.9017, 0],
							"lerp_mode": "catmullrom"
						},
						"2.0": [-5.77652, -11.42031, -11.22087]
					},
					"position": {
						"0.0": [0, 1.5, 1],
						"0.4167": [0, 0, -1.75],
						"0.5833": [0, -1.76, -2.72],
						"0.625": [0, -1.7, -2.51],
						"0.7917": [0, -1.47, -1.35],
						"0.9583": [0, -1.24, -0.79],
						"1.125": [0, -0.335, -0.535],
						"1.5": [0, -0.5, 2],
						"1.6667": [0, -1.79, 2.16],
						"2.0": [0, 1.5, 1]
					}
				},
				"thumb_left": {
					"rotation": {
						"0.0": [-47.5, 0, 0],
						"0.4167": [-47.5, 0, 0],
						"1.0": [-42.39409, -29.4987, -28.34077],
						"1.375": [-42.39409, -29.4987, -28.34077],
						"1.5833": [-47.5, 0, 0],
						"2.0": [-47.5, 0, 0]
					}
				},
				"shoulder_right": {
					"rotation": {
						"0.0": [0, 18, -52.5],
						"0.375": {
							"pre": [0, -27, -52.5],
							"post": [0, -27, -52.5],
							"lerp_mode": "catmullrom"
						},
						"0.5833": [1.91222, -11.91778, -57.5326],
						"1.0": [1.82, 9.31, -56.44],
						"1.3333": [1.74, 26.3, -55.57],
						"1.7083": {
							"pre": [0.73, 41.68, -53.69],
							"post": [0.73, 41.68, -53.69],
							"lerp_mode": "catmullrom"
						},
						"2.0": {
							"post": [0, 18, -52.5],
							"lerp_mode": "catmullrom"
						}
					},
					"position": {
						"0.0": [0, 1.73, 3.205],
						"0.2917": {
							"pre": [0, 1.35, 0.705],
							"post": [0, 1.35, 0.705],
							"lerp_mode": "catmullrom"
						},
						"0.5417": [0, 0.97917, -2.14167],
						"0.5833": [0, 0.83, -1.955],
						"0.625": [0, 0.98, -1.765],
						"0.75": [0.325, 1.45, -1.56],
						"1.0": [0.575, 1.8, -1.5],
						"1.0833": [0.6, 1.8, -1.48],
						"1.1667": [0.725, 1.97, -1.88],
						"1.25": [0.725, 2.13, -2.635],
						"1.2917": [0.725, 2.16, -2.855],
						"1.375": [0.725, 2.21, -3.165],
						"1.4167": [0.725, 2.23, -3.19],
						"1.5": [0.65, 2.27, -2.97],
						"2.0": {
							"pre": [0, 1.73, 3.205],
							"post": [0, 1.73, 3.205],
							"lerp_mode": "catmullrom"
						}
					}
				},
				"arm_right": {
					"rotation": {
						"0.0": [10, 0, -20],
						"0.375": {
							"pre": [9.40804, -3.40487, -0.28025],
							"post": [9.40804, -3.40487, -0.28025],
							"lerp_mode": "catmullrom"
						},
						"0.5833": [9.96488, -8.73242, -13.63091],
						"1.0": [9.99, -4.39, -15.37],
						"1.4167": {
							"pre": [9.95365, 0.5584, -15.94975],
							"post": [9.95365, 0.5584, -15.94975],
							"lerp_mode": "catmullrom"
						},
						"2.0": [10, 0, -20]
					}
				},
				"arm_right2": {
					"rotation": {
						"0.0": [-25.39525, -71.26965, 16.20522],
						"0.375": {
							"pre": [-22.4418, -60.04003, 1.92257],
							"post": [-22.4418, -60.04003, 1.92257],
							"lerp_mode": "catmullrom"
						},
						"0.5833": [-5.20917, -26.46318, 3.65084],
						"1.0": [-9.17, -33.75, 5.96],
						"1.0833": [-9.96776, -35.20783, 6.4184],
						"1.3333": {
							"pre": [-12.36, -33.85, 6.38],
							"post": [-12.36, -33.85, 6.38],
							"lerp_mode": "catmullrom"
						},
						"1.5": {
							"post": [-14.11, -39.27, 5.89],
							"lerp_mode": "catmullrom"
						},
						"1.6667": [-16.6522, -47.35872, 6.60882],
						"2.0": [-25.39525, -71.26965, 16.20522]
					},
					"position": {
						"0.0": [-0.5, 0, 0],
						"0.375": {
							"pre": [-1.5, -1.5, 0],
							"post": [-1.5, -1.5, 0],
							"lerp_mode": "catmullrom"
						},
						"0.5833": [0.5, 0, 0],
						"1.0": [0.21, 0, 0],
						"2.0": [-0.5, 0, 0]
					}
				},
				"hand_right": {
					"rotation": {
						"0.0": [2.54866, 24.95868, 1.3541],
						"0.375": [-3.06647, 35.67606, -8.55745],
						"0.5833": [-27.61595, 38.7879, -29.40088],
						"0.875": [-20.09881, 30.75555, -25.33029],
						"1.0": [-15.6, 27.4, -22.74],
						"1.0833": [-12.60919, 25.16759, -21.01504],
						"1.25": [-5.67, 30.93, -18.65],
						"1.4167": {
							"pre": [-0.11954, 29.91043, -17.03597],
							"post": [-0.11954, 29.91043, -17.03597],
							"lerp_mode": "catmullrom"
						},
						"1.6667": {
							"post": [-3.77346, 50.07179, -18.70033],
							"lerp_mode": "catmullrom"
						},
						"2.0": [2.54866, 24.95868, 1.3541]
					},
					"position": {
						"0.0": [0.02083, 0, 0.58333],
						"0.375": [0.02, -0.25, 1.28],
						"0.5833": [-0.43, -0.81, 2.01],
						"0.625": [-0.43, -0.8, 1.96],
						"0.875": [-0.44, -0.72, 1.63],
						"1.0": [-0.44, -0.68, 1.47],
						"1.25": [-0.44964, -0.6084, 1.14168],
						"1.4167": [-1.0087, -0.73511, 1.18165],
						"1.6667": [-0.97547, -0.56179, 1.54481],
						"2.0": [0.02083, 0, 0.58333]
					}
				},
				"thumb_right": {
					"rotation": {
						"0.0": [-42.39409, 29.4987, 28.34077],
						"0.375": [-42.39409, 29.4987, 28.34077],
						"0.5833": [-47.5, 0, 0],
						"1.0": [-47.5, 0, 0],
						"1.4167": [-47.5, 0, 0],
						"2.0": [-42.39409, 29.4987, 28.34077]
					}
				},
				"leg_left": {
					"rotation": {
						"0.0": [62.5, 0, 0],
						"0.4167": [52.5, 0, 0],
						"0.5833": [25, 0, 0],
						"1.3333": [7.5, 0, 0],
						"1.5": [15, 0, 0],
						"2.0": [62.5, 0, 0]
					},
					"position": [0, 0, 0]
				},
				"foot_left": {
					"rotation": {
						"0.0": [0, 0, 0],
						"0.5833": [0, 0, 0],
						"1.0": [-17.83, 0, 0],
						"1.3333": [-26, 0, 0],
						"1.6667": [-7.5, 0, 0],
						"2.0": [0, 0, 0]
					},
					"position": {
						"0.0": [0, 0, 0],
						"0.5833": [0, -0.44, 0.14],
						"0.9583": [0, 0.43, 0.23],
						"1.0": [0, 0.33158, 0.24496],
						"1.3333": [0, 0.1303, 0.04071],
						"2.0": [0, 0, 0]
					}
				},
				"thigh_right": {
					"rotation": {
						"0.0": {
							"post": [1.59, 10.44, 0],
							"lerp_mode": "catmullrom"
						},
						"0.5": {
							"post": [31.8782, 9.9017, 0],
							"lerp_mode": "catmullrom"
						},
						"0.7917": {
							"post": [31.8782, 9.9017, 0],
							"lerp_mode": "catmullrom"
						},
						"1.0": [-5.77652, 11.42031, 11.22087],
						"1.4167": {
							"pre": [-48.1218, 9.9017, 0],
							"post": [-48.1218, 9.9017, 0],
							"lerp_mode": "catmullrom"
						},
						"1.5833": {
							"post": [-25.29257, 10.76144, 0],
							"lerp_mode": "catmullrom"
						},
						"2.0": {
							"post": [1.59, 10.44, 0],
							"lerp_mode": "catmullrom"
						}
					},
					"position": {
						"0.0": [0, -1.01, -0.73],
						"0.125": [0, -0.335, -0.535],
						"0.5": [0, -0.5, 2],
						"0.6667": [0, -1.79, 2.16],
						"1.0": [0, 1.5, 1],
						"1.4167": [0, 0, -1.75],
						"1.5833": [0, -1.76, -2.72],
						"1.625": [0, -1.7, -2.51],
						"1.7917": [0, -1.47, -1.35],
						"1.9583": [0, -1.24, -0.79],
						"2.0": [0, -1.01, -0.73]
					}
				},
				"leg_right": {
					"rotation": {
						"0.0": [15.28, 0, 0],
						"0.3333": [7.5, 0, 0],
						"0.5": [15, 0, 0],
						"1.0": [62.5, 0, 0],
						"1.4167": [52.5, 0, 0],
						"1.5833": [25, 0, 0],
						"2.0": [15.28, 0, 0]
					},
					"position": {
						"0.0": [0, 0, 0],
						"1.0": [0, 0, 0],
						"2.0": [0, 0, 0]
					}
				},
				"foot_right": {
					"rotation": {
						"0.0": [-17.83, 0, 0],
						"0.3333": [-26, 0, 0],
						"0.6667": [-7.5, 0, 0],
						"1.0": [0, 0, 0],
						"1.5833": [0, 0, 0],
						"2.0": [-17.83, 0, 0]
					},
					"position": {
						"0.0": [0, 0.33158, 0.24496],
						"0.3333": [0, 0.1303, 0.04071],
						"1.0": [0, 0, 0],
						"1.5833": [0, -0.44, 0.14],
						"1.9583": [0, 0.43, 0.23],
						"2.0": [0, 0.33158, 0.24496]
					}
				},
				"leg_right_rotate": {
					"rotation": {
						"0.0": [0, 5, 0],
						"1.0": [0, 5, 0],
						"2.0": [0, 5, 0]
					}
				},
				"head": {
					"rotation": ["23-math.sin(q.anim_time*90*4+120)*4", 0, "-math.cos(q.anim_time*90*4+120)*2"]
				},
				"eye_left": {
					"position": [0, 0, 0]
				},
				"eye_right": {
					"position": [0, 0, 0]
				},
				"arm_right3": {
					"rotation": {
						"0.0": [2.91259, -1.66962, -2.48708],
						"0.375": [2.91259, -1.66962, -2.48708],
						"0.5833": [2.91259, -1.66962, -2.48708],
						"1.0": [2.91, -1.67, -2.49],
						"2.0": [2.91259, -1.66962, -2.48708]
					},
					"position": {
						"0.0": [-0.16667, 0, 0],
						"0.375": [-0.16667, 0, 0],
						"0.5833": [-0.16667, 0, 0],
						"1.0": [-0.08, 0, 0],
						"1.4167": [0, 0, 0],
						"2.0": [-0.16667, 0, 0]
					}
				},
				"hip": {
					"rotation": ["-math.sin(q.anim_time*90*4)*4", "math.sin(q.anim_time*90*2-30)*8", 0],
					"position": [0, "math.sin(q.anim_time*90*4-120)/2", 0]
				},
				"upper_body": {
					"rotation": ["-5-math.sin(q.anim_time*90*4-30)*2", "-math.sin(q.anim_time*90*2-30)*8", 0]
				},
				"head_spike_right": {
					"rotation": [0, 0, "math.sin(q.anim_time*90*4-120)*8"]
				},
				"head_spike_right2": {
					"rotation": [0, 0, "math.sin(q.anim_time*90*4-120)*8"]
				},
				"head_spike_right3": {
					"rotation": [0, 0, "math.sin(q.anim_time*90*4-120)*8"]
				},
				"head_spike_right4": {
					"rotation": [0, 0, "math.sin(q.anim_time*90*4-120)*8"]
				},
				"head_spike_left": {
					"rotation": [0, 0, "-math.sin(q.anim_time*90*4-120)*8"]
				},
				"head_spike_left2": {
					"rotation": [0, 0, "-math.sin(q.anim_time*90*4-120)*8"]
				},
				"head_spike_left3": {
					"rotation": [0, 0, "-math.sin(q.anim_time*90*4-120)*8"]
				},
				"head_spike_left4": {
					"rotation": [0, 0, "-math.sin(q.anim_time*90*4-120)*8"]
				},
				"ear_right": {
					"rotation": [0, 0, "-4+math.sin(q.anim_time*90*4-120)*8"]
				},
				"ear_left": {
					"rotation": [0, 0, "4-math.sin(q.anim_time*90*4-120)*8"]
				},
				"spike_right": {
					"rotation": ["-6.92820323+math.sin(q.anim_time*90*4-120)*12", 0, -3.4641]
				},
				"spike_right2": {
					"rotation": ["-6.92820323+math.sin(q.anim_time*90*4-120)*12", 0, -3.4641]
				},
				"spike_right3": {
					"rotation": ["-6.92820323+math.sin(q.anim_time*90*4-120)*16", 0, -5.19615]
				},
				"spike_right4": {
					"rotation": ["-6.92820323+math.sin(q.anim_time*90*4-120)*16", 0, -6.9282]
				},
				"spike_left": {
					"rotation": ["-6.92820323+math.sin(q.anim_time*90*4-120)*12", 0, 3.4641]
				},
				"spike_left2": {
					"rotation": ["-6.92820323+math.sin(q.anim_time*90*4-120)*12", 0, 3.4641]
				},
				"spike_left3": {
					"rotation": ["-6.92820323+math.sin(q.anim_time*90*4-120)*16", 0, 5.19615]
				},
				"spike_left4": {
					"rotation": ["-6.92820323+math.sin(q.anim_time*90*4-120)*16", 0, 6.9282]
				},
				"spike_middle": {
					"rotation": ["-5.196152423+math.sin(q.anim_time*90*4-120)*12", 0, 0]
				},
				"spike_bottom_middle": {
					"rotation": ["-10.392304845-math.sin(q.anim_time*90*4-120)*12", 0, 0]
				},
				"spike_bottom_middle2": {
					"rotation": ["-10.392304845-math.sin(q.anim_time*90*4-120)*12", 0, 0]
				},
				"spike_bottom_middle4": {
					"rotation": ["-10.392304845-math.sin(q.anim_time*90*4-120)*12", 0, 0]
				},
				"spike_bottom_middle6": {
					"rotation": ["-10.392304845-math.sin(q.anim_time*90*4-120)*12", 0, 0]
				},
				"spike_bottom_middle7": {
					"rotation": ["-10.392304845-math.sin(q.anim_time*90*4-120)*12", 0, 0]
				},
				"spike_bottom_middle5": {
					"rotation": ["-10.392304845-math.sin(q.anim_time*90*4-120)*12", 0, 0]
				},
				"spike_bottom_middle3": {
					"rotation": ["-10.392304845-math.sin(q.anim_time*90*4-120)*12", 0, 0]
				},
				"shoulder_spike_right": {
					"rotation": [0, "-(math.sin(q.anim_time*90*4-120)*16)", 0]
				},
				"shoulder_spike_right2": {
					"rotation": [0, "-(math.sin(q.anim_time*90*4-120)*16)", 0]
				},
				"shoulder_spike_right3": {
					"rotation": [0, "-(math.sin(q.anim_time*90*4-120)*16)", 0]
				},
				"shoulder_spike_right4": {
					"rotation": [0, "-(math.sin(q.anim_time*90*4-120)*16)", 0]
				},
				"shoulder_spike_right5": {
					"rotation": [0, "-(math.sin(q.anim_time*90*4-120)*16)", 0]
				},
				"hand_right2": {
					"rotation": {
						"0.0": [0, 20, 0],
						"0.375": [0, 32.5, 0],
						"0.5833": [0, 0, 0],
						"1.0": [0, 0, 0],
						"1.0833": [0, 0, 0],
						"1.25": [0, -16.41, 0],
						"1.4167": {
							"pre": [0, -22.5, 0],
							"post": [0, -22.5, 0],
							"lerp_mode": "catmullrom"
						},
						"1.6667": {
							"post": [0, -31.11, 0],
							"lerp_mode": "catmullrom"
						},
						"2.0": [0, 20, 0]
					},
					"position": {
						"0.0": [0.25, 0, 1.4],
						"0.375": [0.6, 0, 2.1],
						"0.5833": [0, 0, 0],
						"1.0": [0, 0, 0],
						"1.4167": [0, 0, 0],
						"1.6667": [0, 0, 0],
						"2.0": [0.25, 0, 1.4]
					}
				},
				"shoulder_spike_left4": {
					"rotation": [0, "math.sin(q.anim_time*90*4-120)*16", 0]
				},
				"shoulder_spike_left5": {
					"rotation": [0, "math.sin(q.anim_time*90*4-120)*16", 0]
				},
				"foot_right2": {
					"rotation": {
						"0.0": [0, 0, 0],
						"0.3333": [0, 0, 0],
						"0.6667": [-46.67, 0, 0],
						"1.0": [15, 0, 0],
						"1.3333": {
							"pre": [-15, 0, 0],
							"post": [-15, 0, 0],
							"lerp_mode": "catmullrom"
						},
						"1.5833": [0, 0, 0],
						"2.0": [0, 0, 0]
					},
					"position": {
						"0.0": [0, 0, 0],
						"0.3333": [0, 0, 0],
						"0.6667": [0, 0, 0],
						"1.0": [0, 0.2, 1],
						"1.3333": [0, 0, 0],
						"1.5833": [0, 0, 0],
						"2.0": [0, 0, 0]
					}
				},
				"foot_left2": {
					"rotation": {
						"0.0": [15, 0, 0],
						"0.3333": {
							"pre": [-15, 0, 0],
							"post": [-15, 0, 0],
							"lerp_mode": "catmullrom"
						},
						"0.5833": [0, 0, 0],
						"1.3333": [0, 0, 0],
						"1.6667": [-46.67, 0, 0],
						"2.0": [15, 0, 0]
					},
					"position": {
						"0.0": [0, 0.2, 1],
						"0.3333": [0, 0, 0],
						"0.5833": [0, 0, 0],
						"1.3333": [0, 0, 0],
						"1.6667": [0, 0, 0],
						"2.0": [0, 0.2, 1]
					}
				},
				"claws_right": {
					"rotation": {
						"0.0": [0, 27.5, 0],
						"0.375": [0, 17.5, 0],
						"0.5833": [0, 0, 0],
						"1.0": [0, 0, 0],
						"1.0833": [0, 0, 0],
						"1.4167": [0, 0, 0],
						"1.6667": [0, 0, 0],
						"2.0": [0, 27.5, 0]
					},
					"position": {
						"0.0": [0, 0, 0],
						"1.0": [0, 0, 0],
						"1.0833": [0, 0, 0],
						"1.4167": [0, 0, 0],
						"1.6667": [0, 0, 0],
						"2.0": [0, 0, 0]
					}
				},
				"shoulder_left": {
					"rotation": {
						"0.0": [1.82, -9.31, 56.44],
						"0.3333": [1.74, -26.3, 55.57],
						"0.7083": {
							"pre": [0.73, -41.68, 53.69],
							"post": [0.73, -41.68, 53.69],
							"lerp_mode": "catmullrom"
						},
						"1.0": [0, -18, 52.5],
						"1.375": {
							"pre": [0, 27, 52.5],
							"post": [0, 27, 52.5],
							"lerp_mode": "catmullrom"
						},
						"1.5833": [1.91222, 11.91778, 57.5326],
						"2.0": [1.82, -9.31, 56.44]
					},
					"position": {
						"0.0": [-0.575, 1.8, -1.5],
						"0.0833": [-0.6, 1.8, -1.48],
						"0.1667": [-0.725, 1.97, -1.88],
						"0.25": [-0.725, 2.13, -2.635],
						"0.2917": [-0.725, 2.16, -2.855],
						"0.375": [-0.725, 2.21, -3.165],
						"0.4167": [-0.725, 2.23, -3.19],
						"0.5": [-0.65, 2.27, -2.97],
						"1.0": [0, 1.73, 3.205],
						"1.2917": {
							"pre": [0, 1.35, 0.705],
							"post": [0, 1.35, 0.705],
							"lerp_mode": "catmullrom"
						},
						"1.5417": [0, 0.97917, -2.14167],
						"1.5833": [0, 0.83, -1.955],
						"1.625": [0, 0.98, -1.765],
						"1.75": [-0.325, 1.45, -1.56],
						"2.0": [-0.575, 1.8, -1.5]
					}
				},
				"arm_left": {
					"rotation": {
						"0.0": [9.99, 4.39, 15.37],
						"0.4167": {
							"pre": [9.95365, -0.5584, 15.94975],
							"post": [9.95365, -0.5584, 15.94975],
							"lerp_mode": "catmullrom"
						},
						"1.0": [10, 0, 20],
						"1.375": {
							"pre": [9.40804, 3.40487, 0.28025],
							"post": [9.40804, 3.40487, 0.28025],
							"lerp_mode": "catmullrom"
						},
						"1.5833": [9.96488, 8.73242, 13.63091],
						"2.0": [9.99, 4.39, 15.37]
					}
				},
				"arm_left2": {
					"rotation": {
						"0.0": [-9.17, 33.75, -5.96],
						"0.0833": [-9.96776, 35.20783, -6.4184],
						"0.3333": {
							"pre": [-12.36, 33.85, -6.38],
							"post": [-12.36, 33.85, -6.38],
							"lerp_mode": "catmullrom"
						},
						"0.5": {
							"post": [-14.11, 39.27, -5.89],
							"lerp_mode": "catmullrom"
						},
						"0.6667": [-16.6522, 47.35872, -6.60882],
						"1.0": [-25.39525, 71.26965, -16.20522],
						"1.375": {
							"pre": [-22.4418, 60.04003, -1.92257],
							"post": [-22.4418, 60.04003, -1.92257],
							"lerp_mode": "catmullrom"
						},
						"1.5833": [-5.20917, 26.46318, -3.65084],
						"2.0": [-9.17, 33.75, -5.96]
					},
					"position": {
						"0.0": [-0.21, 0, 0],
						"1.0": [0.5, 0, 0],
						"1.375": {
							"pre": [1.5, -1.5, 0],
							"post": [1.5, -1.5, 0],
							"lerp_mode": "catmullrom"
						},
						"1.5833": [-0.5, 0, 0],
						"2.0": [-0.21, 0, 0]
					}
				},
				"arm_left3": {
					"rotation": {
						"0.0": [2.91, 1.67, 2.49],
						"1.0": [2.91259, 1.66962, 2.48708],
						"1.375": [2.91259, 1.66962, 2.48708],
						"1.5833": [2.91259, 1.66962, 2.48708],
						"2.0": [2.91, 1.67, 2.49]
					},
					"position": {
						"0.0": [0.08, 0, 0],
						"0.4167": [0, 0, 0],
						"1.0": [0.16667, 0, 0],
						"1.375": [0.16667, 0, 0],
						"1.5833": [0.16667, 0, 0],
						"2.0": [0.08, 0, 0]
					}
				},
				"hand_left": {
					"rotation": {
						"0.0": [-15.6, -27.4, 22.74],
						"0.0833": [-12.60919, -25.16759, 21.01504],
						"0.25": [-5.67, -30.93, 18.65],
						"0.4167": {
							"pre": [-0.11954, -29.91043, 17.03597],
							"post": [-0.11954, -29.91043, 17.03597],
							"lerp_mode": "catmullrom"
						},
						"0.6667": {
							"post": [-3.77346, -50.07179, 18.70033],
							"lerp_mode": "catmullrom"
						},
						"1.0": [2.54866, -24.95868, -1.3541],
						"1.375": [-3.06647, -35.67606, 8.55745],
						"1.5833": [-27.61595, -38.7879, 29.40088],
						"1.875": [-20.09881, -30.75555, 25.33029],
						"2.0": [-15.6, -27.4, 22.74]
					},
					"position": {
						"0.0": [0.44, -0.68, 1.47],
						"0.25": [0.44964, -0.6084, 1.14168],
						"0.4167": [1.0087, -0.73511, 1.18165],
						"0.6667": [0.97547, -0.56179, 1.54481],
						"1.0": [-0.02083, 0, 0.58333],
						"1.375": [-0.02, -0.25, 1.28],
						"1.5833": [0.43, -0.81, 2.01],
						"1.625": [0.43, -0.8, 1.96],
						"1.875": [0.44, -0.72, 1.63],
						"2.0": [0.44, -0.68, 1.47]
					}
				},
				"hand_left2": {
					"rotation": {
						"0.0": [0, 0, 0],
						"0.0833": [0, 0, 0],
						"0.25": [0, 16.41, 0],
						"0.4167": {
							"pre": [0, 22.5, 0],
							"post": [0, 22.5, 0],
							"lerp_mode": "catmullrom"
						},
						"0.6667": {
							"post": [0, 31.11, 0],
							"lerp_mode": "catmullrom"
						},
						"1.0": [0, -20, 0],
						"1.375": [0, -32.5, 0],
						"1.5833": [0, 0, 0],
						"2.0": [0, 0, 0]
					},
					"position": {
						"0.0": [0, 0, 0],
						"0.4167": [0, 0, 0],
						"0.6667": [0, 0, 0],
						"1.0": [-0.25, 0, 1.4],
						"1.375": [-0.6, 0, 2.1],
						"1.5833": [0, 0, 0],
						"2.0": [0, 0, 0]
					}
				},
				"claws_left": {
					"rotation": {
						"0.0": [0, 0, 0],
						"0.0833": [0, 0, 0],
						"0.4167": [0, 0, 0],
						"0.6667": [0, 0, 0],
						"1.0": [0, -27.5, 0],
						"1.375": [0, -17.5, 0],
						"1.5833": [0, 0, 0],
						"2.0": [0, 0, 0]
					},
					"position": {
						"0.0": [0, 0, 0],
						"0.0833": [0, 0, 0],
						"0.4167": [0, 0, 0],
						"0.6667": [0, 0, 0],
						"1.0": [0, 0, 0],
						"2.0": [0, 0, 0]
					}
				},
				"body": {
					"position": {
						"0.0": [0, 0, 0],
						"0.5417": [0, 0, 0],
						"0.5833": {
							"pre": [0, 0.5, 0],
							"post": [0, 0.5, 0],
							"lerp_mode": "catmullrom"
						},
						"0.625": {
							"post": [0, 0, 0],
							"lerp_mode": "catmullrom"
						},
						"0.6667": {
							"post": [0, 0.5, 0],
							"lerp_mode": "catmullrom"
						},
						"0.75": {
							"post": [0, 0, 0],
							"lerp_mode": "catmullrom"
						},
						"0.8333": {
							"post": [0, 0.25, 0],
							"lerp_mode": "catmullrom"
						},
						"0.9167": {
							"post": [0, 0, 0],
							"lerp_mode": "catmullrom"
						},
						"1.5833": [0, 0, 0],
						"1.625": {
							"pre": [0, 0.5, 0],
							"post": [0, 0.5, 0],
							"lerp_mode": "catmullrom"
						},
						"1.6667": {
							"post": [0, 0, 0],
							"lerp_mode": "catmullrom"
						},
						"1.7083": {
							"post": [0, 0.5, 0],
							"lerp_mode": "catmullrom"
						},
						"1.7917": {
							"post": [0, 0, 0],
							"lerp_mode": "catmullrom"
						},
						"1.8333": {
							"post": [0, 0.25, 0],
							"lerp_mode": "catmullrom"
						},
						"1.9167": {
							"post": [0, 0, 0],
							"lerp_mode": "catmullrom"
						}
					}
				},
				"shoulder_spike_left": {
					"rotation": [0, "math.sin(q.anim_time*90*4-120)*16", 0]
				},
				"shoulder_spike_left2": {
					"rotation": [0, "math.sin(q.anim_time*90*4-120)*16", 0]
				},
				"shoulder_spike_left3": {
					"rotation": [0, "math.sin(q.anim_time*90*4-120)*16", 0]
				}
			}
		},
		"animation.ursaluna.ground_run": {
			"loop": true,
			"animation_length": 0.6667,
			"bones": {
				"torso": {
					"rotation": ["math.sin(q.anim_time*90*6+30)*4", 0, 0]
				},
				"tail": {
					"rotation": ["math.sin(q.anim_time*90*6+30)*24", "math.cos(q.anim_time*90*6+30)*8", 0]
				},
				"leg_left_rotate": {
					"rotation": [0, -5, 0]
				},
				"thigh_left": {
					"rotation": {
						"0.0": {
							"post": [43.29988, -4.53141, -8.50639],
							"lerp_mode": "catmullrom"
						},
						"0.1111": [-5.77652, -11.42031, -11.22087],
						"0.25": {
							"pre": [-48.1218, -9.9017, 0],
							"post": [-48.1218, -9.9017, 0],
							"lerp_mode": "catmullrom"
						},
						"0.3472": {
							"post": [-25.29257, -10.76144, 0],
							"lerp_mode": "catmullrom"
						},
						"0.5139": {
							"post": [23.15909, -10.26066, 0.73041],
							"lerp_mode": "catmullrom"
						},
						"0.5694": {
							"post": [41.96, -8.03, -2.17],
							"lerp_mode": "catmullrom"
						},
						"0.6667": {
							"post": [43.29988, -4.53141, -8.50639],
							"lerp_mode": "catmullrom"
						}
					},
					"position": {
						"0.0": [0, 1.035, -0.515],
						"0.1111": [0, 1.5, 1],
						"0.25": [0, 0, -1.75],
						"0.3472": [0, -1.76, -6.42],
						"0.3611": [0, -1.67, -5.395],
						"0.3889": [-0.01, -1.5, -3.72],
						"0.4444": [-0.02, -1.06, -1.065],
						"0.4722": [-0.03, -0.77, 0.19],
						"0.5139": [-0.03573, -0.33724, 2.69729],
						"0.5694": [-0.02, 0.16, 1.35],
						"0.6667": [0, 1.035, -0.515]
					}
				},
				"thumb_left": {
					"rotation": {
						"0.0": [-47.5, 0, 0],
						"0.1389": [-47.5, 0, 0],
						"0.3333": [-42.39409, -29.4987, -28.34077],
						"0.4583": [-42.39409, -29.4987, -28.34077],
						"0.6667": [-47.5, 0, 0]
					},
					"scale": [1, 0.9, 1]
				},
				"shoulder_right": {
					"rotation": {
						"0.0": {
							"post": [2.09826, -26.90872, -58.08752],
							"lerp_mode": "catmullrom"
						},
						"0.0972": {
							"post": [1.80877, 6.82125, -56.51994],
							"lerp_mode": "catmullrom"
						},
						"0.2361": {
							"post": [1.71847, 30.55072, -55.3563],
							"lerp_mode": "catmullrom"
						},
						"0.3194": {
							"post": [1.41599, 51.73368, -53.48536],
							"lerp_mode": "catmullrom"
						},
						"0.4306": {
							"post": [0, -7, -52.5],
							"lerp_mode": "catmullrom"
						},
						"0.6667": {
							"post": [2.09826, -26.90872, -58.08752],
							"lerp_mode": "catmullrom"
						}
					},
					"position": {
						"0.0": {
							"post": [1.78671, 5.64906, -3.66678],
							"lerp_mode": "catmullrom"
						},
						"0.0972": {
							"post": [0, 1.31, -2.48],
							"lerp_mode": "catmullrom"
						},
						"0.2361": {
							"post": [0, 1.73, 0.33],
							"lerp_mode": "catmullrom"
						},
						"0.4306": {
							"post": [0, 1.73, 0.33],
							"lerp_mode": "catmullrom"
						},
						"0.6667": {
							"post": [1.78671, 5.64906, -3.66678],
							"lerp_mode": "catmullrom"
						}
					}
				},
				"arm_right": {
					"rotation": {
						"0.0": {
							"post": [10.39533, -18.57584, -15.44751],
							"lerp_mode": "catmullrom"
						},
						"0.0972": [9.99, -4.39, -15.37],
						"0.2361": {
							"pre": [9.95365, 0.5584, -15.94975],
							"post": [9.95365, 0.5584, -15.94975],
							"lerp_mode": "catmullrom"
						},
						"0.4306": {
							"post": [10, 0, -20],
							"lerp_mode": "catmullrom"
						},
						"0.6667": {
							"post": [10.39533, -18.57584, -15.44751],
							"lerp_mode": "catmullrom"
						}
					}
				},
				"arm_right2": {
					"rotation": {
						"0.0": {
							"post": [-4.80536, -14.01044, 2.49032],
							"lerp_mode": "catmullrom"
						},
						"0.0972": [-9.17, -33.75, 5.96],
						"0.2361": {
							"pre": [-13.14365, -34.18551, 6.31631],
							"post": [-13.14365, -34.18551, 6.31631],
							"lerp_mode": "catmullrom"
						},
						"0.4306": {
							"post": [-25.39525, -71.26965, 16.20522],
							"lerp_mode": "catmullrom"
						},
						"0.6667": {
							"post": [-4.80536, -14.01044, 2.49032],
							"lerp_mode": "catmullrom"
						}
					},
					"position": {
						"0.0": {
							"post": [0.5, 0, 0],
							"lerp_mode": "catmullrom"
						},
						"0.0972": [0.21, 0, 0],
						"0.4306": {
							"pre": [-0.5, 0, 0],
							"post": [-0.5, 0, 0],
							"lerp_mode": "catmullrom"
						},
						"0.6667": {
							"post": [0.5, 0, 0],
							"lerp_mode": "catmullrom"
						}
					}
				},
				"hand_right": {
					"rotation": {
						"0.0": [-3.07, 35.68, -8.56],
						"0.0972": [-15.6, 28.6, -22.74],
						"0.2361": {
							"pre": [-0.11954, 29.91043, -17.03597],
							"post": [-0.11954, 29.91043, -17.03597],
							"lerp_mode": "catmullrom"
						},
						"0.3194": {
							"post": [-2.48086, 12.62152, -16.34735],
							"lerp_mode": "catmullrom"
						},
						"0.4306": [-4.95134, 24.95868, 1.3541],
						"0.5556": [-3.06647, 35.67606, -8.55745],
						"0.6667": [-3.07, 35.68, -8.56]
					},
					"position": {
						"0.0": [0.02, -0.25, 1.28],
						"0.0972": [-0.44, -0.68, 1.47],
						"0.1806": [-0.44964, -0.6084, 1.14168],
						"0.2361": [-1.0087, -0.73511, 1.18165],
						"0.3194": [-0.55026, -0.38068, 0.16228],
						"0.4306": [0.02083, 0, 0.58333],
						"0.5556": [0.02, -0.25, 1.28],
						"0.6667": [0.02, -0.25, 1.28]
					}
				},
				"thumb_right": {
					"rotation": {
						"0.0": [-42.39, 29.5, 28.34],
						"0.0972": [-47.5, 0, 0],
						"0.2361": [-47.5, 0, 0],
						"0.4306": [-42.39409, 29.4987, 28.34077],
						"0.5556": [-42.39409, 29.4987, 28.34077],
						"0.6667": [-42.39, 29.5, 28.34]
					},
					"scale": [1, 0.9, 1]
				},
				"leg_left": {
					"rotation": {
						"0.0": [15, 0, 0],
						"0.1111": [62.5, 0, 0],
						"0.25": [52.5, 0, 0],
						"0.3472": [25, 0, 0],
						"0.5556": [7.5, 0, 0],
						"0.6667": [15, 0, 0]
					},
					"position": [0, 0, 0]
				},
				"foot_left": {
					"rotation": {
						"0.0": [0, 0, 0],
						"0.1111": [0, 0, 0],
						"0.3472": [0, 0, 0],
						"0.4444": [-20.83, 0, 0],
						"0.5139": [-27.14, 0, 0],
						"0.5556": [-18.5, 0, 0],
						"0.625": [-4.5, 0, 0],
						"0.6667": [0, 0, 0]
					},
					"position": {
						"0.0": [0, 1, 0],
						"0.1111": [0, 0, 0],
						"0.3472": [0, -0.44, 0.14],
						"0.4444": [0, 0.53158, 0.24496],
						"0.5556": [0, 0.1303, 0.04071],
						"0.6667": [0, 1, 0]
					}
				},
				"thigh_right": {
					"rotation": {
						"0.0": [-5.77652, 11.42031, 11.22087],
						"0.1389": {
							"pre": [-48.1218, 9.9017, 0],
							"post": [-48.1218, 9.9017, 0],
							"lerp_mode": "catmullrom"
						},
						"0.2361": {
							"post": [-25.29257, 10.76144, 0],
							"lerp_mode": "catmullrom"
						},
						"0.3611": {
							"post": [15.07, 10.68, -0.59],
							"lerp_mode": "catmullrom"
						},
						"0.4583": {
							"post": [37.6282, 9.9017, 0],
							"lerp_mode": "catmullrom"
						},
						"0.5556": {
							"post": [32.94988, 4.53141, 8.50639],
							"lerp_mode": "catmullrom"
						},
						"0.6667": [-5.77652, 11.42031, 11.22087]
					},
					"position": {
						"0.0": [0, 1.5, 1],
						"0.1389": [0, 0, -4.5],
						"0.2361": [0, -1.76, -5.845],
						"0.2778": [0, -1.6, -3.74],
						"0.3194": [0, -1.29, -2.07],
						"0.4028": [0, -0.82, 1.62],
						"0.4583": [0, -0.5, 3.5],
						"0.5556": [0, -1.79, 2.16],
						"0.6667": [0, 1.5, 1]
					}
				},
				"leg_right": {
					"rotation": {
						"0.0": [62.5, 0, 0],
						"0.1389": [52.5, 0, 0],
						"0.2361": [25, 0, 0],
						"0.4444": [7.5, 0, 0],
						"0.5": [15, 0, 0],
						"0.6667": [62.5, 0, 0]
					},
					"position": [0, 0, 0]
				},
				"foot_right": {
					"rotation": {
						"0.0": [0, 0, 0],
						"0.2361": [0, 0, 0],
						"0.3333": [-17.83, 0, 0],
						"0.4444": [-26, 0, 0],
						"0.5556": [-7.5, 0, 0],
						"0.6667": [0, 0, 0]
					},
					"position": {
						"0.0": [0, 0, 0],
						"0.2361": [0, -0.44, 0.14],
						"0.3333": [0, 0.53158, 0.24496],
						"0.4444": [0, 0.1303, 0.04071],
						"0.6667": [0, 0, 0]
					}
				},
				"leg_right_rotate": {
					"rotation": [0, 5, 0]
				},
				"head": {
					"rotation": ["10-math.sin(q.anim_time*90*6+30)*24", 0, "-math.cos(q.anim_time*90*6+90)*2"]
				},
				"eye_left": {
					"position": [0, 0, 0]
				},
				"eye_right": {
					"position": [0, 0, 0]
				},
				"hip": {
					"rotation": ["math.sin(q.anim_time*90*6-30)*8", 0, 0],
					"position": [0, "3-math.sin(q.anim_time*90*6-90)*2", 0]
				},
				"upper_body": {
					"rotation": ["math.sin(q.anim_time*90*6+60)*8", 0, 0]
				},
				"head_spike_right": {
					"rotation": [0, 0, "math.sin(q.anim_time*90*5+90)*8"]
				},
				"head_spike_right2": {
					"rotation": [0, 0, "math.sin(q.anim_time*90*5+90)*8"]
				},
				"head_spike_right3": {
					"rotation": [0, 0, "math.sin(q.anim_time*90*5+90)*8"]
				},
				"head_spike_right4": {
					"rotation": [0, 0, "math.sin(q.anim_time*90*5+90)*8"]
				},
				"head_spike_left": {
					"rotation": [0, 0, "-math.sin(q.anim_time*90*6+90)*8"]
				},
				"head_spike_left2": {
					"rotation": [0, 0, "-math.sin(q.anim_time*90*6+90)*8"]
				},
				"head_spike_left3": {
					"rotation": [0, 0, "-math.sin(q.anim_time*90*6+90)*8"]
				},
				"head_spike_left4": {
					"rotation": [0, 0, "-math.sin(q.anim_time*90*6+90)*8"]
				},
				"ear_right": {
					"rotation": [0, 0, "-4+math.sin(q.anim_time*90*6+90)*8"]
				},
				"ear_left": {
					"rotation": [0, 0, "4-math.sin(q.anim_time*90*6+90)*8"]
				},
				"spike_right": {
					"rotation": ["-6.92820323+math.sin(q.anim_time*90*6+90)*12", 0, -3.4641]
				},
				"spike_right2": {
					"rotation": ["-6.92820323+math.sin(q.anim_time*90*6+90)*12", 0, -3.4641]
				},
				"spike_right3": {
					"rotation": ["-6.92820323+math.sin(q.anim_time*90*6+90)*16", 0, -5.19615]
				},
				"spike_right4": {
					"rotation": ["-6.92820323+math.sin(q.anim_time*90*6+90)*16", 0, -6.9282]
				},
				"spike_left": {
					"rotation": ["-6.92820323+math.sin(q.anim_time*90*6+90)*12", 0, 3.4641]
				},
				"spike_left2": {
					"rotation": ["-6.92820323+math.sin(q.anim_time*90*6+90)*12", 0, 3.4641]
				},
				"spike_left3": {
					"rotation": ["-6.92820323+math.sin(q.anim_time*90*6+90)*16", 0, 5.19615]
				},
				"spike_left4": {
					"rotation": ["-6.92820323+math.sin(q.anim_time*90*6+90)*16", 0, 6.9282]
				},
				"spike_middle": {
					"rotation": ["-5.196152423+math.sin(q.anim_time*90*6+90)*12", 0, 0]
				},
				"spike_bottom_middle": {
					"rotation": ["-10.392304845-math.sin(q.anim_time*90*6+90)*12", 0, 0]
				},
				"spike_bottom_middle2": {
					"rotation": ["-10.392304845-math.sin(q.anim_time*90*6+90)*12", 0, 0]
				},
				"spike_bottom_middle4": {
					"rotation": ["-10.392304845-math.sin(q.anim_time*90*6+90)*12", 0, 0]
				},
				"spike_bottom_middle6": {
					"rotation": ["-10.392304845-math.sin(q.anim_time*90*6+90)*12", 0, 0]
				},
				"spike_bottom_middle7": {
					"rotation": ["-10.392304845-math.sin(q.anim_time*90*6+90)*12", 0, 0]
				},
				"spike_bottom_middle5": {
					"rotation": ["-10.392304845-math.sin(q.anim_time*90*6+90)*12", 0, 0]
				},
				"spike_bottom_middle3": {
					"rotation": ["-10.392304845-math.sin(q.anim_time*90*6+90)*12", 0, 0]
				},
				"shoulder_spike_right": {
					"rotation": [0, "-(math.sin(q.anim_time*90*6+90)*16)", 0]
				},
				"shoulder_spike_right2": {
					"rotation": [0, "-(math.sin(q.anim_time*90*6+90)*16)", 0]
				},
				"shoulder_spike_right3": {
					"rotation": [0, "-(math.sin(q.anim_time*90*6+90)*16)", 0]
				},
				"shoulder_spike_right4": {
					"rotation": [0, "-(math.sin(q.anim_time*90*6+90)*16)", 0]
				},
				"shoulder_spike_right5": {
					"rotation": [0, "-(math.sin(q.anim_time*90*6+90)*16)", 0]
				},
				"hand_right2": {
					"rotation": {
						"0.0": [0, 32.5, 0],
						"0.0972": [0, 0, 0],
						"0.1806": [0, -16.41, 0],
						"0.2361": {
							"pre": [0, -22.5, 0],
							"post": [0, -22.5, 0],
							"lerp_mode": "catmullrom"
						},
						"0.3194": {
							"post": [0, 0, 0],
							"lerp_mode": "catmullrom"
						},
						"0.4306": [0, 20, 0],
						"0.5556": [0, 32.5, 0],
						"0.6667": [0, 32.5, 0]
					},
					"position": {
						"0.0": [0.6, 0, 2.1],
						"0.0972": [0, 0, 0],
						"0.2361": [0, 0, 0],
						"0.3194": [0, 0, 0],
						"0.4306": [0.25, 0, 1.4],
						"0.5556": [0.6, 0, 2.1],
						"0.6667": [0.6, 0, 2.1]
					}
				},
				"shoulder_spike_left": {
					"rotation": [0, "math.sin(q.anim_time*90*6+90)*16", 0]
				},
				"shoulder_spike_left2": {
					"rotation": [0, "math.sin(q.anim_time*90*6+90)*16", 0]
				},
				"shoulder_spike_left3": {
					"rotation": [0, "math.sin(q.anim_time*90*6+90)*16", 0]
				},
				"shoulder_spike_left4": {
					"rotation": [0, "math.sin(q.anim_time*90*6+90)*16", 0]
				},
				"shoulder_spike_left5": {
					"rotation": [0, "math.sin(q.anim_time*90*6+90)*16", 0]
				},
				"foot_right2": {
					"rotation": {
						"0.0": [15, 0, 0],
						"0.1111": {
							"pre": [-15, 0, 0],
							"post": [-15, 0, 0],
							"lerp_mode": "catmullrom"
						},
						"0.2361": [0, 0, 0],
						"0.4444": [0, 0, 0],
						"0.5556": [-46.67, 0, 0],
						"0.6667": [15, 0, 0]
					},
					"position": {
						"0.0": [0, 0.2, 1],
						"0.1111": [0, 0, 0],
						"0.2361": [0, 0, 0],
						"0.4444": [0, 0, 0],
						"0.5556": [0, 0, 0],
						"0.6667": [0, 0.2, 1]
					}
				},
				"foot_left2": {
					"rotation": {
						"0.0": [-1.42, 0, 0],
						"0.1111": [15, 0, 0],
						"0.2222": {
							"pre": [-15, 0, 0],
							"post": [-15, 0, 0],
							"lerp_mode": "catmullrom"
						},
						"0.3472": [0, 0, 0],
						"0.4444": [0, 0, 0],
						"0.5139": [-1.41, 0, 0],
						"0.5694": [-13.73, 0, 0],
						"0.6667": [-1.42, 0, 0]
					},
					"position": {
						"0.0": [0, 0, 0],
						"0.1111": [0, 0.2, 1],
						"0.2222": [0, 0, 0],
						"0.3472": [0, 0, 0],
						"0.5556": [0, 0, 0],
						"0.6667": [0, 0, 0]
					}
				},
				"claws_right": {
					"rotation": {
						"0.0": [0, 17.5, 0],
						"0.0972": [0, 0, 0],
						"0.2361": [0, 0, 0],
						"0.3194": [0, 20, 0],
						"0.4306": [0, 27.5, 0],
						"0.5556": [0, 17.5, 0],
						"0.6667": [0, 17.5, 0]
					},
					"position": {
						"0.0972": [0, 0, 0],
						"0.2361": [0, 0, 0],
						"0.3194": [0, 0, 0],
						"0.4306": [0, 0, 0]
					}
				},
				"shoulder_left": {
					"rotation": {
						"0.0": {
							"post": [1.80877, -6.82125, 56.51994],
							"lerp_mode": "catmullrom"
						},
						"0.1389": {
							"post": [1.71847, -30.55072, 55.3563],
							"lerp_mode": "catmullrom"
						},
						"0.2222": {
							"post": [1.41599, -51.73368, 53.48536],
							"lerp_mode": "catmullrom"
						},
						"0.3333": {
							"post": [0, 7, 52.5],
							"lerp_mode": "catmullrom"
						},
						"0.5556": {
							"post": [2.09826, 26.90872, 58.08752],
							"lerp_mode": "catmullrom"
						},
						"0.6667": {
							"post": [1.80877, -6.82125, 56.51994],
							"lerp_mode": "catmullrom"
						}
					},
					"position": {
						"0.0": {
							"post": [0, 1.31, -2.48],
							"lerp_mode": "catmullrom"
						},
						"0.1389": {
							"post": [0, 1.73, 0.33],
							"lerp_mode": "catmullrom"
						},
						"0.3333": {
							"post": [0, 1.73, 0.33],
							"lerp_mode": "catmullrom"
						},
						"0.5556": {
							"post": [-1.78671, 5.64906, -3.66678],
							"lerp_mode": "catmullrom"
						},
						"0.6667": {
							"post": [0, 1.31, -2.48],
							"lerp_mode": "catmullrom"
						}
					}
				},
				"arm_left": {
					"rotation": {
						"0.0": [9.99, 4.39, 15.37],
						"0.1389": {
							"pre": [9.95365, -0.5584, 15.94975],
							"post": [9.95365, -0.5584, 15.94975],
							"lerp_mode": "catmullrom"
						},
						"0.3333": {
							"post": [10, 0, 20],
							"lerp_mode": "catmullrom"
						},
						"0.5556": {
							"post": [10.39533, 18.57584, 15.44751],
							"lerp_mode": "catmullrom"
						},
						"0.6667": [9.99, 4.39, 15.37]
					}
				},
				"arm_left2": {
					"rotation": {
						"0.0": [-9.17, 33.75, -5.96],
						"0.1389": {
							"pre": [-13.14365, 34.18551, -6.31631],
							"post": [-13.14365, 34.18551, -6.31631],
							"lerp_mode": "catmullrom"
						},
						"0.3333": {
							"post": [-25.39525, 71.26965, -16.20522],
							"lerp_mode": "catmullrom"
						},
						"0.5556": {
							"post": [-4.80536, 14.01044, -2.49032],
							"lerp_mode": "catmullrom"
						},
						"0.6667": [-9.17, 33.75, -5.96]
					},
					"position": {
						"0.0": [-0.21, 0, 0],
						"0.3333": {
							"pre": [0.5, 0, 0],
							"post": [0.5, 0, 0],
							"lerp_mode": "catmullrom"
						},
						"0.5556": {
							"post": [-0.5, 0, 0],
							"lerp_mode": "catmullrom"
						},
						"0.6667": [-0.21, 0, 0]
					}
				},
				"hand_left": {
					"rotation": {
						"0.0": [-15.6, -28.6, 22.74],
						"0.1389": {
							"pre": [-0.11954, -29.91043, 17.03597],
							"post": [-0.11954, -29.91043, 17.03597],
							"lerp_mode": "catmullrom"
						},
						"0.2222": {
							"post": [-2.48086, -12.62152, 16.34735],
							"lerp_mode": "catmullrom"
						},
						"0.3333": [-4.95134, -24.95868, -1.3541],
						"0.4583": [-3.06647, -35.67606, 8.55745],
						"0.6667": [-15.6, -28.6, 22.74]
					},
					"position": {
						"0.0": [0.44, -0.68, 1.47],
						"0.0833": [0.44964, -0.6084, 1.14168],
						"0.1389": [1.0087, -0.73511, 1.18165],
						"0.2222": [0.55026, -0.38068, 0.16228],
						"0.3333": [-0.02083, 0, 0.58333],
						"0.4583": [-0.02, -0.25, 1.28],
						"0.6667": [0.44, -0.68, 1.47]
					}
				},
				"hand_left2": {
					"rotation": {
						"0.0": [0, 0, 0],
						"0.0833": [0, 16.41, 0],
						"0.1389": {
							"pre": [0, 22.5, 0],
							"post": [0, 22.5, 0],
							"lerp_mode": "catmullrom"
						},
						"0.2222": {
							"post": [0, 0, 0],
							"lerp_mode": "catmullrom"
						},
						"0.3333": [0, -20, 0],
						"0.4583": [0, -32.5, 0],
						"0.6667": [0, 0, 0]
					},
					"position": {
						"0.0": [0, 0, 0],
						"0.1389": [0, 0, 0],
						"0.2222": [0, 0, 0],
						"0.3333": [-0.25, 0, 1.4],
						"0.4583": [-0.6, 0, 2.1],
						"0.6667": [0, 0, 0]
					}
				},
				"claws_left": {
					"rotation": {
						"0.0": [0, 0, 0],
						"0.1389": [0, 0, 0],
						"0.2222": [0, -20, 0],
						"0.3333": [0, -27.5, 0],
						"0.4583": [0, -17.5, 0],
						"0.6667": [0, 0, 0]
					},
					"position": {
						"0.0": [0, 0, 0],
						"0.1389": [0, 0, 0],
						"0.2222": [0, 0, 0],
						"0.3333": [0, 0, 0],
						"0.6667": [0, 0, 0]
					}
				},
				"body": {
					"position": {
						"0.0": {
							"post": [0, 0, 0],
							"lerp_mode": "catmullrom"
						},
						"0.0417": {
							"post": [0, 0.75, 0],
							"lerp_mode": "catmullrom"
						},
						"0.0972": {
							"post": [0, 0, 0],
							"lerp_mode": "catmullrom"
						},
						"0.1389": {
							"post": [0, 0.25, 0],
							"lerp_mode": "catmullrom"
						},
						"0.1806": [0, 0, 0],
						"0.2361": [0, 0, 0],
						"0.2778": {
							"pre": [0, 1.25, 0],
							"post": [0, 1.25, 0],
							"lerp_mode": "catmullrom"
						},
						"0.3194": {
							"post": [0, 0, 0],
							"lerp_mode": "catmullrom"
						},
						"0.375": {
							"post": [0, 1.25, 0],
							"lerp_mode": "catmullrom"
						},
						"0.4444": {
							"post": [0, 0, 0],
							"lerp_mode": "catmullrom"
						},
						"0.5": {
							"post": [0, 0.75, 0],
							"lerp_mode": "catmullrom"
						},
						"0.5556": {
							"post": [0, 0, 0],
							"lerp_mode": "catmullrom"
						}
					}
				}
			}
		},
		"animation.ursaluna.sleep": {
			"loop": true,
			"animation_length": 4,
			"bones": {
				"hip": {
					"position": [0, "-8+math.sin(q.anim_time*90)/2", 0]
				},
				"torso": {
					"rotation": ["-12.5-math.sin(q.anim_time*90-60)/2", 0, 0]
				},
				"upper_body": {
					"rotation": ["10-math.sin(q.anim_time*90-60)/2", 0, 0]
				},
				"head": {
					"rotation": ["11-math.sin(q.anim_time*90-120)*2", 17, -1],
					"position": [0, -3.5, 0]
				},
				"eyelid_left": {
					"position": [0, 0, -0.1]
				},
				"eyelid_right": {
					"position": [0, 0, -0.1]
				},
				"muzzle2": {
					"rotation": {
						"0.0": [0, 0, 0],
						"1.5": [0, 0, 0],
						"1.75": ["math.sin(q.anim_time*90*12)*4", 0, 0],
						"4.0": [0, 0, 0]
					}
				},
				"jaw": {
					"rotation": {
						"0.0": ["math.sin(q.anim_time*90-30)*12", 0, 0],
						"1.4583": ["math.sin(q.anim_time*90-30)*12", 0, 0],
						"1.625": ["math.sin(q.anim_time*90*12-30)*8", 0, 0],
						"4.0": ["math.sin(q.anim_time*90-30)*12", 0, 0]
					}
				},
				"ear_right": {
					"rotation": [0, 0, "-math.sin(q.anim_time*90)*4"]
				},
				"ear_left": {
					"rotation": [0, 0, "math.sin(q.anim_time*90)*4"]
				},
				"spike_right": {
					"rotation": ["-30-math.sin(q.anim_time*90)*4", 0, 0]
				},
				"spike_right2": {
					"rotation": ["-32.5-math.sin(q.anim_time*90)*4", 0, 0]
				},
				"spike_right3": {
					"rotation": ["-27.5-math.sin(q.anim_time*90)*4", 0, 0]
				},
				"spike_right4": {
					"rotation": ["-20-math.sin(q.anim_time*90)*4", 0, 0]
				},
				"spike_left": {
					"rotation": ["-30-math.sin(q.anim_time*90)*4", 0, 0]
				},
				"spike_left2": {
					"rotation": ["-32.5-math.sin(q.anim_time*90)*4", 0, 0]
				},
				"spike_left3": {
					"rotation": ["-27.5-math.sin(q.anim_time*90)*4", 0, 0]
				},
				"spike_left4": {
					"rotation": ["-20-math.sin(q.anim_time*90)*4", 0, 0]
				},
				"spike_middle": {
					"rotation": ["-25-math.sin(q.anim_time*90)*4", 0, 0]
				},
				"spike_bottom_middle": {
					"rotation": [50, 0, 0],
					"position": [0, 0.25, 0.5]
				},
				"spike_bottom_middle2": {
					"rotation": [47.5, 0, 0],
					"position": [0, 0, 0.5]
				},
				"spike_bottom_middle4": {
					"rotation": [50, 0, 0]
				},
				"spike_bottom_middle6": {
					"rotation": [40, 0, 0]
				},
				"spike_bottom_middle7": {
					"rotation": [35, 0, 0]
				},
				"spike_bottom_middle5": {
					"rotation": [47.5, 0, 0]
				},
				"spike_bottom_middle3": {
					"rotation": [45, 0, 0],
					"position": [0, 0.25, 0.25]
				},
				"tail": {
					"rotation": ["-40+math.sin(q.anim_time*90-60)*8", 0, 0]
				},
				"shoulder_right": {
					"rotation": [0, "-35+math.sin(q.anim_time*90-30)*5", -67.5],
					"position": ["-((0-math.sin(q.anim_time*90-40)*0.4))", "(-7-math.sin(q.anim_time*90-30)*-0.96)", "math.sin(q.anim_time*90-30)*-0.5"]
				},
				"arm_right": {
					"rotation": [0, -17.5, 0]
				},
				"arm_right2": {
					"rotation": [1.23272, "-((36.016512626-math.sin(q.anim_time*90-30)*-4))", -18.66201],
					"position": ["-(math.sin(q.anim_time*90-30)*0.4)", 0, 0]
				},
				"hand_right": {
					"rotation": [-15.99207, "-((-19.2612300206-math.sin(q.anim_time*90-60)*2))", "-((34.9206757452-math.sin(q.anim_time*90-40)*-3))"],
					"position": [-1, -1, 0]
				},
				"thumb_right": {
					"rotation": [0, 0, 40],
					"position": [0, 0, 2]
				},
				"hand_right2": {
					"rotation": [0, "-((-57.5-math.sin(q.anim_time*90-90)*-1))", 0],
					"position": [1.85, 0, 3.35]
				},
				"claws_right": {
					"rotation": [0, 32.5, 0]
				},
				"shoulder_left": {
					"rotation": [0, "35+math.sin(q.anim_time*90-30)*-5", 67.5],
					"position": ["(0-math.sin(q.anim_time*90-40)*0.4)", "(-7-math.sin(q.anim_time*90-30)*-0.96)", "math.sin(q.anim_time*90-30)*-0.5"]
				},
				"arm_left": {
					"rotation": [0, 17.5, 0]
				},
				"arm_left2": {
					"rotation": [1.23272, "(36.016512626-math.sin(q.anim_time*90-30)*-4)", 18.66201],
					"position": ["math.sin(q.anim_time*90-30)*0.4", 0, 0]
				},
				"hand_left": {
					"rotation": [-15.99207, "(-19.2612300206-math.sin(q.anim_time*90-60)*2)", "(34.9206757452-math.sin(q.anim_time*90-40)*-3)"],
					"position": [1, -1, 0]
				},
				"thumb_left": {
					"rotation": [0, 0, -40],
					"position": [0, 0, 2]
				},
				"hand_left2": {
					"rotation": [0, "(-57.5-math.sin(q.anim_time*90-90)*-1)", 0],
					"position": [-1.85, 0, 3.35]
				},
				"claws_left": {
					"rotation": [0, -32.5, 0]
				},
				"thigh_right": {
					"rotation": ["(-80.923376702+math.sin(q.anim_time*90-10)*4)", 29.10559, -0.12233],
					"position": [0, "(-11.15+math.sin(q.anim_time*90-10)*0.75)", "(-1+math.sin(q.anim_time*90-10)*0.2)"]
				},
				"leg_right": {
					"rotation": ["(60+math.sin(q.anim_time*90-10)*-4)", 0, -12.5]
				},
				"foot_right": {
					"rotation": [20, 0, 0]
				},
				"thigh_left": {
					"rotation": ["(-80.923376702+math.sin(q.anim_time*90-10)*4)", -29.10559, 0.12233],
					"position": [0, "(-11.15+math.sin(q.anim_time*90-10)*0.75)", "(-1+math.sin(q.anim_time*90-10)*0.2)"]
				},
				"leg_left": {
					"rotation": ["(60+math.sin(q.anim_time*90-10)*-4)", 0, 12.5]
				},
				"foot_left": {
					"rotation": [20, 0, 0]
				}
			}
		},
		"animation.ursaluna.blink": {
			"animation_length": 0.1667,
			"bones": {
				"eyelid_left": {
					"position": {
						"0.0": [0, 0, -0.1],
						"0.125": [0, 0, -0.1],
						"0.1667": {
							"pre": [0, 0, -0.1],
							"post": [0, 0, 0.1]
						}
					}
				},
				"eyelid_right": {
					"position": {
						"0.0": [0, 0, -0.1],
						"0.125": [0, 0, -0.1],
						"0.1667": {
							"pre": [0, 0, -0.1],
							"post": [0, 0, 0.1]
						}
					}
				}
			}
		},
		"animation.ursaluna.cry": {
			"animation_length": 1.5,
			"bones": {
				"head": {
					"rotation": {
						"0.0": {
							"post": [0, 0, 0],
							"lerp_mode": "catmullrom"
						},
						"0.1667": {
							"post": [-12.5, 0, 0],
							"lerp_mode": "catmullrom"
						},
						"1.2917": {
							"post": [-12.5, 0, 0],
							"lerp_mode": "catmullrom"
						},
						"1.4583": [0, 0, 0]
					}
				},
				"jaw": {
					"rotation": {
						"0.0": {
							"post": [0, 0, 0],
							"lerp_mode": "catmullrom"
						},
						"0.25": {
							"post": [55, 0, 0],
							"lerp_mode": "catmullrom"
						},
						"1.0417": {
							"post": [55, 0, 0],
							"lerp_mode": "catmullrom"
						},
						"1.4167": [0, 0, 0]
					}
				}
			},
			"sound_effects": {
				"0.0833": {
					"effect": "pokemon.ursaluna.cry"
				}
			}
		},
		"animation.ursaluna.recoil": {
			"animation_length": 1,
			"bones": {
				"head": {
					"rotation": {
						"0.0": [0, 0, 0],
						"0.0833": [17.5, 0, 0],
						"0.2083": {
							"pre": [-30, 0, 0],
							"post": [-30, 0, 0],
							"lerp_mode": "catmullrom"
						},
						"0.5": [-30, 0, 0],
						"0.75": {
							"pre": [0, 0, 0],
							"post": [0, 0, 0],
							"lerp_mode": "catmullrom"
						},
						"1.0": [0, 0, 0]
					}
				},
				"eyelid_left": {
					"position": {
						"0.0": [0, 0, 0],
						"0.125": {
							"pre": [0, 0, 0],
							"post": [0, 0, -0.1]
						},
						"0.6667": {
							"pre": [0, 0, -0.1],
							"post": [0, 0, 0]
						}
					}
				},
				"eyelid_right": {
					"position": {
						"0.0": [0, 0, 0],
						"0.125": {
							"pre": [0, 0, 0],
							"post": [0, 0, -0.1]
						},
						"0.6667": {
							"pre": [0, 0, -0.1],
							"post": [0, 0, 0]
						}
					}
				},
				"jaw": {
					"rotation": {
						"0.0": [0, 0, 0],
						"0.0833": [0, 0, 0],
						"0.2083": {
							"pre": [27.5, 0, 0],
							"post": [27.5, 0, 0],
							"lerp_mode": "catmullrom"
						},
						"0.5": [27.5, 0, 0],
						"0.75": {
							"pre": [0, 0, 0],
							"post": [0, 0, 0],
							"lerp_mode": "catmullrom"
						},
						"1.0": [0, 0, 0]
					}
				},
				"head_spike_right": {
					"rotation": {
						"0.0": [0, 0, 0],
						"0.0833": {
							"pre": [0, 0, 35],
							"post": [0, 0, 35],
							"lerp_mode": "catmullrom"
						},
						"0.2083": {
							"post": [0, 0, -25],
							"lerp_mode": "catmullrom"
						},
						"0.5": {
							"post": [0, 0, 0],
							"lerp_mode": "catmullrom"
						},
						"1.0": [0, 0, 0]
					}
				},
				"head_spike_right2": {
					"rotation": {
						"0.0": [0, 0, 0],
						"0.0833": {
							"pre": [0, 0, 35],
							"post": [0, 0, 35],
							"lerp_mode": "catmullrom"
						},
						"0.2083": {
							"post": [0, 0, -25],
							"lerp_mode": "catmullrom"
						},
						"0.5": {
							"post": [0, 0, 0],
							"lerp_mode": "catmullrom"
						},
						"1.0": [0, 0, 0]
					}
				},
				"head_spike_right3": {
					"rotation": {
						"0.0": [0, 0, 0],
						"0.0833": {
							"pre": [0, 0, 35],
							"post": [0, 0, 35],
							"lerp_mode": "catmullrom"
						},
						"0.2083": {
							"post": [0, 0, -20],
							"lerp_mode": "catmullrom"
						},
						"0.5": {
							"post": [0, 0, 0],
							"lerp_mode": "catmullrom"
						},
						"1.0": [0, 0, 0]
					}
				},
				"head_spike_right4": {
					"rotation": {
						"0.0": [0, 0, 0],
						"0.0833": {
							"pre": [0, 0, 35],
							"post": [0, 0, 35],
							"lerp_mode": "catmullrom"
						},
						"0.2083": {
							"post": [0, 0, -20],
							"lerp_mode": "catmullrom"
						},
						"0.5": {
							"post": [0, 0, 0],
							"lerp_mode": "catmullrom"
						},
						"1.0": [0, 0, 0]
					}
				},
				"head_spike_left": {
					"rotation": {
						"0.0": [0, 0, 0],
						"0.0833": {
							"pre": [0, 0, -35],
							"post": [0, 0, -35],
							"lerp_mode": "catmullrom"
						},
						"0.2083": {
							"post": [0, 0, 25],
							"lerp_mode": "catmullrom"
						},
						"0.5": {
							"post": [0, 0, 0],
							"lerp_mode": "catmullrom"
						},
						"1.0": [0, 0, 0]
					}
				},
				"head_spike_left2": {
					"rotation": {
						"0.0": [0, 0, 0],
						"0.0833": {
							"pre": [0, 0, -35],
							"post": [0, 0, -35],
							"lerp_mode": "catmullrom"
						},
						"0.2083": {
							"post": [0, 0, 25],
							"lerp_mode": "catmullrom"
						},
						"0.5": {
							"post": [0, 0, 0],
							"lerp_mode": "catmullrom"
						},
						"1.0": [0, 0, 0]
					}
				},
				"head_spike_left3": {
					"rotation": {
						"0.0": [0, 0, 0],
						"0.0833": {
							"pre": [0, 0, -35],
							"post": [0, 0, -35],
							"lerp_mode": "catmullrom"
						},
						"0.2083": {
							"post": [0, 0, 20],
							"lerp_mode": "catmullrom"
						},
						"0.5": {
							"post": [0, 0, 0],
							"lerp_mode": "catmullrom"
						},
						"1.0": [0, 0, 0]
					}
				},
				"head_spike_left4": {
					"rotation": {
						"0.0": [0, 0, 0],
						"0.0833": {
							"pre": [0, 0, -35],
							"post": [0, 0, -35],
							"lerp_mode": "catmullrom"
						},
						"0.2083": {
							"post": [0, 0, 20],
							"lerp_mode": "catmullrom"
						},
						"0.5": {
							"post": [0, 0, 0],
							"lerp_mode": "catmullrom"
						},
						"1.0": [0, 0, 0]
					}
				},
				"ear_right": {
					"rotation": {
						"0.0": [0, 0, 0],
						"0.0833": {
							"pre": [0, 0, 20],
							"post": [0, 0, 20],
							"lerp_mode": "catmullrom"
						},
						"0.2083": {
							"post": [0, 0, -15],
							"lerp_mode": "catmullrom"
						},
						"0.5": [0, 0, -15],
						"0.8333": {
							"pre": [0, 0, -10],
							"post": [0, 0, -10],
							"lerp_mode": "catmullrom"
						},
						"1.0": [0, 0, 0]
					},
					"position": {
						"0.0": [0, 0, 0],
						"0.0833": {
							"pre": [0, 0, 0],
							"post": [0, 0, 0],
							"lerp_mode": "catmullrom"
						},
						"0.2083": {
							"post": [-0.75, 0, 0],
							"lerp_mode": "catmullrom"
						},
						"0.5": [-0.75, 0, 0],
						"0.8333": {
							"pre": [0, 0, 0],
							"post": [0, 0, 0],
							"lerp_mode": "catmullrom"
						},
						"1.0": [0, 0, 0]
					}
				},
				"ear_left": {
					"rotation": {
						"0.0": [0, 0, 0],
						"0.0833": {
							"pre": [0, 0, -20],
							"post": [0, 0, -20],
							"lerp_mode": "catmullrom"
						},
						"0.2083": {
							"post": [0, 0, 15],
							"lerp_mode": "catmullrom"
						},
						"0.5": [0, 0, 15],
						"0.8333": {
							"pre": [0, 0, 10],
							"post": [0, 0, 10],
							"lerp_mode": "catmullrom"
						},
						"1.0": [0, 0, 0]
					},
					"position": {
						"0.0": [0, 0, 0],
						"0.0833": {
							"pre": [0, 0, 0],
							"post": [0, 0, 0],
							"lerp_mode": "catmullrom"
						},
						"0.2083": {
							"post": [0.75, 0, 0],
							"lerp_mode": "catmullrom"
						},
						"0.5": [0.75, 0, 0],
						"0.8333": {
							"pre": [0, 0, 0],
							"post": [0, 0, 0],
							"lerp_mode": "catmullrom"
						},
						"1.0": [0, 0, 0]
					}
				},
				"spike_right": {
					"rotation": {
						"0.0": [0, 0, 0],
						"0.0833": {
							"pre": [15, 0, 0],
							"post": [15, 0, 0],
							"lerp_mode": "catmullrom"
						},
						"0.2083": {
							"post": [-22.5, 0, 0],
							"lerp_mode": "catmullrom"
						},
						"0.5": {
							"post": [0, 0, 0],
							"lerp_mode": "catmullrom"
						},
						"1.0": [0, 0, 0]
					}
				},
				"spike_right2": {
					"rotation": {
						"0.0": [0, 0, 0],
						"0.0833": {
							"pre": [15, 0, 0],
							"post": [15, 0, 0],
							"lerp_mode": "catmullrom"
						},
						"0.2083": {
							"post": [-22.5, 0, 0],
							"lerp_mode": "catmullrom"
						},
						"0.5": {
							"post": [0, 0, 0],
							"lerp_mode": "catmullrom"
						},
						"1.0": [0, 0, 0]
					}
				},
				"spike_right3": {
					"rotation": {
						"0.0": [0, 0, 0],
						"0.0833": {
							"pre": [15, 0, 0],
							"post": [15, 0, 0],
							"lerp_mode": "catmullrom"
						},
						"0.2083": {
							"post": [-22.5, 0, 0],
							"lerp_mode": "catmullrom"
						},
						"0.5": {
							"post": [0, 0, 0],
							"lerp_mode": "catmullrom"
						},
						"1.0": [0, 0, 0]
					}
				},
				"spike_right4": {
					"rotation": {
						"0.0": [0, 0, 0],
						"0.0833": {
							"pre": [15, 0, 0],
							"post": [15, 0, 0],
							"lerp_mode": "catmullrom"
						},
						"0.2083": {
							"post": [-22.5, 0, 0],
							"lerp_mode": "catmullrom"
						},
						"0.5": {
							"post": [0, 0, 0],
							"lerp_mode": "catmullrom"
						},
						"1.0": [0, 0, 0]
					}
				},
				"spike_left": {
					"rotation": {
						"0.0": [0, 0, 0],
						"0.0833": {
							"pre": [15, 0, 0],
							"post": [15, 0, 0],
							"lerp_mode": "catmullrom"
						},
						"0.2083": {
							"post": [-22.5, 0, 0],
							"lerp_mode": "catmullrom"
						},
						"0.5": {
							"post": [0, 0, 0],
							"lerp_mode": "catmullrom"
						},
						"1.0": [0, 0, 0]
					}
				},
				"spike_left2": {
					"rotation": {
						"0.0": [0, 0, 0],
						"0.0833": {
							"pre": [15, 0, 0],
							"post": [15, 0, 0],
							"lerp_mode": "catmullrom"
						},
						"0.2083": {
							"post": [-22.5, 0, 0],
							"lerp_mode": "catmullrom"
						},
						"0.5": {
							"post": [0, 0, 0],
							"lerp_mode": "catmullrom"
						},
						"1.0": [0, 0, 0]
					}
				},
				"spike_left3": {
					"rotation": {
						"0.0": [0, 0, 0],
						"0.0833": {
							"pre": [15, 0, 0],
							"post": [15, 0, 0],
							"lerp_mode": "catmullrom"
						},
						"0.2083": {
							"post": [-22.5, 0, 0],
							"lerp_mode": "catmullrom"
						},
						"0.5": {
							"post": [0, 0, 0],
							"lerp_mode": "catmullrom"
						},
						"1.0": [0, 0, 0]
					}
				},
				"spike_left4": {
					"rotation": {
						"0.0": [0, 0, 0],
						"0.0833": {
							"pre": [15, 0, 0],
							"post": [15, 0, 0],
							"lerp_mode": "catmullrom"
						},
						"0.2083": {
							"post": [-22.5, 0, 0],
							"lerp_mode": "catmullrom"
						},
						"0.5": {
							"post": [0, 0, 0],
							"lerp_mode": "catmullrom"
						},
						"1.0": [0, 0, 0]
					}
				},
				"spike_middle": {
					"rotation": {
						"0.0": [0, 0, 0],
						"0.0833": {
							"pre": [15, 0, 0],
							"post": [15, 0, 0],
							"lerp_mode": "catmullrom"
						},
						"0.2083": {
							"post": [-22.5, 0, 0],
							"lerp_mode": "catmullrom"
						},
						"0.5": {
							"post": [0, 0, 0],
							"lerp_mode": "catmullrom"
						},
						"1.0": [0, 0, 0]
					}
				},
				"upper_body": {
					"rotation": {
						"0.0": [0, 0, 0],
						"0.0417": {
							"pre": [0, 0, 0],
							"post": [0, 0, 0],
							"lerp_mode": "catmullrom"
						},
						"0.125": [0.4, 0, 0],
						"0.2917": {
							"pre": [-2.25, 0, 0],
							"post": [-2.25, 0, 0],
							"lerp_mode": "catmullrom"
						},
						"0.5": {
							"post": [-1.5, 0, 0],
							"lerp_mode": "catmullrom"
						},
						"0.6667": [0.75, 0, 0],
						"0.7917": {
							"pre": [0, 0, 0],
							"post": [0, 0, 0],
							"lerp_mode": "catmullrom"
						},
						"1.0": [0, 0, 0]
					}
				}
			}
		},
		"animation.ursaluna.hold_item": {
			"loop": true,
			"animation_length": 14,
			"bones": {
				"jaw": {
					"rotation": [7.5, 0, 0]
				}
			}
		},
		"animation.ursaluna.ride_ground_walk": {
			"loop": true,
			"bones": {
				"hip": {
					"rotation": [0, "q.r.yaw_change(0)*-10", 0]
				},
				"torso": {
					"rotation": [0, "q.r.yaw_change(0)*10", 0]
				},
				"upper_body": {
					"rotation": [0, "q.r.yaw_change(0)*10", 0]
				},
				"arms": {
					"rotation": [0, "q.r.yaw_change(0)*10", 0]
				},
				"head": {
					"rotation": [0, "q.r.yaw_change(0)*20", 0]
				}
			}
		},
		"animation.ursaluna.ride_ground_run": {
			"loop": true,
			"bones": {
				"hip": {
					"rotation": [0, "q.r.yaw_change(0)*-5", "q.r.yaw_change(0)*-10"]
				},
				"torso": {
					"rotation": [0, "q.r.yaw_change(0)*8", 0]
				},
				"upper_body": {
					"rotation": [0, "q.r.yaw_change(0)*4", 0]
				},
				"head": {
					"rotation": [0, "q.r.yaw_change(0)*20", 0]
				},
				"shoulder_right": {
					"position": ["q.r.yaw_change(0)*-1.5", 0, 0]
				},
				"shoulder_left": {
					"position": ["q.r.yaw_change(0)*-1.5", 0, 0]
				},
				"arms": {
					"rotation": [0, "q.r.yaw_change(0)*4", 0]
				}
			}
		},
		"animation.ursaluna.ride_jump": {
			"loop": true,
			"bones": {
				"body": {
					"rotation": ["q.r.velocity_y(0)*-20+math.sin(q.anim_time*90*30-90)*0.2", 0, 0],
					"position": [0, "q.r.velocity_y(0)*2", 0]
				},
				"hip": {
					"rotation": ["5+q.r.velocity_y(0)*20", 0, 0]
				},
				"torso": {
					"rotation": ["-2.5+q.r.velocity_y(0)*-10", 0, 0]
				},
				"upper_body": {
					"rotation": ["-7.5+q.r.velocity_y(0)*-12", 0, 0]
				},
				"jaw": {
					"rotation": ["25+math.sin(q.anim_time*90*20-30)*3", 0, 0]
				},
				"head_spike_right": {
					"rotation": [0, 0, "q.r.velocity_y(0)*-20+math.sin(q.anim_time*90*20-30)*5"]
				},
				"head_spike_right2": {
					"rotation": [0, 0, "q.r.velocity_y(0)*-20+math.sin(q.anim_time*90*20-30)*5"]
				},
				"head_spike_right3": {
					"rotation": [0, 0, "q.r.velocity_y(0)*-20+math.sin(q.anim_time*90*20-30)*5"]
				},
				"head_spike_right4": {
					"rotation": [0, 0, "q.r.velocity_y(0)*-20+math.sin(q.anim_time*90*20-30)*5"]
				},
				"head_spike_left": {
					"rotation": [0, 0, "q.r.velocity_y(0)*20+math.sin(q.anim_time*90*20-30)*5"]
				},
				"head_spike_left2": {
					"rotation": [0, 0, "q.r.velocity_y(0)*20+math.sin(q.anim_time*90*20-30)*5"]
				},
				"head_spike_left3": {
					"rotation": [0, 0, "q.r.velocity_y(0)*20+math.sin(q.anim_time*90*20-30)*5"]
				},
				"head_spike_left4": {
					"rotation": [0, 0, "q.r.velocity_y(0)*20+math.sin(q.anim_time*90*20-30)*5"]
				},
				"ear_right": {
					"rotation": ["-30+math.sin(q.anim_time*90*20-30)*5", 0, "-(math.cos(q.anim_time*90*20-30)*2)"]
				},
				"ear_left": {
					"rotation": ["-30+math.sin(q.anim_time*90*20-30)*5", 0, "math.cos(q.anim_time*90*20-30)*2"]
				},
				"spike_right": {
					"rotation": ["-20+q.r.velocity_y(0)*10+math.sin(q.anim_time*90*20-30)*5", 0, 0]
				},
				"spike_right2": {
					"rotation": ["-20+q.r.velocity_y(0)*10+math.sin(q.anim_time*90*20-32)*5", 0, 0]
				},
				"spike_right3": {
					"rotation": ["-20+q.r.velocity_y(0)*10+math.sin(q.anim_time*90*20-51)*5", 0, 0]
				},
				"spike_right4": {
					"rotation": ["-20+q.r.velocity_y(0)*10+math.sin(q.anim_time*90*20-41)*5", 0, 0]
				},
				"spike_left": {
					"rotation": ["-20+q.r.velocity_y(0)*10+math.sin(q.anim_time*90*20-39)*5", 0, 0]
				},
				"spike_left2": {
					"rotation": ["-20+q.r.velocity_y(0)*10+math.sin(q.anim_time*90*20-35)*5", 0, 0]
				},
				"spike_left3": {
					"rotation": ["-20+q.r.velocity_y(0)*10+math.sin(q.anim_time*90*20-30)*5", 0, 0]
				},
				"spike_left4": {
					"rotation": ["-20+q.r.velocity_y(0)*10+math.sin(q.anim_time*90*20-45)*5", 0, 0]
				},
				"spike_middle": {
					"rotation": ["-20+q.r.velocity_y(0)*10+math.sin(q.anim_time*90*20-50)*5", 0, 0]
				},
				"spike_bottom_middle": {
					"rotation": ["20+q.r.velocity_y(0)*-10+math.sin(q.anim_time*90*20-30)*5", 0, 0]
				},
				"spike_bottom_middle2": {
					"rotation": ["20+q.r.velocity_y(0)*-10+math.sin(q.anim_time*90*20-30)*5", 0, 0]
				},
				"spike_bottom_middle4": {
					"rotation": ["20+q.r.velocity_y(0)*-10+math.sin(q.anim_time*90*20-30)*5", 0, 0]
				},
				"spike_bottom_middle6": {
					"rotation": ["20+q.r.velocity_y(0)*-10+math.sin(q.anim_time*90*20-30)*5", 0, 0]
				},
				"spike_bottom_middle7": {
					"rotation": ["20+q.r.velocity_y(0)*-10+math.sin(q.anim_time*90*20-30)*5", 0, 0]
				},
				"spike_bottom_middle5": {
					"rotation": ["20+q.r.velocity_y(0)*-10+math.sin(q.anim_time*90*20-30)*5", 0, 0]
				},
				"spike_bottom_middle3": {
					"rotation": ["20+q.r.velocity_y(0)*-10+math.sin(q.anim_time*90*20-30)*5", 1.87147, 4.10261]
				},
				"tail": {
					"rotation": ["q.r.velocity_y(0)*-30+math.sin(q.anim_time*90*20-30)*5", "math.cos(q.anim_time*90*20-30)*2", 0]
				},
				"shoulder_right": {
					"rotation": [-2.18558, "-9.7606-q.r.velocity_y(0)*-30+math.sin(q.anim_time*90*20-30)*0.3", -74.81336],
					"position": [0, "q.r.velocity_y(0)*-3", 0]
				},
				"shoulder_spike_right": {
					"rotation": [0, "-15+q.r.velocity_y(0)*20+math.sin(q.anim_time*90*30-60)*2", 0]
				},
				"shoulder_spike_right2": {
					"rotation": [0, 0, "15+q.r.velocity_y(0)*-20+math.sin(q.anim_time*90*30-60)*2"]
				},
				"shoulder_spike_right3": {
					"rotation": [0, 0, "15+q.r.velocity_y(0)*-20+math.sin(q.anim_time*90*30-60)*2"]
				},
				"shoulder_spike_right4": {
					"rotation": [0, 0, "15+q.r.velocity_y(0)*-20+math.sin(q.anim_time*90*30-60)*2"]
				},
				"shoulder_spike_right5": {
					"rotation": [0, "15+q.r.velocity_y(0)*-20+math.sin(q.anim_time*90*30-60)*2", 0]
				},
				"arm_right2": {
					"rotation": [0, "-30-q.r.velocity_y(0)*20", 0]
				},
				"hand_right": {
					"rotation": [0, "32.5-q.r.velocity_y(0)*-10+math.sin(q.anim_time*90*20)*0.8", 0],
					"position": [0, 0, "0.532.5-q.r.velocity_y(0)*-0.75"]
				},
				"thumb_right": {
					"rotation": [-55, 0, 0]
				},
				"claws_right": {
					"rotation": [0, 20, 0]
				},
				"shoulder_left": {
					"rotation": [-2.18558, "9.7606109792+q.r.velocity_y(0)*-30+math.sin(q.anim_time*90*20-30)*0.3", 74.81336],
					"position": [0, "q.r.velocity_y(0)*-3", 0]
				},
				"shoulder_spike_left": {
					"rotation": [0, "15+q.r.velocity_y(0)*-20+math.sin(q.anim_time*90*30-60)*2", 0]
				},
				"shoulder_spike_left2": {
					"rotation": [0, 0, "-15+q.r.velocity_y(0)*20+math.sin(q.anim_time*90*30-60)*2"]
				},
				"shoulder_spike_left3": {
					"rotation": [0, 0, "-15+q.r.velocity_y(0)*20+math.sin(q.anim_time*90*30-60)*2"]
				},
				"shoulder_spike_left4": {
					"rotation": [0, 0, "-15+q.r.velocity_y(0)*20+math.sin(q.anim_time*90*30-60)*2"]
				},
				"shoulder_spike_left5": {
					"rotation": [0, "-15+q.r.velocity_y(0)*20+math.sin(q.anim_time*90*30-60)*2", 0]
				},
				"arm_left2": {
					"rotation": [0, "30+q.r.velocity_y(0)*20+math.sin(q.anim_time*90*20)*0.8", 0]
				},
				"hand_left": {
					"rotation": [0, "-32.5+q.r.velocity_y(0)*-10", 0],
					"position": [0, 0, "0.532.5+q.r.velocity_y(0)*-0.75"]
				},
				"thumb_left": {
					"rotation": [-55, 0, 0]
				},
				"claws_left": {
					"rotation": [0, -20, 0]
				},
				"thigh_right": {
					"rotation": ["15+q.r.velocity_y(0)*30", "20+q.r.velocity_y(0)*-10", "10+q.r.velocity_y(0)*10"]
				},
				"leg_right": {
					"rotation": ["32.5+q.r.velocity_y(0)*-12", 0, 0]
				},
				"foot_right": {
					"rotation": [35, 0, 0]
				},
				"foot_claws_right": {
					"rotation": [20, 0, 0]
				},
				"thigh_left": {
					"rotation": ["15+q.r.velocity_y(0)*30", "-20+q.r.velocity_y(0)*10", "-10+q.r.velocity_y(0)*-10"]
				},
				"leg_left": {
					"rotation": ["27.5+q.r.velocity_y(0)*-12", 0, 0]
				},
				"foot_left": {
					"rotation": [17.5, 0, 0]
				},
				"foot_claws_left": {
					"rotation": [20, 0, 0]
				},
				"head": {
					"rotation": ["q.r.velocity_y(0)*-15+math.sin(q.anim_time*90*20-30)*2", 0, 0]
				}
			}
		},
		"animation.ursaluna.walkspeedtest": {
			"loop": true,
			"bones": {
				"body": {
					"position": [0, 0, "47-q.anim_time*90*0.2"]
				}
			}
		},
		"animation.ursaluna.runspeedtest": {
			"loop": true,
			"bones": {
				"body": {
					"position": [0, 0, "47-q.anim_time*90*1.3"]
				}
			}
		}
	}
}