{
	"format_version": "1.8.0",
	"animations": {
		"animation.ninetales.ground_idle": {
			"loop": true,
			"bones": {
				"body": {
					"position": [0, "-0.3+math.cos(q.anim_time*90*2+30)*0.05", 0]
				},
				"torso": {
					"rotation": ["5-math.cos(q.anim_time*90*2-0)*0.5", 0, 0],
					"position": [0, "0+math.cos(q.anim_time*90*2-30)*0.1", 0]
				},
				"chest": {
					"rotation": [-5, 0, 0]
				},
				"neck": {
					"rotation": ["-12.5-math.cos(q.anim_time*90*2-30)*1", 0, 0]
				},
				"neck_fur_left2": {
					"rotation": [0, 0, "-7.5+math.cos(q.anim_time*90*2-60)*-1"]
				},
				"neck_fur_right2": {
					"rotation": [0, 0, "7.5+math.cos(q.anim_time*90*2-60)*1"]
				},
				"neck2": {
					"rotation": [-12.5, 0, 0]
				},
				"head_rotation": {
					"rotation": ["32.5-math.cos(q.anim_time*90*2-60)*1.15", 0, 0]
				},
				"hair2": {
					"rotation": ["-2.5-math.cos(q.anim_time*90*2-120)*1.35", 0, 0]
				},
				"hair_back_top": {
					"rotation": ["-2.5-math.cos(q.anim_time*90*2-150)*1.65", 0, 0]
				},
				"hair_back_top2": {
					"rotation": ["-22.5-math.cos(q.anim_time*90*2-180)*2", 0, 0]
				},
				"hair_back_bottom2": {
					"rotation": ["-20-math.cos(q.anim_time*90*2-180)*2", 0, 0]
				},
				"tail_middle": {
					"rotation": ["42.5-math.cos(q.anim_time*90*2-45)*0.75", 0, 0]
				},
				"tail_middle2": {
					"rotation": ["7.5-math.cos(q.anim_time*90*2-90)*1", 0, 0]
				},
				"tail_middle3": {
					"rotation": ["17.5-math.cos(q.anim_time*90*2-135)*1.35", 0, 0]
				},
				"tail_middle4": {
					"rotation": ["-37.5-math.cos(q.anim_time*90*2-180)*3", 0, 0]
				},
				"tail_middle5": {
					"rotation": ["-35-math.cos(q.anim_time*90*2-225)*4.5", 2.5, 0]
				},
				"tail_middle6": {
					"rotation": ["-35-math.cos(q.anim_time*90*2-270)*6.5", 0, 0]
				},
				"tail_middle7": {
					"rotation": ["-17.5-math.cos(q.anim_time*90*2-315)*8", 0, 0]
				},
				"tail_middle8": {
					"rotation": ["-17.5-math.cos(q.anim_time*90*2-360)*12", 0, 0]
				},
				"tail_left1_rotation": {
					"rotation": ["27.52564-math.cos(q.anim_time*90*2-90)*0.75", 2.04767, 1.43455]
				},
				"tail_left1_2": {
					"rotation": ["15.01365-math.cos(q.anim_time*90*2-135)*1", 2.41476, 0.64743]
				},
				"tail_left1_3": {
					"rotation": ["17.5-math.cos(q.anim_time*90*2-180)*1.35", 0, 0]
				},
				"tail_left1_4": {
					"rotation": ["-32.59907-math.cos(q.anim_time*90*2-225)*3", -4.21541, 2.69136]
				},
				"tail_left1_5": {
					"rotation": ["-37.60555-math.cos(q.anim_time*90*2-270)*4.5", -3.9649, 3.04868]
				},
				"tail_left1_6": {
					"rotation": ["-40.1076-math.cos(q.anim_time*90*2-315)*6.5", 3.82821, -3.21873]
				},
				"tail_left1_7": {
					"rotation": ["-27.70212-math.cos(q.anim_time*90*2-360)*8", 6.64851, -3.47875]
				},
				"tail_left1_8": {
					"rotation": ["0.86748-math.cos(q.anim_time*90*2-405)*12", 12.95254, 7.63074]
				},
				"tail_left2_rotation": {
					"rotation": ["22.57734-math.cos(q.anim_time*90*2-135)*0.75", 4.61854, 1.91757]
				},
				"tail_left2_2": {
					"rotation": ["12.5-math.cos(q.anim_time*90*2-180)*1", 0, 0]
				},
				"tail_left2_3": {
					"rotation": ["15-math.cos(q.anim_time*90*2-225)*1.35", 0, 0]
				},
				"tail_left2_4": {
					"rotation": ["-20-math.cos(q.anim_time*90*2-270)*3", 0, 0]
				},
				"tail_left2_5": {
					"rotation": ["-56.26501-math.cos(q.anim_time*90*2-315)*5", -9.93191, 14.48174]
				},
				"tail_left2_6": {
					"rotation": ["-37.15846-math.cos(q.anim_time*90*2-360)*8", 18.26883, -13.36473]
				},
				"tail_left2_7": {
					"rotation": ["5.62598-math.cos(q.anim_time*90*2-405)*12", 10.51794, 6.79286]
				},
				"tail_left3_rotation": {
					"rotation": ["10-math.cos(q.anim_time*90*2-180)*0.75", 0, 0]
				},
				"tail_left3_2": {
					"rotation": ["22.57734-math.cos(q.anim_time*90*2-225)*1", 4.61854, 1.91757]
				},
				"tail_left3_3": {
					"rotation": ["10-math.cos(q.anim_time*90*2-270)*1.35", 0, 0]
				},
				"tail_left3_4": {
					"rotation": ["-30-math.cos(q.anim_time*90*2-315)*3", 0, 0]
				},
				"tail_left3_5": {
					"rotation": ["-22.86082-math.cos(q.anim_time*90*2-360)*5", -8.86042, 4.65468]
				},
				"tail_left3_6": {
					"rotation": ["-25.68528-math.cos(q.anim_time*90*2-405)*8", 9.18229, -8.51814]
				},
				"tail_left3_7": {
					"rotation": ["0.41318-math.cos(q.anim_time*90*2-450)*12", 8.17773, 5.77509]
				},
				"tail_right1_rotation": {
					"rotation": ["27.52564-math.cos(q.anim_time*90*2-90)*0.75", -2.04767, -1.43455]
				},
				"tail_right1_2": {
					"rotation": ["15.01365-math.cos(q.anim_time*90*2-135)*1", -2.41476, -0.64743]
				},
				"tail_right1_3": {
					"rotation": ["17.5-math.cos(q.anim_time*90*2-180)*1.35", 0, 0]
				},
				"tail_right1_4": {
					"rotation": ["-32.59907-math.cos(q.anim_time*90*2-225)*3", 4.21541, -2.69136]
				},
				"tail_right1_5": {
					"rotation": ["-37.60555-math.cos(q.anim_time*90*2-270)*4.5", 3.9649, -3.04868]
				},
				"tail_right1_6": {
					"rotation": ["-40.1076-math.cos(q.anim_time*90*2-315)*6.5", -3.82821, 3.21873]
				},
				"tail_right1_7": {
					"rotation": ["-27.70212-math.cos(q.anim_time*90*2-360)*8", -6.64851, 3.47875]
				},
				"tail_right1_8": {
					"rotation": ["0.86748-math.cos(q.anim_time*90*2-405)*12", -12.95254, -7.63074]
				},
				"tail_right2_rotation": {
					"rotation": ["22.57734-math.cos(q.anim_time*90*2-135)*0.75", -4.61854, -1.91757]
				},
				"tail_right2_2": {
					"rotation": ["12.5-math.cos(q.anim_time*90*2-180)*1", 0, 0]
				},
				"tail_right2_3": {
					"rotation": ["15-math.cos(q.anim_time*90*2-225)*1.35", 0, 0]
				},
				"tail_right2_4": {
					"rotation": ["-20-math.cos(q.anim_time*90*2-270)*3", 0, 0]
				},
				"tail_right2_5": {
					"rotation": ["-56.26501-math.cos(q.anim_time*90*2-315)*5", 9.93191, -14.48174]
				},
				"tail_right2_6": {
					"rotation": ["-37.15846-math.cos(q.anim_time*90*2-360)*8", -18.26883, 13.36473]
				},
				"tail_right2_7": {
					"rotation": ["5.62598-math.cos(q.anim_time*90*2-405)*12", -10.51794, -6.79286]
				},
				"leg_front_left": {
					"rotation": ["-8.9811-math.cos(q.anim_time*90*2+30)*0.6", 0.43523, 4.98107],
					"position": [0, "-0.1+math.cos(q.anim_time*90*2+30)*-0.05", 0]
				},
				"leg_front_left2": {
					"rotation": ["-5-math.cos(q.anim_time*90*2+30)*-1", 0, 0]
				},
				"foot_front_left": {
					"rotation": ["15.5-math.cos(q.anim_time*90*2+30)*0.6", 0, -5]
				},
				"leg_back_left": {
					"rotation": ["10-math.cos(q.anim_time*90*2+30)*1", 0, -5]
				},
				"leg_back_left2": {
					"rotation": ["-3.5-math.cos(q.anim_time*90*2+30)*-0.75", 0, 0]
				},
				"leg_back_left3": {
					"rotation": ["-2.5-math.cos(q.anim_time*90*2+30)*-1", 0, 0]
				},
				"foot_back_left": {
					"rotation": ["-5-math.cos(q.anim_time*90*2+30)*0.5", 0, 7.5]
				},
				"leg_front_right": {
					"rotation": ["10.01893-math.cos(q.anim_time*90*2+30)*0.6", -0.43523, -4.98107],
					"position": [0, "0+math.cos(q.anim_time*90*2+30)*-0.045", 0]
				},
				"leg_front_right2": {
					"rotation": ["-9-math.cos(q.anim_time*90*2+30)*-1", 0, 0]
				},
				"foot_front_right": {
					"rotation": ["-0-math.cos(q.anim_time*90*2+30)*0.6", 0, 5]
				},
				"leg_back_right": {
					"rotation": ["10-math.cos(q.anim_time*90*2+30)*1", 0, 5]
				},
				"leg_back_right2": {
					"rotation": ["-3.5-math.cos(q.anim_time*90*2+30)*-0.75", 0, 0]
				},
				"leg_back_right3": {
					"rotation": ["-2.5-math.cos(q.anim_time*90*2+30)*-1", 0, 0]
				},
				"foot_back_right": {
					"rotation": ["-5-math.cos(q.anim_time*90*2+30)*0.5", 0, -7.5]
				},
				"tail_right3_rotation": {
					"rotation": ["10-math.cos(q.anim_time*90*2-180)*0.75", 0, 0]
				},
				"tail_right3_2": {
					"rotation": ["22.57734-math.cos(q.anim_time*90*2-225)*1", -4.61854, -1.91757]
				},
				"tail_right3_3": {
					"rotation": ["10-math.cos(q.anim_time*90*2-270)*1.35", 0, 0]
				},
				"tail_right3_4": {
					"rotation": ["-30-math.cos(q.anim_time*90*2-315)*3", 0, 0]
				},
				"tail_right3_5": {
					"rotation": ["-22.86082-math.cos(q.anim_time*90*2-360)*5", 8.86042, -4.65468]
				},
				"tail_right3_6": {
					"rotation": ["-25.68528-math.cos(q.anim_time*90*2-405)*8", -9.18229, 8.51814]
				},
				"tail_right3_7": {
					"rotation": ["0.41318-math.cos(q.anim_time*90*2-450)*12", -8.17773, -5.77509]
				},
				"tail_left4_rotation": {
					"rotation": ["-0-math.cos(q.anim_time*90*2-225)*0.75", 10, 0]
				},
				"tail_left4_2": {
					"rotation": ["17.5-math.cos(q.anim_time*90*2-270)*1.25", 0, 0]
				},
				"tail_left4_3": {
					"rotation": ["20.44582-math.cos(q.anim_time*90*2-315)*2", -11.73507, -4.3361]
				},
				"tail_left4_4": {
					"rotation": ["-23.84198-math.cos(q.anim_time*90*2-360)*4", -13.31791, 11.45696]
				},
				"tail_left4_5": {
					"rotation": ["-20.41318-math.cos(q.anim_time*90*2-405)*6", 8.17773, -5.77509]
				},
				"tail_left4_6": {
					"rotation": ["-5.2887-math.cos(q.anim_time*90*2-450)*12", 17.67415, 14.15251]
				},
				"tail_right4_rotation": {
					"rotation": ["-0-math.cos(q.anim_time*90*2-225)*0.75", -10, 0]
				},
				"tail_right4_2": {
					"rotation": ["17.5-math.cos(q.anim_time*90*2-270)*1.25", 0, 0]
				},
				"tail_right4_3": {
					"rotation": ["20.44582-math.cos(q.anim_time*90*2-315)*2", 11.73507, 4.3361]
				},
				"tail_right4_4": {
					"rotation": ["-23.84198-math.cos(q.anim_time*90*2-360)*4", 13.31791, -11.45696]
				},
				"tail_right4_5": {
					"rotation": ["-20.41318-math.cos(q.anim_time*90*2-405)*6", -8.17773, 5.77509]
				},
				"tail_right4_6": {
					"rotation": ["-5.2887-math.cos(q.anim_time*90*2-450)*12", -17.67415, -14.15251]
				},
				"neck_fur_front": {
					"rotation": ["-0-math.cos(q.anim_time*90*2-60)*0.75", 0, 0]
				},
				"neck_fur_front2": {
					"rotation": ["-5-math.cos(q.anim_time*90*2-90)*1.15", 0, 0]
				},
				"neck_fur_front3": {
					"rotation": ["-3-math.cos(q.anim_time*90*2-120)*1.5", 0, 0]
				},
				"hair": {
					"rotation": ["-0-math.cos(q.anim_time*90*2-90)*1.15", 0, 0]
				},
				"hair_back_bottom": {
					"rotation": ["-0-math.cos(q.anim_time*90*2-150)*1.65", 0, 0]
				}
			}
		},
		"animation.ninetales.battle_idle": {
			"loop": true,
			"bones": {
				"body": {
					"position": [0, "-0.3+math.cos(q.anim_time*90*2+30)*0.05", 0]
				},
				"torso": {
					"rotation": ["5-math.cos(q.anim_time*90*2-0)*0.5", 0, 0],
					"position": [0, "0+math.cos(q.anim_time*90*2-30)*0.1", 0]
				},
				"chest": {
					"rotation": [-4.84338, 0.006, -1.24227]
				},
				"neck": {
					"rotation": ["-12.5-math.cos(q.anim_time*90*2-30)*1", 0, 0]
				},
				"neck_fur_left2": {
					"rotation": [0, 0, "-7.5+math.cos(q.anim_time*90*2-60)*-1"]
				},
				"neck_fur_right2": {
					"rotation": [0, 0, "7.5+math.cos(q.anim_time*90*2-60)*1"]
				},
				"neck2": {
					"rotation": [-12.5, 0, 0]
				},
				"head_rotation": {
					"rotation": ["32.5-math.cos(q.anim_time*90*2-60)*1.15", 0, 0]
				},
				"hair2": {
					"rotation": ["-2.5-math.cos(q.anim_time*90*2-120)*1.35", 0, 0]
				},
				"hair_back_top": {
					"rotation": ["-2.5-math.cos(q.anim_time*90*2-150)*1.65", 0, 0]
				},
				"hair_back_top2": {
					"rotation": ["-22.5-math.cos(q.anim_time*90*2-180)*2", 0, 0]
				},
				"hair_back_bottom2": {
					"rotation": ["-20-math.cos(q.anim_time*90*2-180)*2", 0, 0]
				},
				"tail_middle": {
					"rotation": ["42.5-math.cos(q.anim_time*90*2-45)*0.75", 0, 0]
				},
				"tail_middle2": {
					"rotation": ["7.5-math.cos(q.anim_time*90*2-90)*1", 0, 0]
				},
				"tail_middle3": {
					"rotation": ["17.5-math.cos(q.anim_time*90*2-135)*1.35", 0, 0]
				},
				"tail_middle4": {
					"rotation": ["-37.5-math.cos(q.anim_time*90*2-180)*3", 0, 0]
				},
				"tail_middle5": {
					"rotation": ["-35-math.cos(q.anim_time*90*2-225)*4.5", 2.5, 0]
				},
				"tail_middle6": {
					"rotation": ["-35-math.cos(q.anim_time*90*2-270)*6.5", 0, 0]
				},
				"tail_middle7": {
					"rotation": ["-17.5-math.cos(q.anim_time*90*2-315)*8", 0, 0]
				},
				"tail_middle8": {
					"rotation": ["-17.5-math.cos(q.anim_time*90*2-360)*12", 0, 0]
				},
				"tail_left1_rotation": {
					"rotation": ["27.52564-math.cos(q.anim_time*90*2-90)*0.75", 2.04767, 1.43455]
				},
				"tail_left1_2": {
					"rotation": ["15.01365-math.cos(q.anim_time*90*2-135)*1", 2.41476, 0.64743]
				},
				"tail_left1_3": {
					"rotation": ["17.5-math.cos(q.anim_time*90*2-180)*1.35", 0, 0]
				},
				"tail_left1_4": {
					"rotation": ["-32.59907-math.cos(q.anim_time*90*2-225)*3", -4.21541, 2.69136]
				},
				"tail_left1_5": {
					"rotation": ["-37.60555-math.cos(q.anim_time*90*2-270)*4.5", -3.9649, 3.04868]
				},
				"tail_left1_6": {
					"rotation": ["-40.1076-math.cos(q.anim_time*90*2-315)*6.5", 3.82821, -3.21873]
				},
				"tail_left1_7": {
					"rotation": ["-27.70212-math.cos(q.anim_time*90*2-360)*8", 6.64851, -3.47875]
				},
				"tail_left1_8": {
					"rotation": ["0.86748-math.cos(q.anim_time*90*2-405)*12", 12.95254, 7.63074]
				},
				"tail_left2_rotation": {
					"rotation": ["22.57734-math.cos(q.anim_time*90*2-135)*0.75", 4.61854, 1.91757]
				},
				"tail_left2_2": {
					"rotation": ["12.5-math.cos(q.anim_time*90*2-180)*1", 0, 0]
				},
				"tail_left2_3": {
					"rotation": ["15-math.cos(q.anim_time*90*2-225)*1.35", 0, 0]
				},
				"tail_left2_4": {
					"rotation": ["-20-math.cos(q.anim_time*90*2-270)*3", 0, 0]
				},
				"tail_left2_5": {
					"rotation": ["-56.26501-math.cos(q.anim_time*90*2-315)*5", -9.93191, 14.48174]
				},
				"tail_left2_6": {
					"rotation": ["-37.15846-math.cos(q.anim_time*90*2-360)*8", 18.26883, -13.36473]
				},
				"tail_left2_7": {
					"rotation": ["5.62598-math.cos(q.anim_time*90*2-405)*12", 10.51794, 6.79286]
				},
				"tail_left3_rotation": {
					"rotation": ["10-math.cos(q.anim_time*90*2-180)*0.75", 0, 0]
				},
				"tail_left3_2": {
					"rotation": ["22.57734-math.cos(q.anim_time*90*2-225)*1", 4.61854, 1.91757]
				},
				"tail_left3_3": {
					"rotation": ["10-math.cos(q.anim_time*90*2-270)*1.35", 0, 0]
				},
				"tail_left3_4": {
					"rotation": ["-30-math.cos(q.anim_time*90*2-315)*3", 0, 0]
				},
				"tail_left3_5": {
					"rotation": ["-22.86082-math.cos(q.anim_time*90*2-360)*5", -8.86042, 4.65468]
				},
				"tail_left3_6": {
					"rotation": ["-25.68528-math.cos(q.anim_time*90*2-405)*8", 9.18229, -8.51814]
				},
				"tail_left3_7": {
					"rotation": ["0.41318-math.cos(q.anim_time*90*2-450)*12", 8.17773, 5.77509]
				},
				"tail_right1_rotation": {
					"rotation": ["27.52564-math.cos(q.anim_time*90*2-90)*0.75", -2.04767, -1.43455]
				},
				"tail_right1_2": {
					"rotation": ["15.01365-math.cos(q.anim_time*90*2-135)*1", -2.41476, -0.64743]
				},
				"tail_right1_3": {
					"rotation": ["17.5-math.cos(q.anim_time*90*2-180)*1.35", 0, 0]
				},
				"tail_right1_4": {
					"rotation": ["-32.59907-math.cos(q.anim_time*90*2-225)*3", 4.21541, -2.69136]
				},
				"tail_right1_5": {
					"rotation": ["-37.60555-math.cos(q.anim_time*90*2-270)*4.5", 3.9649, -3.04868]
				},
				"tail_right1_6": {
					"rotation": ["-40.1076-math.cos(q.anim_time*90*2-315)*6.5", -3.82821, 3.21873]
				},
				"tail_right1_7": {
					"rotation": ["-27.70212-math.cos(q.anim_time*90*2-360)*8", -6.64851, 3.47875]
				},
				"tail_right1_8": {
					"rotation": ["0.86748-math.cos(q.anim_time*90*2-405)*12", -12.95254, -7.63074]
				},
				"tail_right2_rotation": {
					"rotation": ["22.57734-math.cos(q.anim_time*90*2-135)*0.75", -4.61854, -1.91757]
				},
				"tail_right2_2": {
					"rotation": ["12.5-math.cos(q.anim_time*90*2-180)*1", 0, 0]
				},
				"tail_right2_3": {
					"rotation": ["15-math.cos(q.anim_time*90*2-225)*1.35", 0, 0]
				},
				"tail_right2_4": {
					"rotation": ["-20-math.cos(q.anim_time*90*2-270)*3", 0, 0]
				},
				"tail_right2_5": {
					"rotation": ["-56.26501-math.cos(q.anim_time*90*2-315)*5", 9.93191, -14.48174]
				},
				"tail_right2_6": {
					"rotation": ["-37.15846-math.cos(q.anim_time*90*2-360)*8", -18.26883, 13.36473]
				},
				"tail_right2_7": {
					"rotation": ["5.62598-math.cos(q.anim_time*90*2-405)*12", -10.51794, -6.79286]
				},
				"leg_front_left": {
					"rotation": ["-8.9811-math.cos(q.anim_time*90*2+30)*0.6", 0.43523, 4.98107],
					"position": [0, "-0.1+math.cos(q.anim_time*90*2+30)*-0.05", 0]
				},
				"leg_front_left2": {
					"rotation": ["-5-math.cos(q.anim_time*90*2+30)*-1", 0, 0]
				},
				"foot_front_left": {
					"rotation": ["15.5-math.cos(q.anim_time*90*2+30)*0.6", 0, -5]
				},
				"leg_back_left": {
					"rotation": ["10-math.cos(q.anim_time*90*2+30)*1", 0, -5]
				},
				"leg_back_left2": {
					"rotation": ["-3.5-math.cos(q.anim_time*90*2+30)*-0.75", 0, 0]
				},
				"leg_back_left3": {
					"rotation": ["-2.5-math.cos(q.anim_time*90*2+30)*-1", 0, 0]
				},
				"foot_back_left": {
					"rotation": ["-5-math.cos(q.anim_time*90*2+30)*0.5", 0, 7.5]
				},
				"leg_front_right": {
					"rotation": ["10.01893-math.cos(q.anim_time*90*2+30)*0.6", -0.43523, -4.98107],
					"position": [0, "0+math.cos(q.anim_time*90*2+30)*-0.045", 0]
				},
				"leg_front_right2": {
					"rotation": ["-9-math.cos(q.anim_time*90*2+30)*-1", 0, 0]
				},
				"foot_front_right": {
					"rotation": ["-0-math.cos(q.anim_time*90*2+30)*0.6", 0, 5]
				},
				"leg_back_right": {
					"rotation": ["10-math.cos(q.anim_time*90*2+30)*1", 0, 5]
				},
				"leg_back_right2": {
					"rotation": ["-3.5-math.cos(q.anim_time*90*2+30)*-0.75", 0, 0]
				},
				"leg_back_right3": {
					"rotation": ["-2.5-math.cos(q.anim_time*90*2+30)*-1", 0, 0]
				},
				"foot_back_right": {
					"rotation": ["-5-math.cos(q.anim_time*90*2+30)*0.5", 0, -7.5]
				},
				"tail_right3_rotation": {
					"rotation": ["10-math.cos(q.anim_time*90*2-180)*0.75", 0, 0]
				},
				"tail_right3_2": {
					"rotation": ["22.57734-math.cos(q.anim_time*90*2-225)*1", -4.61854, -1.91757]
				},
				"tail_right3_3": {
					"rotation": ["10-math.cos(q.anim_time*90*2-270)*1.35", 0, 0]
				},
				"tail_right3_4": {
					"rotation": ["-30-math.cos(q.anim_time*90*2-315)*3", 0, 0]
				},
				"tail_right3_5": {
					"rotation": ["-22.86082-math.cos(q.anim_time*90*2-360)*5", 8.86042, -4.65468]
				},
				"tail_right3_6": {
					"rotation": ["-25.68528-math.cos(q.anim_time*90*2-405)*8", -9.18229, 8.51814]
				},
				"tail_right3_7": {
					"rotation": ["0.41318-math.cos(q.anim_time*90*2-450)*12", -8.17773, -5.77509]
				},
				"tail_left4_rotation": {
					"rotation": ["-0-math.cos(q.anim_time*90*2-225)*0.75", 10, 0]
				},
				"tail_left4_2": {
					"rotation": ["17.5-math.cos(q.anim_time*90*2-270)*1.25", 0, 0]
				},
				"tail_left4_3": {
					"rotation": ["20.44582-math.cos(q.anim_time*90*2-315)*2", -11.73507, -4.3361]
				},
				"tail_left4_4": {
					"rotation": ["-23.84198-math.cos(q.anim_time*90*2-360)*4", -13.31791, 11.45696]
				},
				"tail_left4_5": {
					"rotation": ["-20.41318-math.cos(q.anim_time*90*2-405)*6", 8.17773, -5.77509]
				},
				"tail_left4_6": {
					"rotation": ["-5.2887-math.cos(q.anim_time*90*2-450)*12", 17.67415, 14.15251]
				},
				"tail_right4_rotation": {
					"rotation": ["-0-math.cos(q.anim_time*90*2-225)*0.75", -10, 0]
				},
				"tail_right4_2": {
					"rotation": ["17.5-math.cos(q.anim_time*90*2-270)*1.25", 0, 0]
				},
				"tail_right4_3": {
					"rotation": ["20.44582-math.cos(q.anim_time*90*2-315)*2", 11.73507, 4.3361]
				},
				"tail_right4_4": {
					"rotation": ["-23.84198-math.cos(q.anim_time*90*2-360)*4", 13.31791, -11.45696]
				},
				"tail_right4_5": {
					"rotation": ["-20.41318-math.cos(q.anim_time*90*2-405)*6", -8.17773, 5.77509]
				},
				"tail_right4_6": {
					"rotation": ["-5.2887-math.cos(q.anim_time*90*2-450)*12", -17.67415, -14.15251]
				},
				"neck_fur_front": {
					"rotation": ["-0-math.cos(q.anim_time*90*2-60)*0.75", 0, 0]
				},
				"neck_fur_front2": {
					"rotation": ["-5-math.cos(q.anim_time*90*2-90)*1.15", 0, 0]
				},
				"neck_fur_front3": {
					"rotation": ["-3-math.cos(q.anim_time*90*2-120)*1.5", 0, 0]
				},
				"hair": {
					"rotation": ["-0-math.cos(q.anim_time*90*2-90)*1.15", 0, 0]
				},
				"hair_back_bottom": {
					"rotation": ["-0-math.cos(q.anim_time*90*2-150)*1.65", 0, 0]
				},
				"eye_angry_left": {
					"position": [0.1, 0, -0.1]
				},
				"eye_angry_right": {
					"position": [-0.1, 0, -0.1]
				}
			}
		},
		"animation.ninetales.ground_walk": {
			"loop": true,
			"animation_length": 1,
			"bones": {
				"body": {
					"position": {
						"0.0": [0, -0.2, 0],
						"0.125": [0, 0.075, 0],
						"0.25": [0, 0.25, 0],
						"0.375": [0, 0.1, 0],
						"0.5": [0, -0.2, 0],
						"0.625": [0, 0.075, 0],
						"0.75": [0, 0.25, 0],
						"0.875": [0, 0.1, 0],
						"1.0": [0, -0.2, 0]
					}
				},
				"torso": {
					"rotation": [0, 0, 0],
					"position": [0, "0.2+math.cos(q.anim_time*90*8+60)*-0.075", 0]
				},
				"chest": {
					"rotation": ["-5-math.cos(q.anim_time*90*8-30)*-0.75", 0, 0]
				},
				"neck": {
					"rotation": ["4-math.cos(q.anim_time*90*8-60)*-1", 0, 0]
				},
				"neck_fur_left2": {
					"rotation": [0, 0, "-7.5+math.cos(q.anim_time*90*8-60)*1.5"]
				},
				"neck_fur_right2": {
					"rotation": [0, 0, "7.5+math.cos(q.anim_time*90*8-60)*-1.5"]
				},
				"neck2": {
					"rotation": [-12.5, 0, 0]
				},
				"head_rotation": {
					"rotation": ["22.5-math.cos(q.anim_time*90*8-90)*-0.5", 0, 0]
				},
				"hair2": {
					"rotation": ["-2.5-math.cos(q.anim_time*90*8-120)*-1.25", 0, 0]
				},
				"hair_back_top": {
					"rotation": ["-2.5-math.cos(q.anim_time*90*8-150)*-1.45", 0, 0]
				},
				"hair_back_top2": {
					"rotation": ["-22.5-math.cos(q.anim_time*90*8-180)*-2", 0, 0]
				},
				"hair_back_bottom2": {
					"rotation": ["-20-math.cos(q.anim_time*90*8-180)*-2", 0, 0]
				},
				"tail_middle": {
					"rotation": ["42.5-math.cos(q.anim_time*90*4-45)*0.75", 0, 0]
				},
				"tail_middle2": {
					"rotation": ["7.5-math.cos(q.anim_time*90*4-90)*1", 0, 0]
				},
				"tail_middle3": {
					"rotation": ["17.5-math.cos(q.anim_time*90*4-135)*1.35", 0, 0]
				},
				"tail_middle4": {
					"rotation": ["-37.5-math.cos(q.anim_time*90*4-180)*3", 0, 0]
				},
				"tail_middle5": {
					"rotation": ["-35-math.cos(q.anim_time*90*4-225)*4.5", 2.5, 0]
				},
				"tail_middle6": {
					"rotation": ["-35-math.cos(q.anim_time*90*4-270)*6.5", 0, 0]
				},
				"tail_middle7": {
					"rotation": ["-17.5-math.cos(q.anim_time*90*4-315)*8", 0, 0]
				},
				"tail_middle8": {
					"rotation": ["-17.5-math.cos(q.anim_time*90*4-360)*12", 0, 0]
				},
				"tail_left1_rotation": {
					"rotation": ["27.52564-math.cos(q.anim_time*90*4-90)*0.75", 2.04767, 1.43455]
				},
				"tail_left1_2": {
					"rotation": ["15.01365-math.cos(q.anim_time*90*4-135)*1", 2.41476, 0.64743]
				},
				"tail_left1_3": {
					"rotation": ["17.5-math.cos(q.anim_time*90*4-180)*1.35", 0, 0]
				},
				"tail_left1_4": {
					"rotation": ["-32.59907-math.cos(q.anim_time*90*4-225)*3", -4.21541, 2.69136]
				},
				"tail_left1_5": {
					"rotation": ["-37.60555-math.cos(q.anim_time*90*4-270)*4.5", -3.9649, 3.04868]
				},
				"tail_left1_6": {
					"rotation": ["-40.1076-math.cos(q.anim_time*90*4-315)*6.5", 3.82821, -3.21873]
				},
				"tail_left1_7": {
					"rotation": ["-27.70212-math.cos(q.anim_time*90*4-360)*8", 6.64851, -3.47875]
				},
				"tail_left1_8": {
					"rotation": ["0.86748-math.cos(q.anim_time*90*4-405)*12", 12.95254, 7.63074]
				},
				"tail_left2_rotation": {
					"rotation": ["22.57734-math.cos(q.anim_time*90*4-135)*0.75", 4.61854, 1.91757]
				},
				"tail_left2_2": {
					"rotation": ["12.5-math.cos(q.anim_time*90*4-180)*1", 0, 0]
				},
				"tail_left2_3": {
					"rotation": ["15-math.cos(q.anim_time*90*4-225)*1.35", 0, 0]
				},
				"tail_left2_4": {
					"rotation": ["-20-math.cos(q.anim_time*90*4-270)*3", 0, 0]
				},
				"tail_left2_5": {
					"rotation": ["-56.26501-math.cos(q.anim_time*90*4-315)*5", -9.93191, 14.48174]
				},
				"tail_left2_6": {
					"rotation": ["-37.15846-math.cos(q.anim_time*90*4-360)*8", 18.26883, -13.36473]
				},
				"tail_left2_7": {
					"rotation": ["5.62598-math.cos(q.anim_time*90*4-405)*12", 10.51794, 6.79286]
				},
				"tail_left3_rotation": {
					"rotation": ["10-math.cos(q.anim_time*90*4-180)*0.75", 0, 0]
				},
				"tail_left3_2": {
					"rotation": ["22.57734-math.cos(q.anim_time*90*4-225)*1", 4.61854, 1.91757]
				},
				"tail_left3_3": {
					"rotation": ["10-math.cos(q.anim_time*90*4-270)*1.35", 0, 0]
				},
				"tail_left3_4": {
					"rotation": ["-30-math.cos(q.anim_time*90*4-315)*3", 0, 0]
				},
				"tail_left3_5": {
					"rotation": ["-22.86082-math.cos(q.anim_time*90*4-360)*5", -8.86042, 4.65468]
				},
				"tail_left3_6": {
					"rotation": ["-25.68528-math.cos(q.anim_time*90*4-405)*8", 9.18229, -8.51814]
				},
				"tail_left3_7": {
					"rotation": ["0.41318-math.cos(q.anim_time*90*4-450)*12", 8.17773, 5.77509]
				},
				"tail_right1_rotation": {
					"rotation": ["27.52564-math.cos(q.anim_time*90*4-90)*0.75", -2.04767, -1.43455]
				},
				"tail_right1_2": {
					"rotation": ["15.01365-math.cos(q.anim_time*90*4-135)*1", -2.41476, -0.64743]
				},
				"tail_right1_3": {
					"rotation": ["17.5-math.cos(q.anim_time*90*4-180)*1.35", 0, 0]
				},
				"tail_right1_4": {
					"rotation": ["-32.59907-math.cos(q.anim_time*90*4-225)*3", 4.21541, -2.69136]
				},
				"tail_right1_5": {
					"rotation": ["-37.60555-math.cos(q.anim_time*90*4-270)*4.5", 3.9649, -3.04868]
				},
				"tail_right1_6": {
					"rotation": ["-40.1076-math.cos(q.anim_time*90*4-315)*6.5", -3.82821, 3.21873]
				},
				"tail_right1_7": {
					"rotation": ["-27.70212-math.cos(q.anim_time*90*4-360)*8", -6.64851, 3.47875]
				},
				"tail_right1_8": {
					"rotation": ["0.86748-math.cos(q.anim_time*90*4-405)*12", -12.95254, -7.63074]
				},
				"tail_right2_rotation": {
					"rotation": ["22.57734-math.cos(q.anim_time*90*4-135)*0.75", -4.61854, -1.91757]
				},
				"tail_right2_2": {
					"rotation": ["12.5-math.cos(q.anim_time*90*4-180)*1", 0, 0]
				},
				"tail_right2_3": {
					"rotation": ["15-math.cos(q.anim_time*90*4-225)*1.35", 0, 0]
				},
				"tail_right2_4": {
					"rotation": ["-20-math.cos(q.anim_time*90*4-270)*3", 0, 0]
				},
				"tail_right2_5": {
					"rotation": ["-56.26501-math.cos(q.anim_time*90*4-315)*5", 9.93191, -14.48174]
				},
				"tail_right2_6": {
					"rotation": ["-37.15846-math.cos(q.anim_time*90*4-360)*8", -18.26883, 13.36473]
				},
				"tail_right2_7": {
					"rotation": ["5.62598-math.cos(q.anim_time*90*4-405)*12", -10.51794, -6.79286]
				},
				"leg_front_left": {
					"rotation": {
						"0.0": [27.5, 0, 0],
						"0.25": {
							"pre": [31.5, 0, 0],
							"post": [31.5, 0, 0],
							"lerp_mode": "catmullrom"
						},
						"0.5": [-14.5, 0, 0],
						"1.0": [27.5, 0, 0]
					},
					"position": {
						"0.0": [0, -1, 0.5],
						"0.25": {
							"pre": [0, 0.5, -0.4],
							"post": [0, 0.5, -0.4],
							"lerp_mode": "catmullrom"
						},
						"0.5": [0, -0.25, -0.6],
						"1.0": [0, -1, 0.5]
					}
				},
				"leg_front_left2": {
					"rotation": {
						"0.0": [-24.5, 0, 0],
						"0.1667": {
							"pre": [-50, 0, 0],
							"post": [-50, 0, 0],
							"lerp_mode": "catmullrom"
						},
						"0.3333": {
							"post": [-52.5, 0, 0],
							"lerp_mode": "catmullrom"
						},
						"0.5": [-1, 0, 0],
						"1.0": [-24.5, 0, 0]
					}
				},
				"foot_front_left": {
					"rotation": {
						"0.0": [-2.5, 0, 0],
						"0.1667": {
							"pre": [120, 0, 0],
							"post": [120, 0, 0],
							"lerp_mode": "catmullrom"
						},
						"0.3333": {
							"post": [77.5, 0, 0],
							"lerp_mode": "catmullrom"
						},
						"0.5": [16, 0, 0],
						"1.0": [-2.5, 0, 0]
					}
				},
				"leg_back_left": {
					"rotation": {
						"0.0": [-7.5, 0, 0],
						"0.5": [7.5, 0, 0],
						"0.75": {
							"pre": [4, 0, 0],
							"post": [4, 0, 0],
							"lerp_mode": "catmullrom"
						},
						"1.0": [-7.5, 0, 0]
					},
					"position": {
						"0.0": [0, 0, 0],
						"0.25": [0, -0.1, 0],
						"0.5": [0, 0, 0],
						"1.0": [0, 0, 0]
					}
				},
				"leg_back_left2": {
					"rotation": {
						"0.0": [-2.5, 0, 0],
						"0.5": [3.5, 0, 0],
						"0.6667": {
							"pre": [10.5, 0, 0],
							"post": [10.5, 0, 0],
							"lerp_mode": "catmullrom"
						},
						"0.8333": {
							"post": [5.5, 0, 0],
							"lerp_mode": "catmullrom"
						},
						"1.0": [-2.5, 0, 0]
					}
				},
				"leg_back_left3": {
					"rotation": {
						"0.0": [-3, 0, 0],
						"0.5": [8, 0, 0],
						"0.6667": {
							"pre": [-0.87, 0, 0],
							"post": [-0.87, 0, 0],
							"lerp_mode": "catmullrom"
						},
						"0.8333": {
							"post": [-7.5, 0, 0],
							"lerp_mode": "catmullrom"
						},
						"1.0": [-3, 0, 0]
					}
				},
				"foot_back_left": {
					"rotation": {
						"0.0": [13, 0, 0],
						"0.5": [-19, 0, 0],
						"0.6667": {
							"pre": [21.67, 0, 0],
							"post": [21.67, 0, 0],
							"lerp_mode": "catmullrom"
						},
						"0.8333": {
							"post": [29.17, 0, 0],
							"lerp_mode": "catmullrom"
						},
						"1.0": [13, 0, 0]
					}
				},
				"leg_front_right": {
					"rotation": {
						"0.0": [-14.5, 0, 0],
						"0.5": [27.5, 0, 0],
						"0.75": {
							"pre": [31.5, 0, 0],
							"post": [31.5, 0, 0],
							"lerp_mode": "catmullrom"
						},
						"1.0": [-14.5, 0, 0]
					},
					"position": {
						"0.0": [0, -0.25, -0.6],
						"0.5": [0, -1, 0.5],
						"0.75": {
							"pre": [0, 0.5, -0.4],
							"post": [0, 0.5, -0.4],
							"lerp_mode": "catmullrom"
						},
						"1.0": [0, -0.25, -0.6]
					}
				},
				"leg_front_right2": {
					"rotation": {
						"0.0": [-1, 0, 0],
						"0.5": [-24.5, 0, 0],
						"0.6667": {
							"pre": [-50, 0, 0],
							"post": [-50, 0, 0],
							"lerp_mode": "catmullrom"
						},
						"0.8333": {
							"post": [-52.5, 0, 0],
							"lerp_mode": "catmullrom"
						},
						"1.0": [-1, 0, 0]
					}
				},
				"foot_front_right": {
					"rotation": {
						"0.0": [16, 0, 0],
						"0.5": [-2.5, 0, 0],
						"0.6667": {
							"pre": [120, 0, 0],
							"post": [120, 0, 0],
							"lerp_mode": "catmullrom"
						},
						"0.8333": {
							"post": [77.5, 0, 0],
							"lerp_mode": "catmullrom"
						},
						"1.0": [16, 0, 0]
					}
				},
				"leg_back_right": {
					"rotation": {
						"0.0": [7.5, 0, 0],
						"0.25": {
							"pre": [4, 0, 0],
							"post": [4, 0, 0],
							"lerp_mode": "catmullrom"
						},
						"0.5": [-7.5, 0, 0],
						"1.0": [7.5, 0, 0]
					},
					"position": {
						"0.0": [0, 0, 0],
						"0.5": [0, 0, 0],
						"0.75": [0, -0.1, 0],
						"1.0": [0, 0, 0]
					}
				},
				"leg_back_right2": {
					"rotation": {
						"0.0": [3.5, 0, 0],
						"0.1667": {
							"pre": [10.5, 0, 0],
							"post": [10.5, 0, 0],
							"lerp_mode": "catmullrom"
						},
						"0.3333": {
							"post": [5.5, 0, 0],
							"lerp_mode": "catmullrom"
						},
						"0.5": [-2.5, 0, 0],
						"1.0": [3.5, 0, 0]
					}
				},
				"leg_back_right3": {
					"rotation": {
						"0.0": [8, 0, 0],
						"0.1667": {
							"pre": [-0.87, 0, 0],
							"post": [-0.87, 0, 0],
							"lerp_mode": "catmullrom"
						},
						"0.3333": {
							"post": [-7.5, 0, 0],
							"lerp_mode": "catmullrom"
						},
						"0.5": [-3, 0, 0],
						"1.0": [8, 0, 0]
					}
				},
				"foot_back_right": {
					"rotation": {
						"0.0": [-19, 0, 0],
						"0.1667": {
							"pre": [21.67, 0, 0],
							"post": [21.67, 0, 0],
							"lerp_mode": "catmullrom"
						},
						"0.3333": {
							"post": [29.17, 0, 0],
							"lerp_mode": "catmullrom"
						},
						"0.5": [13, 0, 0],
						"1.0": [-19, 0, 0]
					}
				},
				"tail_right3_rotation": {
					"rotation": ["10-math.cos(q.anim_time*90*4-180)*0.75", 0, 0]
				},
				"tail_right3_2": {
					"rotation": ["22.57734-math.cos(q.anim_time*90*4-225)*1", -4.61854, -1.91757]
				},
				"tail_right3_3": {
					"rotation": ["10-math.cos(q.anim_time*90*4-270)*1.35", 0, 0]
				},
				"tail_right3_4": {
					"rotation": ["-30-math.cos(q.anim_time*90*4-315)*3", 0, 0]
				},
				"tail_right3_5": {
					"rotation": ["-22.86082-math.cos(q.anim_time*90*4-360)*5", 8.86042, -4.65468]
				},
				"tail_right3_6": {
					"rotation": ["-25.68528-math.cos(q.anim_time*90*4-405)*8", -9.18229, 8.51814]
				},
				"tail_right3_7": {
					"rotation": ["0.41318-math.cos(q.anim_time*90*4-450)*12", -8.17773, -5.77509]
				},
				"tail_left4_rotation": {
					"rotation": ["-0-math.cos(q.anim_time*90*4-225)*0.75", 10, 0]
				},
				"tail_left4_2": {
					"rotation": ["17.5-math.cos(q.anim_time*90*4-270)*1.25", 0, 0]
				},
				"tail_left4_3": {
					"rotation": ["20.44582-math.cos(q.anim_time*90*4-315)*2", -11.73507, -4.3361]
				},
				"tail_left4_4": {
					"rotation": ["-23.84198-math.cos(q.anim_time*90*4-360)*4", -13.31791, 11.45696]
				},
				"tail_left4_5": {
					"rotation": ["-20.41318-math.cos(q.anim_time*90*4-405)*6", 8.17773, -5.77509]
				},
				"tail_left4_6": {
					"rotation": ["-5.2887-math.cos(q.anim_time*90*4-450)*12", 17.67415, 14.15251]
				},
				"tail_right4_rotation": {
					"rotation": ["-0-math.cos(q.anim_time*90*4-225)*0.75", -10, 0]
				},
				"tail_right4_2": {
					"rotation": ["17.5-math.cos(q.anim_time*90*4-270)*1.25", 0, 0]
				},
				"tail_right4_3": {
					"rotation": ["20.44582-math.cos(q.anim_time*90*4-315)*2", 11.73507, 4.3361]
				},
				"tail_right4_4": {
					"rotation": ["-23.84198-math.cos(q.anim_time*90*4-360)*4", 13.31791, -11.45696]
				},
				"tail_right4_5": {
					"rotation": ["-20.41318-math.cos(q.anim_time*90*4-405)*6", -8.17773, 5.77509]
				},
				"tail_right4_6": {
					"rotation": ["-5.2887-math.cos(q.anim_time*90*4-450)*12", -17.67415, -14.15251]
				},
				"neck_fur_front": {
					"rotation": ["-5-math.cos(q.anim_time*90*8-60)*-1.15", 0, 0]
				},
				"neck_fur_front2": {
					"rotation": ["-0-math.cos(q.anim_time*90*8-90)*-2.5", 0, 0]
				},
				"neck_fur_front3": {
					"rotation": ["-3-math.cos(q.anim_time*90*8-120)*-4", 0, 0]
				},
				"hair": {
					"rotation": ["-0-math.cos(q.anim_time*90*8-90)*-1", 0, 0]
				},
				"hair_back_bottom": {
					"rotation": ["-0-math.cos(q.anim_time*90*8-150)*-1.45", 0, 0]
				}
			}
		},
		"animation.ninetales.cry": {
			"animation_length": 1.5833,
			"bones": {
				"mouth": {
					"position": {
						"0.0": [0, 0, 0],
						"0.25": [0, -0.0999, -0.00436],
						"0.75": [0, -0.0999, -0.00436],
						"1.0": [0, 0, 0]
					}
				},
				"head": {
					"rotation": {
						"0.0": {
							"post": [0, 0, 0],
							"lerp_mode": "catmullrom"
						},
						"0.3333": {
							"post": [-15, 0, 0],
							"lerp_mode": "catmullrom"
						},
						"0.6667": {
							"post": [-9.34, 0, 0],
							"lerp_mode": "catmullrom"
						},
						"1.0": {
							"post": [-15, 0, 0],
							"lerp_mode": "catmullrom"
						},
						"1.5": {
							"post": [0, 0, 0],
							"lerp_mode": "catmullrom"
						}
					}
				},
				"jaw": {
					"rotation": {
						"0.0": {
							"post": [0, 0, 0],
							"lerp_mode": "catmullrom"
						},
						"0.3333": {
							"post": [55, 0, 0],
							"lerp_mode": "catmullrom"
						},
						"0.5833": {
							"post": [48.15, 0, 0],
							"lerp_mode": "catmullrom"
						},
						"0.9167": {
							"post": [65, 0, 0],
							"lerp_mode": "catmullrom"
						},
						"1.5833": {
							"post": [0, 0, 0],
							"lerp_mode": "catmullrom"
						}
					}
				},
				"neck2": {
					"rotation": {
						"0.0": [0, 0, 0],
						"0.1667": {
							"pre": [2.5, 0, 0],
							"post": [2.5, 0, 0],
							"lerp_mode": "catmullrom"
						},
						"0.5": {
							"post": [-2.5, 0, 0],
							"lerp_mode": "catmullrom"
						},
						"1.0833": {
							"post": [-2.5, 0, 0],
							"lerp_mode": "catmullrom"
						},
						"1.5833": [0, 0, 0]
					}
				}
			},
			"sound_effects": {
				"0.0833": {
					"effect": "pokemon.ninetales.cry"
				}
			}
		},
		"animation.ninetales.blink": {
			"animation_length": 0.1667,
			"bones": {
				"eyelid_left": {
					"position": {
						"0.0": [0.1, 0, -0.1],
						"0.125": [0.1, 0, -0.1],
						"0.1667": [0, 0, 0]
					}
				},
				"eyelid_right": {
					"position": {
						"0.0": [-0.1, 0, -0.1],
						"0.125": [-0.1, 0, -0.1],
						"0.1667": [0, 0, 0]
					}
				}
			}
		},
		"animation.ninetales.sleep": {
			"loop": true,
			"bones": {
				"body": {
					"rotation": [2, 10, 0],
					"position": [0, -11.2, 0]
				},
				"torso": {
					"rotation": ["5.4433-math.cos(q.anim_time*90*1-0)*0.25", 27.43224, 1.09989],
					"position": [0.3, "0+math.cos(q.anim_time*90*1-0)*0.065", 0]
				},
				"chest": {
					"rotation": [-7.12504, -33.8276, 2.46707],
					"position": [0, 0, 1.1]
				},
				"neck": {
					"rotation": ["46.0831-math.cos(q.anim_time*90*1-0)*0.5", -19.42063, -11.10656]
				},
				"neck2": {
					"rotation": ["13.851-math.cos(q.anim_time*90*1-30)*0.75", -1.72794, 9.85108]
				},
				"head_rotation": {
					"rotation": ["-35-math.cos(q.anim_time*90*1-0)*-1", 0, 5]
				},
				"eyelid_left": {
					"position": [0.1, 0, -0.1]
				},
				"eyelid_right": {
					"position": [-0.1, 0, -0.1]
				},
				"hair_back_top": {
					"rotation": [-12.5, 0, 0]
				},
				"hair_back_top2": {
					"rotation": [-12.5, 0, 0]
				},
				"hair_back_bottom": {
					"rotation": [2.5, 0, 0]
				},
				"hair_back_bottom2": {
					"rotation": [2.5, 0, 0]
				},
				"tails": {
					"rotation": [0, 0, "0+math.cos(q.anim_time*90*1-0)*0.15"]
				},
				"tail_middle": {
					"rotation": [20.39807, 11.91276, 3.81397]
				},
				"tail_middle2": {
					"rotation": [0, 17.5, 0]
				},
				"tail_middle3": {
					"rotation": [-8.88307, 14.23218, -8.13309]
				},
				"tail_middle4": {
					"rotation": [-6.91723, 39.12055, -6.95758]
				},
				"tail_middle5": {
					"rotation": [5, 42.5, 0]
				},
				"tail_middle6": {
					"rotation": [-4.60817, 20.0349, 0.92304]
				},
				"tail_middle7": {
					"rotation": [-12.79362, 12.19908, -2.74715]
				},
				"tail_middle8": {
					"rotation": [-12.5, 0, 0]
				},
				"tail_left1_2": {
					"rotation": [-15, 0, 0]
				},
				"tail_left1_3": {
					"rotation": [0, 22.5, 0]
				},
				"tail_left1_4": {
					"rotation": [4.62934, 24.59477, 11.00966]
				},
				"tail_left1_5": {
					"rotation": [10, 40, 0]
				},
				"tail_left1_6": {
					"rotation": [-2.5, 35, 0]
				},
				"tail_left1_7": {
					"rotation": [-7.5, 0, 0]
				},
				"tail_left1_8": {
					"rotation": [0, 20, 0]
				},
				"tail_left2_2": {
					"rotation": [-19.96258, 4.92385, 0.87038]
				},
				"tail_left2_3": {
					"rotation": [-0.77058, 20.98496, 10.62572]
				},
				"tail_left2_4": {
					"rotation": [26.17287, 33.73354, 11.37834]
				},
				"tail_left2_5": {
					"rotation": [8.97022, 29.76573, -3.98027]
				},
				"tail_left2_6": {
					"rotation": [-20.02551, 48.63608, -13.64942]
				},
				"tail_left2_7": {
					"rotation": [-10, 0, 0]
				},
				"tail_left3_rotation": {
					"rotation": [-15, 0, 0]
				},
				"tail_left3_2": {
					"rotation": [8.13535, 7.03631, 5.01882]
				},
				"tail_left3_3": {
					"rotation": [19.40873, 31.9304, 4.52707]
				},
				"tail_left3_4": {
					"rotation": [6.34473, 27.36536, 2.68701]
				},
				"tail_left3_5": {
					"rotation": [16.59897, 41.09043, 9.88697]
				},
				"tail_left3_6": {
					"rotation": [-16.16598, 31.38711, -9.57868]
				},
				"tail_left3_7": {
					"rotation": [-10.3191, 19.92066, -1.81693]
				},
				"tail_left4_rotation": {
					"rotation": [-7.5, 15, 0]
				},
				"tail_left4_2": {
					"rotation": [0, 10, 0]
				},
				"tail_left4_3": {
					"rotation": [-7.5, 12.5, 0]
				},
				"tail_left4_4": {
					"rotation": [10, 40, 0]
				},
				"tail_left4_5": {
					"rotation": [1.93343, 43.02924, 10.19678]
				},
				"tail_left4_6": {
					"rotation": [-5, 40, 0]
				},
				"tail_right1": {
					"rotation": [-5, 0, 0]
				},
				"tail_right1_rotation": {
					"rotation": [-27.47198, 0.28212, 1.1541]
				},
				"tail_right1_2": {
					"rotation": [0, 27.5, 0]
				},
				"tail_right1_3": {
					"rotation": [17.49527, -0.21782, 2.4905]
				},
				"tail_right1_4": {
					"rotation": [7.36033, 0.71571, 1.83607]
				},
				"tail_right1_5": {
					"rotation": [6.51543, 39.8173, 11.68273]
				},
				"tail_right1_6": {
					"rotation": [-11.91625, 31.28529, -10.53668]
				},
				"tail_right1_7": {
					"rotation": [0, 27.5, 0]
				},
				"tail_right1_8": {
					"rotation": [-10, 20, 0]
				},
				"tail_right2_rotation": {
					"rotation": [4.69146, 15.03553, -0.89791]
				},
				"tail_right2_3": {
					"rotation": [-2.5, 17.5, 0]
				},
				"tail_right2_4": {
					"rotation": [-2.5, 30, 0]
				},
				"tail_right2_5": {
					"rotation": [2.5, 25, 0]
				},
				"tail_right2_6": {
					"rotation": [-15.14371, 34.05444, -8.61775]
				},
				"tail_right2_7": {
					"rotation": [-10, 25, 0]
				},
				"tail_right3_rotation": {
					"rotation": [52.24943, 14.98328, 16.98216]
				},
				"tail_right3_2": {
					"rotation": [0, 27.5, 0]
				},
				"tail_right3_3": {
					"rotation": [-10, 17.5, 0]
				},
				"tail_right3_4": {
					"rotation": [7.5, 12.5, -7.5]
				},
				"tail_right3_5": {
					"rotation": [3.12239, 24.93387, -5.94824]
				},
				"tail_right3_6": {
					"rotation": [12.70129, 37.02671, 10.90363]
				},
				"tail_right3_7": {
					"rotation": [2.5, 20, 0]
				},
				"tail_right4_rotation": {
					"rotation": [-29.46133, 23.37594, -6.63701]
				},
				"tail_right4_2": {
					"rotation": [-1.76711, 12.58875, 2.32647]
				},
				"tail_right4_3": {
					"rotation": [-0.49773, 24.79365, -1.61744]
				},
				"tail_right4_4": {
					"rotation": [10.11191, 12.3534, 8.87711]
				},
				"tail_right4_5": {
					"rotation": [-9.60253, 20.4535, 3.17558]
				},
				"tail_right4_6": {
					"rotation": [0.33521, 14.47284, 9.58613]
				},
				"leg_front_left": {
					"rotation": [-66.74133, -17.37258, -3.19905],
					"position": [-0.9, 0.75, 0.3]
				},
				"leg_front_left2": {
					"rotation": ["-34.89743-math.cos(q.anim_time*90*1-30)*1", 2.86544, 54.09918]
				},
				"leg_front_left3": {
					"rotation": [11, 0, 0]
				},
				"foot_front_left": {
					"rotation": ["127.5-math.cos(q.anim_time*90*1-30)*-2", 0, 0]
				},
				"leg_back_left": {
					"rotation": [-76.5, 0, 0]
				},
				"leg_back_left2": {
					"rotation": [66.98574, 0.19365, -0.13579],
					"position": [0, 1.7, 0.7]
				},
				"leg_back_left3": {
					"rotation": [-54.32759, -9.1277, 4.10215],
					"position": [0, 0.4, -1.8]
				},
				"foot_back_left": {
					"rotation": [61, 0, 0],
					"position": [0, 0, -0.3]
				},
				"leg_front_right": {
					"rotation": [-62.45521, 3.05313, -3.99592],
					"position": [-2.2, 0.75, 0]
				},
				"leg_front_right2": {
					"rotation": ["-19.6663070208-math.cos(q.anim_time*90*1-30)*1", -16.73848, -49.87413]
				},
				"foot_front_right": {
					"rotation": ["101.5-math.cos(q.anim_time*90*1-30)*-2", 0, 0]
				},
				"leg_back_right": {
					"rotation": [-76.5, 30, 0]
				},
				"leg_back_right2": {
					"rotation": [66.98574, -0.19365, 0.13579],
					"position": [0, 1.7, 0.7]
				},
				"leg_back_right3": {
					"rotation": [-54.32759, 9.1277, -4.10215],
					"position": [0, -0.1, -2.6]
				},
				"foot_back_right": {
					"rotation": [61, 0, 0],
					"position": [0, 0, -0.3]
				}
			}
		},
		"animation.ninetales.shock": {
			"loop": true,
			"bones": {
				"pupil_left": {
					"scale": [0.7, 0.7, 1]
				},
				"jaw": {
					"rotation": [70, 0, 0]
				},
				"pupil_right": {
					"scale": [0.7, 0.7, 1]
				}
			}
		},
		"animation.ninetales.angry": {
			"loop": true,
			"bones": {
				"eye_angry_left": {
					"position": [0.1, 0, -0.1]
				},
				"eye_angry_right": {
					"position": [-0.1, 0, -0.1]
				}
			}
		},
		"animation.ninetales.sad": {
			"loop": true,
			"bones": {
				"eye_sad_left": {
					"position": [0.1, 0, -0.1]
				},
				"eye_sad_right": {
					"position": [-0.1, 0, -0.1]
				}
			}
		},
		"animation.ninetales.happy": {
			"loop": true,
			"bones": {
				"jaw": {
					"rotation": [70, 0, 0]
				},
				"eyelid_happy_left": {
					"position": [0.1, 0, -0.1]
				},
				"eyelid_happy_right": {
					"position": [-0.1, 0, -0.1]
				}
			}
		},
		"animation.ninetales.hurt": {
			"loop": true,
			"bones": {
				"eyelid_recoil_left": {
					"position": [0.1, 0, -0.1]
				},
				"eyelid_recoil_right": {
					"position": [-0.1, 0, -0.1]
				}
			}
		},
		"animation.ninetales.speedtest": {
			"loop": true,
			"bones": {
				"ninetales": {
					"position": [0, 0, "0+q.anim_time*90*-0.15"]
				}
			}
		}
	}
}