{
	"format_version": "1.8.0",
	"animations": {
		"animation.ninetales_alolan.ground_idle": {
			"loop": true,
			"bones": {
				"body": {
					"position": [0, "-0.3+math.cos(q.anim_time*90*2+30)*0.05", 0]
				},
				"torso": {
					"rotation": ["5-math.cos(q.anim_time*90*2-0)*0.5", 0, 0],
					"position": [0, "0+math.cos(q.anim_time*90*2-30)*0.1", 0]
				},
				"chest": {
					"rotation": [-4.84338, 0, 0]
				},
				"neck": {
					"rotation": ["-12.5-math.cos(q.anim_time*90*2-30)*1", 0, 0]
				},
				"neck_fur_left2": {
					"rotation": [0, 0, "-7.5+math.cos(q.anim_time*90*2-60)*-1"]
				},
				"neck_fur_right2": {
					"rotation": [0, 0, "7.5+math.cos(q.anim_time*90*2-60)*1"]
				},
				"neck2": {
					"rotation": [-12.5, 0, 0]
				},
				"head_rotation": {
					"rotation": ["22.5-math.cos(q.anim_time*90*2-60)*1.15", 0, 0]
				},
				"hair2": {
					"rotation": [-12.51155, "2.4395-math.cos(q.anim_time*90*2-90)*2", -0.54142]
				},
				"hair_back_top": {
					"rotation": ["-2.5-math.cos(q.anim_time*90*2-150)*1.65", 0, 0]
				},
				"hair_back_top2": {
					"rotation": ["-22.5-math.cos(q.anim_time*90*2-180)*2", 0, 0]
				},
				"hair_back_bottom2": {
					"rotation": ["-20-math.cos(q.anim_time*90*2-180)*2", 0, 0]
				},
				"tail_middle2": {
					"rotation": ["-7.5-math.cos(q.anim_time*90*2-120)*1.25", 0, 0]
				},
				"tail_middle3": {
					"rotation": ["-25-math.cos(q.anim_time*90*2-180)*2.5", 0, 0]
				},
				"tail_middle4": {
					"rotation": ["-30-math.cos(q.anim_time*90*2-240)*4.5", 0, 0]
				},
				"tail_middle5": {
					"rotation": ["-25-math.cos(q.anim_time*90*2-300)*8", 0, 0]
				},
				"tail_middle6": {
					"rotation": ["-12.62-math.cos(q.anim_time*90*2-360)*12", 0, 0]
				},
				"tail_middle7": {
					"rotation": ["-31.18939-math.cos(q.anim_time*90*2-420)*16", 0, 0]
				},
				"tail_middle8": {
					"rotation": ["15.22074-math.cos(q.anim_time*90*2-480)*24", 0, 0]
				},
				"tail_left1_rotation": {
					"rotation": ["64.2174-math.cos(q.anim_time*90*2-60)*0.75", 8.98581, 12.04686]
				},
				"tail_left1_2": {
					"rotation": ["-17.51565-math.cos(q.anim_time*90*2-120)*1.25", -2.38422, 0.7522]
				},
				"tail_left1_3": {
					"rotation": ["-10.03742-math.cos(q.anim_time*90*2-180)*2.5", -4.92385, 0.87038]
				},
				"tail_left1_4": {
					"rotation": ["-37.52635-math.cos(q.anim_time*90*2-240)*4.5", -1.98315, 1.52251]
				},
				"tail_left1_5": {
					"rotation": ["-17.51565-math.cos(q.anim_time*90*2-300)*8", -2.38422, 0.7522]
				},
				"tail_left1_6": {
					"rotation": ["-25.08377-math.cos(q.anim_time*90*2-360)*12", -4.53051, 2.11751]
				},
				"tail_left1_7": {
					"rotation": ["-15.22074-math.cos(q.anim_time*90*2-420)*16", 9.65594, -2.61298]
				},
				"tail_left1_8": {
					"rotation": ["30.71983-math.cos(q.anim_time*90*2-480)*24", -13.97399, -3.85625]
				},
				"tail_left2_rotation": {
					"rotation": ["63.58314-math.cos(q.anim_time*90*2-60)*0.75", 11.98346, 41.65117]
				},
				"tail_left2_2": {
					"rotation": ["-15.50409-math.cos(q.anim_time*90*2-120)*1.25", -14.47751, 3.96713]
				},
				"tail_left2_3": {
					"rotation": ["-9.9045-math.cos(q.anim_time*90*2-180)*2.5", -2.61747, -1.08202]
				},
				"tail_left2_4": {
					"rotation": ["-27.5209-math.cos(q.anim_time*90*2-240)*4.5", -2.26564, 1.0571]
				},
				"tail_left2_5": {
					"rotation": ["-30.09468-math.cos(q.anim_time*90*2-300)*8", -4.32875, 2.50477]
				},
				"tail_left2_6": {
					"rotation": ["-13.06681-math.cos(q.anim_time*90*2-360)*12", 11.06861, -5.84485]
				},
				"tail_left2_7": {
					"rotation": ["-25.08377-math.cos(q.anim_time*90*2-420)*16", "3-math.cos(q.anim_time*90*2-420)*6", -2.11751]
				},
				"tail_left3_rotation": {
					"rotation": ["76.5201-math.cos(q.anim_time*90*2-60)*0.75", -21.21599, 70.91151]
				},
				"tail_left3_2": {
					"rotation": ["-23.00013-math.cos(q.anim_time*90*2-120)*1.25", -11.40209, 5.14995]
				},
				"tail_left3_3": {
					"rotation": ["-10-math.cos(q.anim_time*90*2-180)*2.5", 0, 0]
				},
				"tail_left3_4": {
					"rotation": ["-20-math.cos(q.anim_time*90*2-240)*4.5", 0, 0]
				},
				"tail_left3_5": {
					"rotation": ["-30.02363-math.cos(q.anim_time*90*2-300)*8", 2.16489, -1.2506]
				},
				"tail_left3_6": {
					"rotation": ["-12.99008-math.cos(q.anim_time*90*2-360)*12", 11.53486, -4.8493]
				},
				"tail_left3_7": {
					"rotation": ["15-math.cos(q.anim_time*90*2-420)*16", "20-math.cos(q.anim_time*90*2-420)*6", 0]
				},
				"tail_right1_rotation": {
					"rotation": ["64.2174-math.cos(q.anim_time*90*2-60)*0.75", -8.98581, -12.04686]
				},
				"tail_right1_2": {
					"rotation": ["-17.51565-math.cos(q.anim_time*90*2-120)*1.25", 2.38422, -0.7522]
				},
				"tail_right1_3": {
					"rotation": ["-10.03742-math.cos(q.anim_time*90*2-180)*2.5", 4.92385, -0.87038]
				},
				"tail_right1_4": {
					"rotation": ["-37.52635-math.cos(q.anim_time*90*2-240)*4.5", 1.98315, -1.52251]
				},
				"tail_right1_5": {
					"rotation": ["-17.51565-math.cos(q.anim_time*90*2-300)*8", 2.38422, -0.7522]
				},
				"tail_right1_6": {
					"rotation": ["-25.08377-math.cos(q.anim_time*90*2-360)*12", 4.53051, -2.11751]
				},
				"tail_right1_7": {
					"rotation": ["-15.22074-math.cos(q.anim_time*90*2-420)*16", -9.65594, 2.61298]
				},
				"tail_right1_8": {
					"rotation": ["30.71983-math.cos(q.anim_time*90*2-480)*24", 13.97399, 3.85625]
				},
				"tail_right2_rotation": {
					"rotation": ["63.58314-math.cos(q.anim_time*90*2-60)*0.75", -11.98346, -41.65117]
				},
				"tail_right2_2": {
					"rotation": ["-15.50409-math.cos(q.anim_time*90*2-120)*1.25", 14.47751, -3.96713]
				},
				"tail_right2_3": {
					"rotation": ["-9.9045-math.cos(q.anim_time*90*2-180)*2.5", 2.61747, 1.08202]
				},
				"tail_right2_4": {
					"rotation": ["-27.5209-math.cos(q.anim_time*90*2-240)*4.5", 2.26564, -1.0571]
				},
				"tail_right2_5": {
					"rotation": ["-30.09468-math.cos(q.anim_time*90*2-300)*8", 4.32875, -2.50477]
				},
				"tail_right2_6": {
					"rotation": ["-13.06681-math.cos(q.anim_time*90*2-360)*12", -11.06861, 5.84485]
				},
				"tail_right2_7": {
					"rotation": ["-25.08377-math.cos(q.anim_time*90*2-420)*16", "-3+math.cos(q.anim_time*90*2-420)*6", 2.11751]
				},
				"leg_front_left": {
					"rotation": ["-8.9811-math.cos(q.anim_time*90*2+30)*0.6", 0.43523, 4.98107],
					"position": [0, "-0.1+math.cos(q.anim_time*90*2+30)*-0.05", 0]
				},
				"leg_front_left2": {
					"rotation": ["-5-math.cos(q.anim_time*90*2+30)*-1", 0, 0]
				},
				"foot_front_left": {
					"rotation": ["15.5-math.cos(q.anim_time*90*2+30)*0.6", 0, -5]
				},
				"leg_back_left": {
					"rotation": ["10-math.cos(q.anim_time*90*2+30)*1", 0, -5]
				},
				"leg_back_left2": {
					"rotation": ["-3.5-math.cos(q.anim_time*90*2+30)*-0.75", 0, 0]
				},
				"leg_back_left3": {
					"rotation": ["-2.5-math.cos(q.anim_time*90*2+30)*-1", 0, 0]
				},
				"foot_back_left": {
					"rotation": ["-5-math.cos(q.anim_time*90*2+30)*0.5", 0, 7.5]
				},
				"leg_front_right": {
					"rotation": ["10.01893-math.cos(q.anim_time*90*2+30)*0.6", -0.43523, -4.98107],
					"position": [0, "0+math.cos(q.anim_time*90*2+30)*-0.045", 0]
				},
				"leg_front_right2": {
					"rotation": ["-9-math.cos(q.anim_time*90*2+30)*-1", 0, 0]
				},
				"foot_front_right": {
					"rotation": ["-0-math.cos(q.anim_time*90*2+30)*0.6", 0, 5]
				},
				"leg_back_right": {
					"rotation": ["10-math.cos(q.anim_time*90*2+30)*1", 0, 5]
				},
				"leg_back_right2": {
					"rotation": ["-3.5-math.cos(q.anim_time*90*2+30)*-0.75", 0, 0]
				},
				"leg_back_right3": {
					"rotation": ["-2.5-math.cos(q.anim_time*90*2+30)*-1", 0, 0]
				},
				"foot_back_right": {
					"rotation": ["-5-math.cos(q.anim_time*90*2+30)*0.5", 0, -7.5]
				},
				"tail_right3_rotation": {
					"rotation": ["76.5201-math.cos(q.anim_time*90*2-60)*0.75", 21.21599, -70.91151]
				},
				"tail_right3_2": {
					"rotation": ["-23.00013-math.cos(q.anim_time*90*2-120)*1.25", 11.40209, -5.14995]
				},
				"tail_right3_3": {
					"rotation": ["-10-math.cos(q.anim_time*90*2-180)*2.5", 0, 0]
				},
				"tail_right3_4": {
					"rotation": ["-20-math.cos(q.anim_time*90*2-240)*4.5", 0, 0]
				},
				"tail_right3_5": {
					"rotation": ["-30.02363-math.cos(q.anim_time*90*2-300)*8", -2.16489, 1.2506]
				},
				"tail_right3_6": {
					"rotation": ["-12.99008-math.cos(q.anim_time*90*2-360)*12", -11.53486, 4.8493]
				},
				"tail_right3_7": {
					"rotation": ["15-math.cos(q.anim_time*90*2-420)*16", "-20+math.cos(q.anim_time*90*2-420)*6", 0]
				},
				"tail_left4_rotation": {
					"rotation": ["83.07626-math.cos(q.anim_time*90*2-60)*0.75", 7.16729, 88.89799]
				},
				"tail_left4_2": {
					"rotation": ["-28.3693-math.cos(q.anim_time*90*2-120)*1.25", -12.72029, 8.00075]
				},
				"tail_left4_3": {
					"rotation": ["-12.60443-math.cos(q.anim_time*90*2-180)*2.5", -7.32123, 1.63219]
				},
				"tail_left4_4": {
					"rotation": ["-15.04624-math.cos(q.anim_time*90*2-240)*4.5", -4.88119, 1.08482]
				},
				"tail_left4_5": {
					"rotation": ["-29.41237-math.cos(q.anim_time*90*2-300)*8", -2.14804, -1.84068]
				},
				"tail_left4_6": {
					"rotation": ["-9.14867-math.cos(q.anim_time*90*2-360)*12", 20.70481, -9.00717]
				},
				"tail_right4_rotation": {
					"rotation": ["83.07626-math.cos(q.anim_time*90*2-60)*0.75", -7.16729, -88.89799]
				},
				"tail_right4_2": {
					"rotation": ["-28.3693-math.cos(q.anim_time*90*2-120)*1.25", 12.72029, -8.00075]
				},
				"tail_right4_3": {
					"rotation": ["-12.60443-math.cos(q.anim_time*90*2-180)*2.5", 7.32123, -1.63219]
				},
				"tail_right4_4": {
					"rotation": ["-15.04624-math.cos(q.anim_time*90*2-240)*4.5", 4.88119, -1.08482]
				},
				"tail_right4_5": {
					"rotation": ["-29.41237-math.cos(q.anim_time*90*2-300)*8", 2.14804, 1.84068]
				},
				"tail_right4_6": {
					"rotation": ["-9.14867-math.cos(q.anim_time*90*2-360)*12", -20.70481, 9.00717]
				},
				"neck_fur_front": {
					"rotation": ["-0-math.cos(q.anim_time*90*2-60)*1.15", 0, 0]
				},
				"neck_fur_front2": {
					"rotation": ["4-math.cos(q.anim_time*90*2-90)*1.75", 0, 0]
				},
				"neck_fur_front3": {
					"rotation": ["2.5-math.cos(q.anim_time*90*2-120)*3.5", 0, 0]
				},
				"hair": {
					"rotation": [0, 3, 0]
				},
				"hair_back_bottom": {
					"rotation": ["-0-math.cos(q.anim_time*90*2-150)*1.65", 0, 0]
				},
				"hair_front": {
					"rotation": [0, -6, 0]
				},
				"hair3": {
					"rotation": [-26.28803, "-26.9921-math.cos(q.anim_time*90*2-180)*3.5", 7.4054]
				},
				"hair4": {
					"rotation": [3.74006, "-32.2568-math.cos(q.anim_time*90*2-270)*7", -8.80238]
				},
				"hair5": {
					"rotation": [-7.97337, "-59.03741-math.cos(q.anim_time*90*2-360)*14", 4.53051]
				},
				"hair_bottom": {
					"rotation": [0, "-0-math.cos(q.anim_time*90*2-450)*-7.5", 0]
				},
				"hair_bottom2": {
					"rotation": [0, "-0-math.cos(q.anim_time*90*2-540)*-18", 0]
				},
				"hair_bottom3": {
					"rotation": [0, "-0-math.cos(q.anim_time*90*2-630)*-24", 0]
				},
				"hair6": {
					"rotation": ["7.5-math.cos(q.anim_time*90*2-450)*4", "-0-math.cos(q.anim_time*90*2-450)*20", 0]
				},
				"hair7": {
					"rotation": ["-30.98084-math.cos(q.anim_time*90*2-540)*8", "-11.43563-math.cos(q.anim_time*90*2-540)*36", 9.77243]
				},
				"hair8": {
					"rotation": ["18-math.cos(q.anim_time*90*2-630)*16", "-12.95254-math.cos(q.anim_time*90*2-630)*32", -7.63074]
				},
				"hair_left": {
					"rotation": [3.63256, -27.34372, "48.3314+math.cos(q.anim_time*90*2-90)*-3"]
				},
				"hair_left2": {
					"rotation": [-1.6575, 12.39135, "9.82005+math.cos(q.anim_time*90*2-180)*-6"]
				},
				"hair_left3": {
					"rotation": [9.06159, 23.39896, "21.8802+math.cos(q.anim_time*90*2-270)*-18"]
				},
				"hair_left4": {
					"rotation": [5.9634, -40.10926, "-9.8128+math.cos(q.anim_time*90*2-360)*-28"]
				},
				"hair_left5": {
					"rotation": [0, -25, "0+math.cos(q.anim_time*90*2-450)*-32"]
				},
				"hair_right": {
					"rotation": [3.63256, 27.34372, "-48.3314-math.cos(q.anim_time*90*2-90)*-3"]
				},
				"hair_right2": {
					"rotation": [-1.6575, -12.39135, "-9.82005-math.cos(q.anim_time*90*2-180)*-6"]
				},
				"hair_right3": {
					"rotation": [9.06159, -23.39896, "-21.8802-math.cos(q.anim_time*90*2-270)*-18"]
				},
				"hair_right4": {
					"rotation": [5.9634, 40.10926, "9.8128-math.cos(q.anim_time*90*2-360)*-28"]
				},
				"hair_right5": {
					"rotation": [0, 25, "-0-math.cos(q.anim_time*90*2-450)*-32"]
				},
				"tail": {
					"position": [0, 0, 0.65]
				},
				"tail_middle_rotation": {
					"rotation": ["65-math.cos(q.anim_time*90*2-60)*0.75", 0, 0]
				},
				"tail_middle9": {
					"rotation": ["-20-math.cos(q.anim_time*90*2-540)*24", 0, 0]
				},
				"tail_left1_9": {
					"rotation": ["-42.24682-math.cos(q.anim_time*90*2-540)*24", 17.04679, -14.9092]
				},
				"tail_left2_8": {
					"rotation": ["21.88023-math.cos(q.anim_time*90*2-480)*24", "-15-math.cos(q.anim_time*90*2-480)*10", -9.06159]
				},
				"tail_left2_9": {
					"rotation": ["-0-math.cos(q.anim_time*90*2-540)*24", "20-math.cos(q.anim_time*90*2-540)*16", 0]
				},
				"tail_left3": {
					"rotation": [-7.34619, 17.12827, -7.84022]
				},
				"tail_left3_8": {
					"rotation": ["-22.89875-math.cos(q.anim_time*90*2-480)*24", "-8.42145-math.cos(q.anim_time*90*2-480)*10", 5.41207]
				},
				"tail_left3_9": {
					"rotation": ["30-math.cos(q.anim_time*90*2-540)*24", "15-math.cos(q.anim_time*90*2-540)*16", 0]
				},
				"tail_left4_7": {
					"rotation": ["-0-math.cos(q.anim_time*90*2-420)*16", "-0-math.cos(q.anim_time*90*2-420)*5", 0]
				},
				"tail_left4_8": {
					"rotation": ["10-math.cos(q.anim_time*90*2-480)*24", "20-math.cos(q.anim_time*90*2-480)*8", 0]
				},
				"tail_left4_9": {
					"rotation": ["-0-math.cos(q.anim_time*90*2-540)*24", "-5-math.cos(q.anim_time*90*2-540)*16", 0]
				},
				"tail_right1_9": {
					"rotation": ["-42.24682-math.cos(q.anim_time*90*2-540)*24", -17.04679, 14.9092]
				},
				"tail_right2_8": {
					"rotation": ["21.88023-math.cos(q.anim_time*90*2-480)*24", "15+math.cos(q.anim_time*90*2-480)*10", 9.06159]
				},
				"tail_right2_9": {
					"rotation": ["-0-math.cos(q.anim_time*90*2-540)*24", "-20+math.cos(q.anim_time*90*2-540)*16", 0]
				},
				"tail_right3": {
					"rotation": [-7.34619, -17.12827, 7.84022]
				},
				"tail_right3_8": {
					"rotation": ["-22.89875-math.cos(q.anim_time*90*2-480)*24", "8.42145+math.cos(q.anim_time*90*2-480)*10", -5.41207]
				},
				"tail_right3_9": {
					"rotation": ["30-math.cos(q.anim_time*90*2-540)*24", "-15+math.cos(q.anim_time*90*2-540)*16", 0]
				},
				"tail_right4_7": {
					"rotation": ["-0-math.cos(q.anim_time*90*2-420)*16", "0+math.cos(q.anim_time*90*2-420)*5", 0]
				},
				"tail_right4_8": {
					"rotation": ["10-math.cos(q.anim_time*90*2-480)*24", "-20+math.cos(q.anim_time*90*2-480)*8", 0]
				},
				"tail_right4_9": {
					"rotation": ["-0-math.cos(q.anim_time*90*2-540)*24", "5+math.cos(q.anim_time*90*2-540)*16", 0]
				}
			}
		},
		"animation.ninetales_alolan.ground_walk": {
			"loop": true,
			"animation_length": 1,
			"bones": {
				"body": {
					"position": {
						"0.0": [0, -0.15, 0],
						"0.1667": [0, 0.25, 0],
						"0.3333": [0, 0.25, 0],
						"0.5": [0, -0.15, 0],
						"0.6667": [0, 0.25, 0],
						"0.8333": [0, 0.25, 0],
						"1.0": [0, -0.15, 0]
					}
				},
				"torso": {
					"rotation": ["5-math.cos(q.anim_time*90*8-0)*-0.5", 0, 0],
					"position": [0, "0+math.cos(q.anim_time*90*8-30)*0.1", 0]
				},
				"chest": {
					"rotation": ["-5-math.cos(q.anim_time*90*8-30)*-1", 0, 0]
				},
				"neck": {
					"rotation": ["-5-math.cos(q.anim_time*90*8-60)*0.65", 0, 0]
				},
				"neck_fur_left2": {
					"rotation": [0, 0, "-7.5+math.cos(q.anim_time*90*4-60)*-1"]
				},
				"neck_fur_right2": {
					"rotation": [0, 0, "7.5+math.cos(q.anim_time*90*4-60)*1"]
				},
				"neck2": {
					"rotation": [-5, 0, 0]
				},
				"head_rotation": {
					"rotation": ["12.5-math.cos(q.anim_time*90*8-90)*-1", 0, 0]
				},
				"hair2": {
					"rotation": [-12.51155, "2.4395-math.cos(q.anim_time*90*4-90)*2", -0.54142]
				},
				"hair_back_top": {
					"rotation": ["-2.5-math.cos(q.anim_time*90*4-150)*1.65", 0, 0]
				},
				"hair_back_top2": {
					"rotation": ["-22.5-math.cos(q.anim_time*90*4-180)*2", 0, 0]
				},
				"hair_back_bottom2": {
					"rotation": ["-20-math.cos(q.anim_time*90*4-180)*2", 0, 0]
				},
				"tail_middle2": {
					"rotation": ["-7.5-math.cos(q.anim_time*90*4-120)*1.25", 0, 0]
				},
				"tail_middle3": {
					"rotation": ["-25-math.cos(q.anim_time*90*4-180)*2.5", 0, 0]
				},
				"tail_middle4": {
					"rotation": ["-30-math.cos(q.anim_time*90*4-240)*4.5", 0, 0]
				},
				"tail_middle5": {
					"rotation": ["-25-math.cos(q.anim_time*90*4-300)*8", 0, 0]
				},
				"tail_middle6": {
					"rotation": ["-12.62-math.cos(q.anim_time*90*4-360)*12", 0, 0]
				},
				"tail_middle7": {
					"rotation": ["-31.18939-math.cos(q.anim_time*90*4-420)*16", 0, 0]
				},
				"tail_middle8": {
					"rotation": ["15.22074-math.cos(q.anim_time*90*4-480)*24", 0, 0]
				},
				"tail_left1_rotation": {
					"rotation": ["64.2174-math.cos(q.anim_time*90*4-60)*0.75", 8.98581, 12.04686]
				},
				"tail_left1_2": {
					"rotation": ["-17.51565-math.cos(q.anim_time*90*4-120)*1.25", -2.38422, 0.7522]
				},
				"tail_left1_3": {
					"rotation": ["-10.03742-math.cos(q.anim_time*90*4-180)*2.5", -4.92385, 0.87038]
				},
				"tail_left1_4": {
					"rotation": ["-37.52635-math.cos(q.anim_time*90*4-240)*4.5", -1.98315, 1.52251]
				},
				"tail_left1_5": {
					"rotation": ["-17.51565-math.cos(q.anim_time*90*4-300)*8", -2.38422, 0.7522]
				},
				"tail_left1_6": {
					"rotation": ["-25.08377-math.cos(q.anim_time*90*4-360)*12", -4.53051, 2.11751]
				},
				"tail_left1_7": {
					"rotation": ["-15.22074-math.cos(q.anim_time*90*4-420)*16", 9.65594, -2.61298]
				},
				"tail_left1_8": {
					"rotation": ["30.71983-math.cos(q.anim_time*90*4-480)*24", -13.97399, -3.85625]
				},
				"tail_left2_rotation": {
					"rotation": ["63.58314-math.cos(q.anim_time*90*4-60)*0.75", 11.98346, 41.65117]
				},
				"tail_left2_2": {
					"rotation": ["-15.50409-math.cos(q.anim_time*90*4-120)*1.25", -14.47751, 3.96713]
				},
				"tail_left2_3": {
					"rotation": ["-9.9045-math.cos(q.anim_time*90*4-180)*2.5", -2.61747, -1.08202]
				},
				"tail_left2_4": {
					"rotation": ["-27.5209-math.cos(q.anim_time*90*4-240)*4.5", -2.26564, 1.0571]
				},
				"tail_left2_5": {
					"rotation": ["-30.09468-math.cos(q.anim_time*90*4-300)*8", -4.32875, 2.50477]
				},
				"tail_left2_6": {
					"rotation": ["-13.06681-math.cos(q.anim_time*90*4-360)*12", 11.06861, -5.84485]
				},
				"tail_left2_7": {
					"rotation": ["-25.08377-math.cos(q.anim_time*90*4-420)*16", "3-math.cos(q.anim_time*90*4-420)*6", -2.11751]
				},
				"tail_left3_rotation": {
					"rotation": ["76.5201-math.cos(q.anim_time*90*4-60)*0.75", -21.21599, 70.91151]
				},
				"tail_left3_2": {
					"rotation": ["-23.00013-math.cos(q.anim_time*90*4-120)*1.25", -11.40209, 5.14995]
				},
				"tail_left3_3": {
					"rotation": ["-10-math.cos(q.anim_time*90*4-180)*2.5", 0, 0]
				},
				"tail_left3_4": {
					"rotation": ["-20-math.cos(q.anim_time*90*4-240)*4.5", 0, 0]
				},
				"tail_left3_5": {
					"rotation": ["-30.02363-math.cos(q.anim_time*90*4-300)*8", 2.16489, -1.2506]
				},
				"tail_left3_6": {
					"rotation": ["-12.99008-math.cos(q.anim_time*90*4-360)*12", 11.53486, -4.8493]
				},
				"tail_left3_7": {
					"rotation": ["15-math.cos(q.anim_time*90*4-420)*16", "20-math.cos(q.anim_time*90*4-420)*6", 0]
				},
				"tail_right1_rotation": {
					"rotation": ["64.2174-math.cos(q.anim_time*90*4-60)*0.75", -8.98581, -12.04686]
				},
				"tail_right1_2": {
					"rotation": ["-17.51565-math.cos(q.anim_time*90*4-120)*1.25", 2.38422, -0.7522]
				},
				"tail_right1_3": {
					"rotation": ["-10.03742-math.cos(q.anim_time*90*4-180)*2.5", 4.92385, -0.87038]
				},
				"tail_right1_4": {
					"rotation": ["-37.52635-math.cos(q.anim_time*90*4-240)*4.5", 1.98315, -1.52251]
				},
				"tail_right1_5": {
					"rotation": ["-17.51565-math.cos(q.anim_time*90*4-300)*8", 2.38422, -0.7522]
				},
				"tail_right1_6": {
					"rotation": ["-25.08377-math.cos(q.anim_time*90*4-360)*12", 4.53051, -2.11751]
				},
				"tail_right1_7": {
					"rotation": ["-15.22074-math.cos(q.anim_time*90*4-420)*16", -9.65594, 2.61298]
				},
				"tail_right1_8": {
					"rotation": ["30.71983-math.cos(q.anim_time*90*4-480)*24", 13.97399, 3.85625]
				},
				"tail_right2_rotation": {
					"rotation": ["63.58314-math.cos(q.anim_time*90*4-60)*0.75", -11.98346, -41.65117]
				},
				"tail_right2_2": {
					"rotation": ["-15.50409-math.cos(q.anim_time*90*4-120)*1.25", 14.47751, -3.96713]
				},
				"tail_right2_3": {
					"rotation": ["-9.9045-math.cos(q.anim_time*90*4-180)*2.5", 2.61747, 1.08202]
				},
				"tail_right2_4": {
					"rotation": ["-27.5209-math.cos(q.anim_time*90*4-240)*4.5", 2.26564, -1.0571]
				},
				"tail_right2_5": {
					"rotation": ["-30.09468-math.cos(q.anim_time*90*4-300)*8", 4.32875, -2.50477]
				},
				"tail_right2_6": {
					"rotation": ["-13.06681-math.cos(q.anim_time*90*4-360)*12", -11.06861, 5.84485]
				},
				"tail_right2_7": {
					"rotation": ["-25.08377-math.cos(q.anim_time*90*4-420)*16", "-3+math.cos(q.anim_time*90*4-420)*6", 2.11751]
				},
				"leg_front_left": {
					"rotation": {
						"0.0": [27.5, 0, 0],
						"0.25": {
							"pre": [36.5, 0, 0],
							"post": [36.5, 0, 0],
							"lerp_mode": "catmullrom"
						},
						"0.5": [-14.5, 0, 0],
						"1.0": [27.5, 0, 0]
					},
					"position": {
						"0.0": [0, -1, 0.5],
						"0.25": {
							"pre": [0, 0.1, 0.4],
							"post": [0, 0.1, 0.4],
							"lerp_mode": "catmullrom"
						},
						"0.5": [0, -0.25, -0.3],
						"1.0": [0, -1, 0.5]
					}
				},
				"leg_front_left2": {
					"rotation": {
						"0.0": [-24.5, 0, 0],
						"0.1667": {
							"pre": [-50.5, 0, 0],
							"post": [-50.5, 0, 0],
							"lerp_mode": "catmullrom"
						},
						"0.3333": {
							"post": [-52.0497, 0.63007, -0.28681],
							"lerp_mode": "catmullrom"
						},
						"0.5": [-1, 0, 0],
						"1.0": [-24.5, 0, 0]
					}
				},
				"foot_front_left": {
					"rotation": {
						"0.0": [-2.5, 0, 0],
						"0.1667": {
							"pre": [74.6, 0, 0],
							"post": [74.6, 0, 0],
							"lerp_mode": "catmullrom"
						},
						"0.3333": {
							"post": [77, 0, 0],
							"lerp_mode": "catmullrom"
						},
						"0.5": [16, 0, 0],
						"1.0": [-2.5, 0, 0]
					}
				},
				"leg_back_left": {
					"rotation": {
						"0.0": [-7.5, 0, 0],
						"0.5": [7.5, 0, 0],
						"0.75": {
							"pre": [4, 0, 0],
							"post": [4, 0, 0],
							"lerp_mode": "catmullrom"
						},
						"1.0": [-7.5, 0, 0]
					},
					"position": {
						"0.0": [0, 0, 0],
						"0.25": [0, -0.175, 0],
						"0.5": [0, -0.35, 0],
						"1.0": [0, 0, 0]
					}
				},
				"leg_back_left2": {
					"rotation": {
						"0.0": [-2.5, 0, 0],
						"0.5": [3.5, 0, 0],
						"0.6667": {
							"pre": [10.5, 0, 0],
							"post": [10.5, 0, 0],
							"lerp_mode": "catmullrom"
						},
						"0.8333": {
							"post": [5.5, 0, 0],
							"lerp_mode": "catmullrom"
						},
						"1.0": [-2.5, 0, 0]
					}
				},
				"leg_back_left3": {
					"rotation": {
						"0.0": [-3, 0, 0],
						"0.5": [8, 0, 0],
						"0.6667": {
							"pre": [-0.87, 0, 0],
							"post": [-0.87, 0, 0],
							"lerp_mode": "catmullrom"
						},
						"0.8333": {
							"post": [-7.5, 0, 0],
							"lerp_mode": "catmullrom"
						},
						"1.0": [-3, 0, 0]
					}
				},
				"foot_back_left": {
					"rotation": {
						"0.0": [13, 0, 0],
						"0.5": [-19, 0, 0],
						"0.6667": {
							"pre": [21.67, 0, 0],
							"post": [21.67, 0, 0],
							"lerp_mode": "catmullrom"
						},
						"0.8333": {
							"post": [29.17, 0, 0],
							"lerp_mode": "catmullrom"
						},
						"1.0": [13, 0, 0]
					}
				},
				"leg_front_right": {
					"rotation": {
						"0.0": [-14.5, 0, 0],
						"0.5": [27.5, 0, 0],
						"0.75": {
							"pre": [36.5, 0, 0],
							"post": [36.5, 0, 0],
							"lerp_mode": "catmullrom"
						},
						"1.0": [-14.5, 0, 0]
					},
					"position": {
						"0.0": [0, -0.25, -0.3],
						"0.5": [0, -1, 0.5],
						"0.75": {
							"pre": [0, 0.1, 0.4],
							"post": [0, 0.1, 0.4],
							"lerp_mode": "catmullrom"
						},
						"1.0": [0, -0.25, -0.3]
					}
				},
				"leg_front_right2": {
					"rotation": {
						"0.0": [-1, 0, 0],
						"0.5": [-24.5, 0, 0],
						"0.6667": {
							"pre": [-50.5, 0, 0],
							"post": [-50.5, 0, 0],
							"lerp_mode": "catmullrom"
						},
						"0.8333": {
							"post": [-52.0497, -0.63007, 0.28681],
							"lerp_mode": "catmullrom"
						},
						"1.0": [-1, 0, 0]
					}
				},
				"foot_front_right": {
					"rotation": {
						"0.0": [16, 0, 0],
						"0.5": [-2.5, 0, 0],
						"0.6667": {
							"pre": [74.6, 0, 0],
							"post": [74.6, 0, 0],
							"lerp_mode": "catmullrom"
						},
						"0.8333": {
							"post": [77, 0, 0],
							"lerp_mode": "catmullrom"
						},
						"1.0": [16, 0, 0]
					}
				},
				"leg_back_right": {
					"rotation": {
						"0.0": [7.5, 0, 0],
						"0.25": {
							"pre": [4, 0, 0],
							"post": [4, 0, 0],
							"lerp_mode": "catmullrom"
						},
						"0.5": [-7.5, 0, 0],
						"1.0": [7.5, 0, 0]
					},
					"position": {
						"0.0": [0, -0.35, 0],
						"0.5": [0, 0, 0],
						"0.75": [0, -0.175, 0],
						"1.0": [0, -0.35, 0]
					}
				},
				"leg_back_right2": {
					"rotation": {
						"0.0": [3.5, 0, 0],
						"0.1667": {
							"pre": [10.5, 0, 0],
							"post": [10.5, 0, 0],
							"lerp_mode": "catmullrom"
						},
						"0.3333": {
							"post": [5.5, 0, 0],
							"lerp_mode": "catmullrom"
						},
						"0.5": [-2.5, 0, 0],
						"1.0": [3.5, 0, 0]
					}
				},
				"leg_back_right3": {
					"rotation": {
						"0.0": [8, 0, 0],
						"0.1667": {
							"pre": [-0.87, 0, 0],
							"post": [-0.87, 0, 0],
							"lerp_mode": "catmullrom"
						},
						"0.3333": {
							"post": [-7.5, 0, 0],
							"lerp_mode": "catmullrom"
						},
						"0.5": [-3, 0, 0],
						"1.0": [8, 0, 0]
					}
				},
				"foot_back_right": {
					"rotation": {
						"0.0": [-19, 0, 0],
						"0.1667": {
							"pre": [21.67, 0, 0],
							"post": [21.67, 0, 0],
							"lerp_mode": "catmullrom"
						},
						"0.3333": {
							"post": [29.17, 0, 0],
							"lerp_mode": "catmullrom"
						},
						"0.5": [13, 0, 0],
						"1.0": [-19, 0, 0]
					}
				},
				"tail_right3_rotation": {
					"rotation": ["76.5201-math.cos(q.anim_time*90*4-60)*0.75", 21.21599, -70.91151]
				},
				"tail_right3_2": {
					"rotation": ["-23.00013-math.cos(q.anim_time*90*4-120)*1.25", 11.40209, -5.14995]
				},
				"tail_right3_3": {
					"rotation": ["-10-math.cos(q.anim_time*90*4-180)*2.5", 0, 0]
				},
				"tail_right3_4": {
					"rotation": ["-20-math.cos(q.anim_time*90*4-240)*4.5", 0, 0]
				},
				"tail_right3_5": {
					"rotation": ["-30.02363-math.cos(q.anim_time*90*4-300)*8", -2.16489, 1.2506]
				},
				"tail_right3_6": {
					"rotation": ["-12.99008-math.cos(q.anim_time*90*4-360)*12", -11.53486, 4.8493]
				},
				"tail_right3_7": {
					"rotation": ["15-math.cos(q.anim_time*90*4-420)*16", "-20+math.cos(q.anim_time*90*4-420)*6", 0]
				},
				"tail_left4_rotation": {
					"rotation": ["83.07626-math.cos(q.anim_time*90*4-60)*0.75", 7.16729, 88.89799]
				},
				"tail_left4_2": {
					"rotation": ["-28.3693-math.cos(q.anim_time*90*4-120)*1.25", -12.72029, 8.00075]
				},
				"tail_left4_3": {
					"rotation": ["-12.60443-math.cos(q.anim_time*90*4-180)*2.5", -7.32123, 1.63219]
				},
				"tail_left4_4": {
					"rotation": ["-15.04624-math.cos(q.anim_time*90*4-240)*4.5", -4.88119, 1.08482]
				},
				"tail_left4_5": {
					"rotation": ["-29.41237-math.cos(q.anim_time*90*4-300)*8", -2.14804, -1.84068]
				},
				"tail_left4_6": {
					"rotation": ["-9.14867-math.cos(q.anim_time*90*4-360)*12", 20.70481, -9.00717]
				},
				"tail_right4_rotation": {
					"rotation": ["83.07626-math.cos(q.anim_time*90*4-60)*0.75", -7.16729, -88.89799]
				},
				"tail_right4_2": {
					"rotation": ["-28.3693-math.cos(q.anim_time*90*4-120)*1.25", 12.72029, -8.00075]
				},
				"tail_right4_3": {
					"rotation": ["-12.60443-math.cos(q.anim_time*90*4-180)*2.5", 7.32123, -1.63219]
				},
				"tail_right4_4": {
					"rotation": ["-15.04624-math.cos(q.anim_time*90*4-240)*4.5", 4.88119, -1.08482]
				},
				"tail_right4_5": {
					"rotation": ["-29.41237-math.cos(q.anim_time*90*4-300)*8", 2.14804, 1.84068]
				},
				"tail_right4_6": {
					"rotation": ["-9.14867-math.cos(q.anim_time*90*4-360)*12", -20.70481, 9.00717]
				},
				"neck_fur_front": {
					"rotation": ["-10-math.cos(q.anim_time*90*8-60)*-1.5", 0, 0]
				},
				"neck_fur_front2": {
					"rotation": ["12.0925-math.cos(q.anim_time*90*8-90)*-2.25", 0, 0]
				},
				"neck_fur_front3": {
					"rotation": ["-3-math.cos(q.anim_time*90*8-120)*-3.5", 0, 0]
				},
				"hair": {
					"rotation": [1, 3, 0]
				},
				"hair_back_bottom": {
					"rotation": ["-0-math.cos(q.anim_time*90*4-150)*1.65", 0, 0]
				},
				"hair_front": {
					"rotation": [0, -6, 0]
				},
				"hair3": {
					"rotation": [-5.59168, "-23.3948-math.cos(q.anim_time*90*4-180)*4", 5.52262]
				},
				"hair4": {
					"rotation": [6.16524, "-24.9746-math.cos(q.anim_time*90*4-270)*8", -2.75806]
				},
				"hair5": {
					"rotation": [-4.46413, "-46.6046-math.cos(q.anim_time*90*4-360)*16", 0.78936]
				},
				"hair_bottom": {
					"rotation": [0, "-0-math.cos(q.anim_time*90*4-450)*-10", 0]
				},
				"hair_bottom2": {
					"rotation": [0, "-0-math.cos(q.anim_time*90*4-540)*-18", 0]
				},
				"hair_bottom3": {
					"rotation": [0, "-0-math.cos(q.anim_time*90*4-630)*-24", 0]
				},
				"hair6": {
					"rotation": ["7.5-math.cos(q.anim_time*90*4-450)*4", "-0-math.cos(q.anim_time*90*4-450)*24", 0]
				},
				"hair7": {
					"rotation": ["-36.8474-math.cos(q.anim_time*90*4-540)*8", "6.6114-math.cos(q.anim_time*90*4-540)*36", -0.68116]
				},
				"hair8": {
					"rotation": ["18.2223-math.cos(q.anim_time*90*4-630)*16", "15.6234-math.cos(q.anim_time*90*4-630)*32", 1.60143]
				},
				"hair_left": {
					"rotation": [6.73228, "5.0701-math.cos(q.anim_time*90*8-90)*-2.5", 48.78375]
				},
				"hair_left2": {
					"rotation": [-1.69915, "-10.0994-math.cos(q.anim_time*90*8-180)*-4", 6.57969]
				},
				"hair_left3": {
					"rotation": [8.60621, "-11.7378-math.cos(q.anim_time*90*8-270)*-8", 3.07723]
				},
				"hair_left4": {
					"rotation": [6.71104, "-49.5511-math.cos(q.anim_time*90*8-360)*-12", -1.10293]
				},
				"hair_left5": {
					"rotation": [0, "-25-math.cos(q.anim_time*90*8-450)*-18", 36]
				},
				"hair_right": {
					"rotation": [6.73228, "-5.0701+math.cos(q.anim_time*90*8-90)*-2.5", -48.78375]
				},
				"hair_right2": {
					"rotation": [-1.69915, "10.0994+math.cos(q.anim_time*90*8-180)*-4", -6.57969]
				},
				"hair_right3": {
					"rotation": [8.60621, "11.7378+math.cos(q.anim_time*90*8-270)*-8", -3.07723]
				},
				"hair_right4": {
					"rotation": [6.71104, "49.5511+math.cos(q.anim_time*90*8-360)*-12", 1.10293]
				},
				"hair_right5": {
					"rotation": [0, "25+math.cos(q.anim_time*90*8-450)*-18", -36]
				},
				"tail": {
					"position": [0, 0, 0.65]
				},
				"tail_middle_rotation": {
					"rotation": ["65-math.cos(q.anim_time*90*4-60)*0.75", 0, 0]
				},
				"tail_middle9": {
					"rotation": ["-20-math.cos(q.anim_time*90*4-540)*24", 0, 0]
				},
				"tail_left1_9": {
					"rotation": ["-42.24682-math.cos(q.anim_time*90*4-540)*24", 17.04679, -14.9092]
				},
				"tail_left2_8": {
					"rotation": ["21.88023-math.cos(q.anim_time*90*4-480)*24", "-15-math.cos(q.anim_time*90*4-480)*10", -9.06159]
				},
				"tail_left2_9": {
					"rotation": ["-0-math.cos(q.anim_time*90*4-540)*24", "20-math.cos(q.anim_time*90*4-540)*16", 0]
				},
				"tail_left3": {
					"rotation": [-7.34619, 17.12827, -7.84022]
				},
				"tail_left3_8": {
					"rotation": ["-22.89875-math.cos(q.anim_time*90*4-480)*24", "-8.42145-math.cos(q.anim_time*90*4-480)*10", 5.41207]
				},
				"tail_left3_9": {
					"rotation": ["30-math.cos(q.anim_time*90*4-540)*24", "15-math.cos(q.anim_time*90*4-540)*16", 0]
				},
				"tail_left4_7": {
					"rotation": ["-0-math.cos(q.anim_time*90*4-420)*16", "-0-math.cos(q.anim_time*90*4-420)*5", 0]
				},
				"tail_left4_8": {
					"rotation": ["10-math.cos(q.anim_time*90*4-480)*24", "20-math.cos(q.anim_time*90*4-480)*8", 0]
				},
				"tail_left4_9": {
					"rotation": ["-0-math.cos(q.anim_time*90*4-540)*24", "-5-math.cos(q.anim_time*90*4-540)*16", 0]
				},
				"tail_right1_9": {
					"rotation": ["-42.24682-math.cos(q.anim_time*90*4-540)*24", -17.04679, 14.9092]
				},
				"tail_right2_8": {
					"rotation": ["21.88023-math.cos(q.anim_time*90*4-480)*24", "15+math.cos(q.anim_time*90*4-480)*10", 9.06159]
				},
				"tail_right2_9": {
					"rotation": ["-0-math.cos(q.anim_time*90*4-540)*24", "-20+math.cos(q.anim_time*90*4-540)*16", 0]
				},
				"tail_right3": {
					"rotation": [-7.34619, -17.12827, 7.84022]
				},
				"tail_right3_8": {
					"rotation": ["-22.89875-math.cos(q.anim_time*90*4-480)*24", "8.42145+math.cos(q.anim_time*90*4-480)*10", -5.41207]
				},
				"tail_right3_9": {
					"rotation": ["30-math.cos(q.anim_time*90*4-540)*24", "-15+math.cos(q.anim_time*90*4-540)*16", 0]
				},
				"tail_right4_7": {
					"rotation": ["-0-math.cos(q.anim_time*90*4-420)*16", "0+math.cos(q.anim_time*90*4-420)*5", 0]
				},
				"tail_right4_8": {
					"rotation": ["10-math.cos(q.anim_time*90*4-480)*24", "-20+math.cos(q.anim_time*90*4-480)*8", 0]
				},
				"tail_right4_9": {
					"rotation": ["-0-math.cos(q.anim_time*90*4-540)*24", "5+math.cos(q.anim_time*90*4-540)*16", 0]
				}
			}
		},
		"animation.ninetales_alolan.blink": {
			"animation_length": 0.1667,
			"bones": {
				"eyelid_left": {
					"position": {
						"0.0": [0.1, 0, -0.1],
						"0.125": [0.1, 0, -0.1],
						"0.1667": [0, 0, 0]
					}
				},
				"eyelid_right": {
					"position": {
						"0.0": [-0.1, 0, -0.1],
						"0.125": [-0.1, 0, -0.1],
						"0.1667": [0, 0, 0]
					}
				}
			}
		},
		"animation.ninetales_alolan.cry": {
			"animation_length": 1.5833,
			"bones": {
				"mouth": {
					"position": {
						"0.0": [0, 0, 0],
						"0.25": [0, -0.0999, -0.00436],
						"0.75": [0, -0.0999, -0.00436],
						"1.0": [0, 0, 0]
					}
				},
				"head": {
					"rotation": {
						"0.0": {
							"post": [0, 0, 0],
							"lerp_mode": "catmullrom"
						},
						"0.3333": {
							"post": [-15, 0, 0],
							"lerp_mode": "catmullrom"
						},
						"0.6667": {
							"post": [-9.34, 0, 0],
							"lerp_mode": "catmullrom"
						},
						"1.0": {
							"post": [-15, 0, 0],
							"lerp_mode": "catmullrom"
						},
						"1.5": {
							"post": [0, 0, 0],
							"lerp_mode": "catmullrom"
						}
					}
				},
				"jaw": {
					"rotation": {
						"0.0": {
							"post": [0, 0, 0],
							"lerp_mode": "catmullrom"
						},
						"0.3333": {
							"post": [55, 0, 0],
							"lerp_mode": "catmullrom"
						},
						"0.5833": {
							"post": [48.15, 0, 0],
							"lerp_mode": "catmullrom"
						},
						"0.9167": {
							"post": [65, 0, 0],
							"lerp_mode": "catmullrom"
						},
						"1.5833": {
							"post": [0, 0, 0],
							"lerp_mode": "catmullrom"
						}
					}
				},
				"neck2": {
					"rotation": {
						"0.0": [0, 0, 0],
						"0.1667": {
							"pre": [2.5, 0, 0],
							"post": [2.5, 0, 0],
							"lerp_mode": "catmullrom"
						},
						"0.5": {
							"post": [-2.5, 0, 0],
							"lerp_mode": "catmullrom"
						},
						"1.0833": {
							"post": [-2.5, 0, 0],
							"lerp_mode": "catmullrom"
						},
						"1.5833": [0, 0, 0]
					}
				},
				"hair2": {
					"rotation": {
						"0.0": [0, 0, 0],
						"0.3333": {
							"pre": [4, 0, 0],
							"post": [4, 0, 0],
							"lerp_mode": "catmullrom"
						},
						"0.6667": {
							"post": [2, 0, 0],
							"lerp_mode": "catmullrom"
						},
						"1.0": {
							"post": [4, 0, 0],
							"lerp_mode": "catmullrom"
						},
						"1.5": [0, 0, 0]
					}
				},
				"hair3": {
					"rotation": {
						"0.0": [0, 0, 0],
						"0.3333": {
							"pre": [17.64595, -7.46216, 0.83205],
							"post": [17.64595, -7.46216, 0.83205],
							"lerp_mode": "catmullrom"
						},
						"0.6667": {
							"post": [13.5, -7.46216, 0.83205],
							"lerp_mode": "catmullrom"
						},
						"1.0": {
							"post": [17.64595, -7.46216, 0.83205],
							"lerp_mode": "catmullrom"
						},
						"1.5": [0, 0, 0]
					}
				},
				"hair4": {
					"rotation": {
						"0.0": [0, 0, 0],
						"0.3333": {
							"pre": [10.98846, -6.81542, -8.24222],
							"post": [10.98846, -6.81542, -8.24222],
							"lerp_mode": "catmullrom"
						},
						"0.6667": {
							"post": [9.87856, -5.355, -5.59244],
							"lerp_mode": "catmullrom"
						},
						"1.0": {
							"post": [10.98846, -6.81542, -8.24222],
							"lerp_mode": "catmullrom"
						},
						"1.5": [0, 0, 0]
					}
				},
				"hair5": {
					"rotation": {
						"0.0": [0, 0, 0],
						"0.3333": {
							"pre": [0, -5, 0],
							"post": [0, -5, 0],
							"lerp_mode": "catmullrom"
						},
						"0.6667": {
							"post": [0, -3, 0],
							"lerp_mode": "catmullrom"
						},
						"1.0": {
							"post": [0, -5, 0],
							"lerp_mode": "catmullrom"
						},
						"1.5": [0, 0, 0]
					}
				}
			},
			"sound_effects": {
				"0.0833": {
					"effect": "pokemon.ninetales_alolan.cry"
				}
			}
		},
		"animation.ninetales_alolan.shock": {
			"loop": true,
			"bones": {
				"pupil_left": {
					"scale": [0.7, 0.7, 1]
				},
				"pupil_right": {
					"scale": [0.7, 0.7, 1]
				},
				"jaw": {
					"rotation": [70, 0, 0]
				}
			}
		},
		"animation.ninetales_alolan.angry": {
			"loop": true,
			"bones": {
				"eye_angry_left": {
					"position": [0.1, 0, -0.1]
				},
				"eye_angry_right": {
					"position": [-0.1, 0, -0.1]
				}
			}
		},
		"animation.ninetales_alolan.sad": {
			"loop": true,
			"bones": {
				"eye_sad_left": {
					"position": [0.1, 0, -0.1]
				},
				"eye_sad_right": {
					"position": [-0.1, 0, -0.1]
				}
			}
		},
		"animation.ninetales_alolan.happy": {
			"loop": true,
			"bones": {
				"eyelid_happy_left": {
					"position": [0.1, 0, -0.1]
				},
				"eyelid_happy_right": {
					"position": [-0.1, 0, -0.1]
				},
				"jaw": {
					"rotation": [70, 0, 0]
				}
			}
		},
		"animation.ninetales_alolan.hurt": {
			"loop": true,
			"bones": {
				"eyelid_recoil_left": {
					"position": [0.1, 0, -0.1]
				},
				"eyelid_recoil_right": {
					"position": [-0.1, 0, -0.1]
				}
			}
		},
		"animation.ninetales_alolan.sleep": {
			"loop": true,
			"bones": {
				"hair_back_top": {
					"rotation": [-12.5, 0, 0]
				},
				"hair_back_top2": {
					"rotation": [-12.5, 0, 0]
				},
				"hair_back_bottom": {
					"rotation": [2.5, 0, 0]
				},
				"hair_back_bottom2": {
					"rotation": [2.5, 0, 0]
				},
				"tails": {
					"rotation": [0, 0, "0+math.cos(q.anim_time*90*1-0)*0.15"]
				},
				"body": {
					"rotation": [-2, 10, 0],
					"position": [0, -11.2, 0]
				},
				"torso": {
					"rotation": ["5.4433-math.cos(q.anim_time*90*1-0)*0.25", 27.43224, 1.09989],
					"position": [0.3, "-0.8+math.cos(q.anim_time*90*1-0)*0.065", 0]
				},
				"chest": {
					"rotation": [-4.62504, -33.8276, 2.46707],
					"position": [-0.2, 0, 1.3]
				},
				"neck": {
					"rotation": ["46.0831-math.cos(q.anim_time*90*1-0)*0.5", -19.42063, -11.10656]
				},
				"neck_fur_front": {
					"rotation": [-9.8924, 3.82821, 3.21873]
				},
				"neck_fur_front2": {
					"rotation": [47.5, 0, 0]
				},
				"neck2": {
					"rotation": ["13.851-math.cos(q.anim_time*90*1-30)*-1", -1.72794, 9.85108]
				},
				"head_rotation": {
					"rotation": ["-35-math.cos(q.anim_time*90*1-0)*-1", 0, 5]
				},
				"eyelid_left": {
					"position": [0.1, 0, -0.1]
				},
				"eyelid_right": {
					"position": [-0.1, 0, -0.1]
				},
				"hair": {
					"rotation": [-7.5, 3, 0]
				},
				"hair2": {
					"rotation": ["-12.511546523-math.cos(q.anim_time*90*1-0)*2", 2.4395, -0.54142]
				},
				"hair3": {
					"rotation": [-25.59168, -19.3948, 5.52262]
				},
				"hair4": {
					"rotation": [3.48303, -24.77164, -8.26511]
				},
				"hair5": {
					"rotation": [-10.06066, -47.74975, -2.20578]
				},
				"hair_bottom": {
					"rotation": [0, "-0-math.cos(q.anim_time*90*1-0)*-2", 0]
				},
				"hair_bottom2": {
					"rotation": ["-12.6315-math.cos(q.anim_time*90*1-0)*1 ", "-63.3298-math.cos(q.anim_time*90*1-0)*-1", 3.07435]
				},
				"hair_bottom3": {
					"rotation": [0, "-10-math.cos(q.anim_time*90*1-0)*3", 0]
				},
				"hair6": {
					"rotation": [-21.73383, "-16.0843-math.cos(q.anim_time*90*1-0)*-1", "3.4608+math.cos(q.anim_time*90*1-0)*-2"]
				},
				"hair7": {
					"rotation": [-39.29632, "-50.1132-math.cos(q.anim_time*90*1-0)*-1", 47.8165]
				},
				"hair8": {
					"rotation": [-38.2424, "5.5853-math.cos(q.anim_time*90*1-0)*3", -4.48974]
				},
				"hair_left": {
					"rotation": [0, 0, 47.5]
				},
				"hair_left2": {
					"rotation": [0, 0, 22.5]
				},
				"hair_left3": {
					"rotation": [0, 0, -12.5]
				},
				"hair_left4": {
					"rotation": ["-6.7553-math.cos(q.anim_time*90*1-0)*-2", "21.7636-math.cos(q.anim_time*90*1-0)*-2", "-39.8499+math.cos(q.anim_time*90*1-0)*2"]
				},
				"hair_left5": {
					"rotation": [-2.20462, -12.3071, "-14.7623+math.cos(q.anim_time*90*1-0)*-2"]
				},
				"hair_right": {
					"rotation": [7.85085, 16.63886, -40.27235]
				},
				"hair_right2": {
					"rotation": [-0.55404, -12.48791, -11.04226]
				},
				"hair_right3": {
					"rotation": [8.90159, 7.75239, -13.28938]
				},
				"hair_right4": {
					"rotation": [-5.85613, "39.1146-math.cos(q.anim_time*90*1-0)*4", -19.66571]
				},
				"hair_right5": {
					"rotation": [0, "10-math.cos(q.anim_time*90*1-0)*1", -36]
				},
				"tail": {
					"rotation": [-17.9359, -1.54331, -4.75643]
				},
				"tail_middle": {
					"rotation": [0, 0, 0]
				},
				"tail_middle_rotation": {
					"rotation": [25.0374, -27.98321, -5.23161]
				},
				"tail_middle2": {
					"rotation": [0, 0, 0]
				},
				"tail_middle3": {
					"rotation": [47.60879, -3.37562, -3.69066],
					"position": [0, 0, -0.7]
				},
				"tail_middle4": {
					"rotation": [52.43986, -0.64695, 0.5806],
					"position": [0, -0.5, -2.8]
				},
				"tail_middle5": {
					"rotation": [59.7675, 7.05728, -1.78633],
					"position": [0, -1.3, -3.5]
				},
				"tail_middle6": {
					"rotation": [36.86822, 18.26714, -2.39352]
				},
				"tail_middle7": {
					"rotation": [1.49548, -1.98288, 0.26116]
				},
				"tail_middle8": {
					"rotation": [-15.26776, -10.62075, 2.88008]
				},
				"tail_middle9": {
					"rotation": [4, 0, 0]
				},
				"tail_left1_rotation": {
					"rotation": [0, 0, 0]
				},
				"tail_left1_2": {
					"rotation": [45.02119, -29.92888, -4.16093]
				},
				"tail_left1_3": {
					"rotation": [42.5, 0, 0],
					"position": [0, 0, -0.3]
				},
				"tail_left1_4": {
					"rotation": [50.98084, 11.43563, 9.77243],
					"position": [0, -1.2, -2.7]
				},
				"tail_left1_5": {
					"rotation": [53.54236, 9.79845, 11.37052],
					"position": [0, -1.6, -2.5]
				},
				"tail_left1_6": {
					"rotation": [32.55422, 3.90313, 3.26087]
				},
				"tail_left1_7": {
					"rotation": [28.41318, -8.17773, -5.77509]
				},
				"tail_left1_8": {
					"rotation": [-37.5, 0, 0]
				},
				"tail_left1_9": {
					"rotation": [12.5, 0, 0]
				},
				"tail_left2_rotation": {
					"rotation": [19.93548, -7.43657, -0.9762]
				},
				"tail_left2_2": {
					"rotation": [6.92474, -2.96876, 19.77281]
				},
				"tail_left2_3": {
					"rotation": [32.49129, 2.3342, 0.97145],
					"position": [0, 0, -0.4]
				},
				"tail_left2_4": {
					"rotation": [58.57441, 2.00827, 30.40694],
					"position": [1, -0.6, -2.7]
				},
				"tail_left2_5": {
					"rotation": [53.78051, 20.77225, 18.98898],
					"position": [0, -0.6, -3.1]
				},
				"tail_left2_6": {
					"rotation": [45, 0, 0]
				},
				"tail_left2_7": {
					"rotation": [-12.39487, 3.58661, 1.19434]
				},
				"tail_left2_8": {
					"rotation": [-22.57734, -4.61854, 1.91757]
				},
				"tail_left2_9": {
					"rotation": [35, 22.5, 0]
				},
				"tail_left3_rotation": {
					"rotation": [12.5, 0, 0]
				},
				"tail_left3_2": {
					"rotation": [15, 0, 0]
				},
				"tail_left3_3": {
					"rotation": [6.53468, 15.75407, 17.52865]
				},
				"tail_left3_4": {
					"rotation": [5.35792, 46.90095, -5.47432],
					"position": [0, 0, -0.4]
				},
				"tail_left3_5": {
					"rotation": [23.49666, 54.12291, 29.80959],
					"position": [0, 0, -2]
				},
				"tail_left3_6": {
					"rotation": [-2.10142, 50.2195, -3.01379]
				},
				"tail_left3_7": {
					"rotation": [-7.5, -27.5, 0]
				},
				"tail_left3_8": {
					"rotation": [-12.5, -5, 0]
				},
				"tail_left3_9": {
					"rotation": [-2.47239, -33.80412, -2.63488]
				},
				"tail_left4_rotation": {
					"rotation": [-20.14081, -47.46205, -1.96077]
				},
				"tail_left4_2": {
					"rotation": [17.5, 0, 0]
				},
				"tail_left4_3": {
					"rotation": [-5.26602, 22.21592, 11.73338]
				},
				"tail_left4_4": {
					"rotation": [47.95098, 66.55151, 38.23838],
					"position": [-0.3, 0, -1.9]
				},
				"tail_left4_5": {
					"rotation": [-12.5, 40, 0],
					"position": [0, 0, -1.5]
				},
				"tail_left4_6": {
					"rotation": [7.37408, 15.03749, -0.44938]
				},
				"tail_left4_7": {
					"rotation": [-5.14264, -14.46833, -10.08359]
				},
				"tail_left4_8": {
					"rotation": [-2.5, -32.5, 0]
				},
				"tail_left4_9": {
					"rotation": [-10, 0, 0]
				},
				"tail_right1": {
					"rotation": [0, 0, 0]
				},
				"tail_right1_rotation": {
					"rotation": [34.8506, -28.60618, -26.73428]
				},
				"tail_right1_2": {
					"rotation": [0, 0, 0]
				},
				"tail_right1_3": {
					"rotation": [60, 0, 0]
				},
				"tail_right1_4": {
					"rotation": [45, 0, 0],
					"position": [0, -1, -2.4]
				},
				"tail_right1_5": {
					"rotation": [50.62598, -10.51794, -6.79286],
					"position": [0, 0, -1.8]
				},
				"tail_right1_6": {
					"rotation": [47.5, 0, 0]
				},
				"tail_right1_7": {
					"rotation": [-12.5, 0, 0]
				},
				"tail_right1_8": {
					"rotation": [-10, 0, 0]
				},
				"tail_right2_rotation": {
					"rotation": [17.92584, -13.07189, -39.61756]
				},
				"tail_right2_2": {
					"rotation": [12.5, 0, 0]
				},
				"tail_right2_3": {
					"rotation": [32.88126, -8.64917, -5.03837],
					"position": [0, 0, -1]
				},
				"tail_right2_4": {
					"rotation": [46.09843, 16.42703, -6.77718],
					"position": [-1, 0, -2.7]
				},
				"tail_right2_5": {
					"rotation": [60.05342, -5.82321, -5.63797],
					"position": [0, -0.6, -3.1]
				},
				"tail_right2_6": {
					"rotation": [45, 0, 0]
				},
				"tail_right2_7": {
					"rotation": [2.50954, 4.99523, 0.21865]
				},
				"tail_right2_8": {
					"rotation": [0, 0, 0]
				},
				"tail_right3_rotation": {
					"rotation": [44.68463, 10.61875, -66.74841]
				},
				"tail_right3_2": {
					"rotation": [31.43717, -7.35559, -6.79333]
				},
				"tail_right3_3": {
					"rotation": [36, 0, 0]
				},
				"tail_right3_4": {
					"rotation": [49.72245, -8.27121, -11.21281],
					"position": [0, -1.7, -3.3]
				},
				"tail_right3_5": {
					"rotation": [30.02378, -2.16959, -1.25331],
					"position": [0, 0, -1.4]
				},
				"tail_right3_6": {
					"rotation": [19.07397, -18.98257, -6.41726]
				},
				"tail_right3_7": {
					"rotation": [31.57734, -4.61854, -1.91757]
				},
				"tail_right3_8": {
					"rotation": [-5.24133, -17.43127, 1.5741]
				},
				"tail_right3_9": {
					"rotation": [10.5, 0, 0]
				},
				"tail_right4_rotation": {
					"rotation": [-28.1487, -11.53813, -20.7678]
				},
				"tail_right4_2": {
					"rotation": [35.42445, -7.9185, -6.12673]
				},
				"tail_right4_3": {
					"rotation": [32.39346, -1.75414, -53.44546],
					"position": [0, -0.1, 0.1]
				},
				"tail_right4_4": {
					"rotation": [42.77256, -9.03205, -20.66958],
					"position": [0, -1, -2.3]
				},
				"tail_right4_5": {
					"rotation": [43.41318, -8.17773, -5.77509],
					"position": [0, -0.5, -2.9]
				},
				"tail_right4_6": {
					"rotation": [29.55039, 22.94677, 1.78814]
				},
				"tail_right4_7": {
					"rotation": [0, -12.5, 0]
				},
				"tail_right4_8": {
					"rotation": [-12, -17.5, 0]
				},
				"tail_right4_9": {
					"rotation": [-15, 0, 0]
				},
				"leg_front_left": {
					"rotation": [-50.31647, -12.16111, -8.77931],
					"position": [-0.9, 0.75, 0.3]
				},
				"leg_front_left2": {
					"rotation": ["-47.3974-math.cos(q.anim_time*90*1-30)*1", 2.86544, 54.09918]
				},
				"leg_front_left3": {
					"rotation": [18.5, 0, 0]
				},
				"foot_front_left": {
					"rotation": ["127.5-math.cos(q.anim_time*90*1-30)*-2", 0, 0]
				},
				"leg_back_left": {
					"rotation": [-77.5, 0, 0],
					"position": [0, -0.2, 0]
				},
				"leg_back_left2": {
					"rotation": [64.48574, 0.19365, -0.13579],
					"position": [0, 1.7, 0.7]
				},
				"leg_back_left3": {
					"rotation": [-59.32759, -5, 3],
					"position": [0, 0, -2.9]
				},
				"foot_back_left": {
					"rotation": [72.5, 0, 0],
					"position": [0, 0, 0]
				},
				"leg_front_right": {
					"rotation": [-49.95521, 3.05313, -3.99592],
					"position": [-2.2, 0.55, 0]
				},
				"leg_front_right2": {
					"rotation": ["-18.6663-math.cos(q.anim_time*90*1-30)*1", -16.73848, -49.87413]
				},
				"foot_front_right": {
					"rotation": ["93.5-math.cos(q.anim_time*90*1-30)*-2", 0, 0]
				},
				"leg_back_right": {
					"rotation": [-77.5, 25, 0],
					"position": [-0.6, -0.2, 0]
				},
				"leg_back_right2": {
					"rotation": [64.48574, -0.19365, 0.13579],
					"position": [0, 1.7, 0.7]
				},
				"leg_back_right3": {
					"rotation": [-59.32759, 9.1277, -4.10215],
					"position": [0, 0, -2.9]
				},
				"foot_back_right": {
					"rotation": [72.52136, -0.32621, -7.49294],
					"position": [0.1, 0, 0]
				},
				"tail_right1_9": {
					"rotation": [12.5, 0, 0]
				}
			}
		},
		"animation.ninetales_alolan.speedteest": {
			"loop": true,
			"bones": {
				"ninetales_alolan": {
					"position": [0, 0, "0+q.anim_time*90*-0.1575"]
				}
			}
		}
	}
}