{
	"format_version": "1.8.0",
	"animations": {
		"animation.sceptile.ground_idle": {
			"loop": true,
			"bones": {
				"torso": {
					"rotation": ["10+math.cos(q.anim_time*90*2-0)*-0.5", 0, 0]
				},
				"torso2": {
					"rotation": ["-7.5+math.cos(q.anim_time*90*2-30)*-0.85", 0, 0]
				},
				"neck": {
					"rotation": ["-7.5+math.cos(q.anim_time*90*2-60)*-1.2", 0, 0]
				},
				"head": {
					"rotation": ["5+math.cos(q.anim_time*90*2-120)*3", 0, 0]
				},
				"arm_right": {
					"rotation": [0, 5, 0]
				},
				"arm_right2": {
					"rotation": [0, "-50+math.cos(q.anim_time*90*2-120)*-2.5", 0]
				},
				"hand_right": {
					"rotation": [0, 0, -27.5]
				},
				"finger_front_right": {
					"rotation": [0, 0, -20]
				},
				"finger_middle_right": {
					"rotation": [0, 0, -15]
				},
				"finger_back_right": {
					"rotation": [0, 0, -25]
				},
				"finger_back_right2": {
					"rotation": [0, 0, -47.5]
				},
				"finger_front_right2": {
					"rotation": [0, 0, -50]
				},
				"finger_middle_right2": {
					"rotation": [0, 0, -40]
				},
				"leg_right": {
					"rotation": ["0+math.cos(q.anim_time*90*2-0)*-2", 15, "0+math.cos(q.anim_time*90*2-0)*-0.45"]
				},
				"tail": {
					"rotation": ["-18+math.cos(q.anim_time*90*2-45)*-1", "0+math.cos(q.anim_time*90*1-45)*-1.25", 0]
				},
				"tail2": {
					"rotation": ["-1+math.cos(q.anim_time*90*2-90)*-2", "0+math.cos(q.anim_time*90*1-90)*-2.75", 0]
				},
				"tail3": {
					"rotation": ["5+math.cos(q.anim_time*90*2-135)*-3", "0+math.cos(q.anim_time*90*1-135)*-5", 0]
				},
				"tail4": {
					"rotation": ["7.5+math.cos(q.anim_time*90*2-180)*-3.5", "0+math.cos(q.anim_time*90*1-180)*-6", 0]
				},
				"tail5": {
					"rotation": ["7.5+math.cos(q.anim_time*90*2-215)*-4", "0+math.cos(q.anim_time*90*1-215)*-5", 0]
				},
				"shoulder_right": {
					"rotation": [0, "0+math.cos(q.anim_time*90*2-60)*-2", -45]
				},
				"leg_left": {
					"rotation": ["0+math.cos(q.anim_time*90*2-0)*-2", -15, "0+math.cos(q.anim_time*90*2-0)*0.45"]
				},
				"shoulder_left": {
					"rotation": [0, "0+math.cos(q.anim_time*90*2-60)*2", 45]
				},
				"arm_left": {
					"rotation": [0, -5, 0]
				},
				"arm_left2": {
					"rotation": [0, "50+math.cos(q.anim_time*90*2-120)*2.5", 0]
				},
				"hand_left": {
					"rotation": [0, 0, 27.5]
				},
				"finger_front_left": {
					"rotation": [0, 0, 20]
				},
				"finger_front_left2": {
					"rotation": [0, 0, 50]
				},
				"finger_middle_left": {
					"rotation": [0, 0, 15]
				},
				"finger_middle_left2": {
					"rotation": [0, 0, 40]
				},
				"finger_back_left": {
					"rotation": [0, 0, 25]
				},
				"finger_back_left2": {
					"rotation": [0, 0, 47.5]
				},
				"arm_leaf_front_blade_right": {
					"scale": [1, 0, 1]
				},
				"arm_leaf_back_blade_right": {
					"scale": [1, 0, 1]
				},
				"arm_leaf_front_blade_left": {
					"scale": [1, 0, 1]
				},
				"arm_leaf_back_blade_left": {
					"scale": [1, 0, 1]
				},
				"tail_leaves_top_left": {
					"rotation": [2.5, 0, 0]
				},
				"tail_leaves_bottom_left": {
					"rotation": [0, -2.5, 0]
				},
				"tail_leaves_top_left3": {
					"rotation": [-5, 0, 0]
				},
				"tail_leaves_bottom_left3": {
					"rotation": [0, 5, 0]
				},
				"tail_leaves_top_right": {
					"rotation": [2.5, 0, 0]
				},
				"tail_leaves_bottom_right": {
					"rotation": [0, 2.5, 0]
				},
				"tail_leaves_top_right3": {
					"rotation": [-5, 0, 0]
				},
				"tail_leaves_bottom_right3": {
					"rotation": [0, -5, 0]
				},
				"stick": {
					"rotation": [16, 40, 0]
				},
				"body": {
					"position": [0, "0+math.cos(q.anim_time*90*2-0)*0.125", "0+math.cos(q.anim_time*90*2-0)*0.25"]
				},
				"leg_right2": {
					"rotation": [0, 0, "0+math.cos(q.anim_time*90*2-0)*0.2"]
				},
				"leg_right3": {
					"rotation": ["0+math.cos(q.anim_time*90*2-0)*2", 0, 0]
				},
				"leg_left2": {
					"rotation": [0, 0, "0+math.cos(q.anim_time*90*2-0)*-0.2"]
				},
				"leg_left3": {
					"rotation": ["0+math.cos(q.anim_time*90*2-0)*2", 0, 0]
				}
			}
		},
		"animation.sceptile.battle_idle": {
			"loop": true,
			"bones": {
				"torso": {
					"rotation": ["32.40109+math.cos(q.anim_time*90*4-0)*0.65", "2.68407+math.cos(q.anim_time*90*2-0)*1", 0]
				},
				"torso2": {
					"rotation": ["4.98107+math.cos(q.anim_time*90*4-60)*1.5", -0.43523, 0]
				},
				"neck": {
					"rotation": [7, -0.86717, 0]
				},
				"head": {
					"rotation": [-42.47272, 0, 0],
					"position": [0, 0, -0.2]
				},
				"jaw": {
					"rotation": [0, 0, 0]
				},
				"arm_right": {
					"rotation": [-7.5, 2.5, 0]
				},
				"arm_right2": {
					"rotation": [0, "-72.5+math.cos(q.anim_time*90*4-120)*-4", 0]
				},
				"hand_right": {
					"rotation": [0, 0, "-30+math.cos(q.anim_time*90*4-30)*5"]
				},
				"finger_front_right": {
					"rotation": [0, 0, "-20+math.cos(q.anim_time*90*4-90)*4"]
				},
				"finger_middle_right": {
					"rotation": [0, 0, "-20+math.cos(q.anim_time*90*4-90)*4"]
				},
				"finger_back_right": {
					"rotation": [0, 0, "-20+math.cos(q.anim_time*90*4-90)*4"]
				},
				"finger_back_right2": {
					"rotation": [0, 0, -30]
				},
				"finger_front_right2": {
					"rotation": [0, 0, -30]
				},
				"finger_middle_right2": {
					"rotation": [0, 0, -30]
				},
				"leg_right": {
					"rotation": ["22.5+math.cos(q.anim_time*90*4-0)*-1", 15, 0],
					"position": [0, 0.5, 0.5]
				},
				"tail": {
					"rotation": ["-40+math.cos(q.anim_time*90*4-60)*1", "0+math.cos(q.anim_time*90*2-60)*4", 0]
				},
				"tail2": {
					"rotation": ["5+math.cos(q.anim_time*90*4-90)*2", "0+math.cos(q.anim_time*90*2-90)*5", 0]
				},
				"tail3": {
					"rotation": ["5+math.cos(q.anim_time*90*4-120)*3", "0+math.cos(q.anim_time*90*2-120)*5", 0]
				},
				"tail4": {
					"rotation": ["10+math.cos(q.anim_time*90*4-150)*2", "0+math.cos(q.anim_time*90*2-150)*6", 0]
				},
				"tail5": {
					"rotation": ["0+math.cos(q.anim_time*90*4-180)*4", "0+math.cos(q.anim_time*90*2-180)*8", 0]
				},
				"shoulder_right": {
					"rotation": [-10.01754, "2.34914+math.cos(q.anim_time*90*4-60)*3", -25.85553]
				},
				"leg_left": {
					"rotation": ["-18.5+math.cos(q.anim_time*90*4-0)*0.75 ", -15, 0],
					"position": [0, 0, -0.5]
				},
				"shoulder_left": {
					"rotation": [-11.9857, "23.12519+math.cos(q.anim_time*90*4-60)*-3", 20.20473]
				},
				"arm_left": {
					"rotation": [-5, 10, 0]
				},
				"arm_left2": {
					"rotation": [0, "47.5+math.cos(q.anim_time*90*4-120)*4", 0]
				},
				"hand_left": {
					"rotation": [0, 0, "22.5+math.cos(q.anim_time*90*4-30)*-5"]
				},
				"finger_front_left": {
					"rotation": [0, 0, "20+math.cos(q.anim_time*90*4-90)*-4"]
				},
				"finger_front_left2": {
					"rotation": [0, 0, 30]
				},
				"finger_middle_left": {
					"rotation": [0, 0, "20+math.cos(q.anim_time*90*4-90)*-4"]
				},
				"finger_middle_left2": {
					"rotation": [0, 0, 30]
				},
				"finger_back_left": {
					"rotation": [0, 0, "20+math.cos(q.anim_time*90*4-90)*-4"]
				},
				"finger_back_left2": {
					"rotation": [0, 0, 30]
				},
				"leg_right2": {
					"rotation": ["10+math.cos(q.anim_time*90*4-0)*2.5", 0, 0]
				},
				"leg_right3": {
					"rotation": [0, 0, 0]
				},
				"foot_right": {
					"rotation": ["10+math.cos(q.anim_time*90*4-0)*-1.75", 0, 0]
				},
				"toe_middle_right": {
					"rotation": [-42.5, 0, 0],
					"position": [0, -0.5, 0.6]
				},
				"toe_inner_right": {
					"rotation": [-43.11609, 4.07933, 4.44372],
					"position": [0, -0.5, 0.6]
				},
				"toe_outer_right": {
					"rotation": [-43.11609, -4.07933, -4.44372],
					"position": [0, -0.5, 0.6]
				},
				"leg_left2": {
					"rotation": ["-2.5+math.cos(q.anim_time*90*4-0)*-0.75", 0, 0]
				},
				"leg_left3": {
					"rotation": ["6+math.cos(q.anim_time*90*4-0)*-1.75", 0, 0],
					"position": [0, 0, 0]
				},
				"foot_left": {
					"rotation": ["15+math.cos(q.anim_time*90*4-0)*1.5", 0, 0]
				},
				"arm_leaf_front_blade_right": {
					"scale": [1, 0, 1]
				},
				"arm_leaf_back_blade_right": {
					"scale": [1, 0, 1]
				},
				"arm_leaf_front_blade_left": {
					"scale": [1, 0, 1]
				},
				"arm_leaf_back_blade_left": {
					"scale": [1, 0, 1]
				},
				"tail_leaves_top_left": {
					"rotation": [10, 0, 0]
				},
				"tail_leaves_top_left2": {
					"rotation": [2.5, 0, 0]
				},
				"tail_leaves_top_left3": {
					"rotation": [-7.5, 0, 0]
				},
				"body": {
					"position": [0, "0+math.cos(q.anim_time*90*4-0)*-0.1", 0]
				},
				"neck2": {
					"rotation": ["0+math.cos(q.anim_time*90*4-90)*1.5", 0, 0]
				},
				"head_correction": {
					"rotation": [12.5, 0, 0]
				},
				"eye_brow_right": {
					"position": [0, -0.4, 0]
				},
				"eye_brow_right2": {
					"position": [0, 0.4, 0]
				},
				"eye_brow_left": {
					"position": [0, -0.4, 0]
				},
				"eye_brow_left2": {
					"position": [0, 0.4, 0]
				}
			}
		},
		"animation.sceptile.ground_walk": {
			"loop": true,
			"animation_length": 1,
			"bones": {
				"treecko": {
					"position": [0, 0, "0+math.sin(q.anim_time*90*8+210)*0.2"]
				},
				"left_tail3": {
					"rotation": ["0+math.sin(q.anim_time*90*8-85)*2", "0+math.sin(q.anim_time*90*4-30)*4", 0]
				},
				"right_tail3": {
					"rotation": ["0+math.sin(q.anim_time*90*8-95)*2", "0+math.sin(q.anim_time*90*4-30)*4", 0]
				},
				"right_foot2": {
					"rotation": {
						"0.0": {
							"post": [-30, 0, 0],
							"lerp_mode": "catmullrom"
						},
						"0.5": {
							"post": [12.5, 0, 0],
							"lerp_mode": "catmullrom"
						},
						"0.75": {
							"post": [0, 0, 0],
							"lerp_mode": "catmullrom"
						},
						"1.0": {
							"post": [-30, 0, 0],
							"lerp_mode": "catmullrom"
						}
					},
					"position": {
						"0.0": {
							"post": [0, 0, 0],
							"lerp_mode": "catmullrom"
						},
						"0.5": {
							"post": [0, 0, 0.2],
							"lerp_mode": "catmullrom"
						},
						"0.75": {
							"post": [0, 0, 0],
							"lerp_mode": "catmullrom"
						},
						"1.0": {
							"post": [0, 0, 0],
							"lerp_mode": "catmullrom"
						}
					}
				},
				"right_toes": {
					"rotation": {
						"0.0": {
							"post": [-42.5, 0, 0],
							"lerp_mode": "catmullrom"
						},
						"0.5": {
							"post": [15, 0, 0],
							"lerp_mode": "catmullrom"
						},
						"0.75": {
							"post": [0, 0, 0],
							"lerp_mode": "catmullrom"
						},
						"1.0": {
							"post": [-42.5, 0, 0],
							"lerp_mode": "catmullrom"
						}
					},
					"position": {
						"0.0": {
							"post": [0, 0, 0],
							"lerp_mode": "catmullrom"
						},
						"0.5": {
							"post": [0, -0.1, 0],
							"lerp_mode": "catmullrom"
						},
						"0.75": {
							"post": [0, 0, 0],
							"lerp_mode": "catmullrom"
						},
						"1.0": {
							"post": [0, 0, 0],
							"lerp_mode": "catmullrom"
						}
					}
				},
				"left_foot2": {
					"rotation": {
						"0.0": {
							"post": [12.5, 0, 0],
							"lerp_mode": "catmullrom"
						},
						"0.25": {
							"post": [0, 0, 0],
							"lerp_mode": "catmullrom"
						},
						"0.5": {
							"post": [-30, 0, 0],
							"lerp_mode": "catmullrom"
						},
						"1.0": {
							"post": [12.5, 0, 0],
							"lerp_mode": "catmullrom"
						}
					},
					"position": {
						"0.0": {
							"post": [0, 0, 0.2],
							"lerp_mode": "catmullrom"
						},
						"0.25": {
							"post": [0, 0, 0],
							"lerp_mode": "catmullrom"
						},
						"0.5": {
							"post": [0, 0, 0],
							"lerp_mode": "catmullrom"
						},
						"1.0": {
							"post": [0, 0, 0.2],
							"lerp_mode": "catmullrom"
						}
					}
				},
				"left_toes": {
					"rotation": {
						"0.0": {
							"post": [15, 0, 0],
							"lerp_mode": "catmullrom"
						},
						"0.25": {
							"post": [0, 0, 0],
							"lerp_mode": "catmullrom"
						},
						"0.5": {
							"post": [-42.5, 0, 0],
							"lerp_mode": "catmullrom"
						},
						"1.0": {
							"post": [15, 0, 0],
							"lerp_mode": "catmullrom"
						}
					},
					"position": {
						"0.0": {
							"post": [0, -0.1, 0],
							"lerp_mode": "catmullrom"
						},
						"0.25": {
							"post": [0, 0, 0],
							"lerp_mode": "catmullrom"
						},
						"0.5": {
							"post": [0, 0, 0],
							"lerp_mode": "catmullrom"
						},
						"1.0": {
							"post": [0, -0.1, 0],
							"lerp_mode": "catmullrom"
						}
					}
				},
				"left_tail": {
					"rotation": ["10+math.sin(q.anim_time*90*8-25)*2", "0+math.sin(q.anim_time*90*4+30)*8", 0]
				},
				"left_tail2": {
					"rotation": ["15+math.sin(q.anim_time*90*8-55)*2", "0+math.sin(q.anim_time*90*4+0)*6", 0]
				},
				"right_tail": {
					"rotation": ["10+math.sin(q.anim_time*90*8-35)*2", "0+math.sin(q.anim_time*90*4+30)*8", 0]
				},
				"right_tail2": {
					"rotation": ["15+math.sin(q.anim_time*90*8-65)*2", "0+math.sin(q.anim_time*90*4+0)*6", 0]
				},
				"body": {
					"position": {
						"0.0": [0, 0, 0],
						"0.125": {
							"pre": [0, -0.3, 0],
							"post": [0, -0.3, 0],
							"lerp_mode": "catmullrom"
						},
						"0.25": {
							"post": [0, -0.25, 0],
							"lerp_mode": "catmullrom"
						},
						"0.375": {
							"post": [0, 0, 0],
							"lerp_mode": "catmullrom"
						},
						"0.5": [0, 0, 0],
						"0.625": {
							"pre": [0, -0.3, 0],
							"post": [0, -0.3, 0],
							"lerp_mode": "catmullrom"
						},
						"0.75": {
							"post": [0, -0.25, 0],
							"lerp_mode": "catmullrom"
						},
						"0.875": {
							"post": [0, 0, 0],
							"lerp_mode": "catmullrom"
						},
						"1.0": [0, 0, 0]
					}
				},
				"torso": {
					"rotation": ["25+math.sin(q.anim_time*90*8+30)*0.75", "math.sin(q.anim_time*90*4+90)*1.5", "math.sin(q.anim_time*90*4+270)*0.75"],
					"position": [0, "0+math.sin(q.anim_time*90*8+130)*0.95", 0]
				},
				"upper_torso": {
					"rotation": ["-7.5+math.sin(q.anim_time*90*8+0)*1", "math.sin(q.anim_time*90*4+60+180)*5", "math.sin(q.anim_time*90*4+60)*3"]
				},
				"neck": {
					"rotation": ["-5+math.sin(q.anim_time*90*8-60)*1.5", "math.sin(q.anim_time*90*4+30+180)*1.65", "math.sin(q.anim_time*90*4+30)*1.25"]
				},
				"head": {
					"rotation": ["-5+math.sin(q.anim_time*90*8-90)*2", "math.sin(q.anim_time*90*4+0)*3", "math.sin(q.anim_time*90*4+0+180)*1.75"]
				},
				"right_pupil": {
					"position": [0, 0, 0]
				},
				"right_shoulder": {
					"rotation": [5.0475, "5.3973+math.sin(q.anim_time*90*4-90)*25", "-32.9965+math.sin(q.anim_time*90*4+0)*2.5"]
				},
				"right_lower_arm": {
					"rotation": [0, "-42.5+math.sin(q.anim_time*90*4-120)*20", 0]
				},
				"right_hand": {
					"rotation": [0, "0+math.sin(q.anim_time*90*4-150)*2.5", "-22.5+math.sin(q.anim_time*90*4-150)*5"],
					"position": [0.15, 0.05, 0]
				},
				"right_index_finger": {
					"rotation": [6.94363, -7.64256, -14.02881]
				},
				"right_index_finger2": {
					"rotation": [0, 0, -22.5]
				},
				"right_middle_finger": {
					"rotation": [0, 0, -12.5]
				},
				"right_middle_finger2": {
					"rotation": [0, 0, -20]
				},
				"right_pinky_finger": {
					"rotation": [-4.01743, 1.75217, -14.46202]
				},
				"right_pinky_finger2": {
					"rotation": [0, 0, -30]
				},
				"left_shoulder": {
					"rotation": [17.38359, "-4.4005+math.sin(q.anim_time*90*4-90)*25", "34.5323+math.sin(q.anim_time*90*4+0)*2.5"]
				},
				"left_lower_arm": {
					"rotation": [0, "42.5+math.sin(q.anim_time*90*4-120)*20", 0]
				},
				"left_hand": {
					"rotation": [0, "0+math.sin(q.anim_time*90*4-150)*2.5", "22.5+math.sin(q.anim_time*90*4-150)*5"],
					"position": [-0.15, 0.05, 0]
				},
				"left_index_finger": {
					"rotation": [6.94363, 7.64256, 14.02881]
				},
				"left_index_finger2": {
					"rotation": [0, 0, 22.5]
				},
				"left_middle_finger": {
					"rotation": [0, 0, 12.5]
				},
				"left_middle_finger2": {
					"rotation": [0, 0, 20]
				},
				"left_pinky_finger": {
					"rotation": [-4.01743, -1.75217, 14.46202]
				},
				"left_pinky_finger2": {
					"rotation": [0, 0, 30]
				},
				"tail": {
					"rotation": ["-35+math.sin(q.anim_time*90*8+0)*2", "0+math.sin(q.anim_time*90*4+45)*7", 0]
				},
				"tail2": {
					"rotation": [5, "0+math.sin(q.anim_time*90*4-0)*8", 0]
				},
				"tail3": {
					"rotation": ["10+math.sin(q.anim_time*90*8-90)*3", "0+math.sin(q.anim_time*90*4-45)*12", 0]
				},
				"tail4": {
					"rotation": [0, "0+math.sin(q.anim_time*90*4-90)*16", 0]
				},
				"right_upper_leg": {
					"rotation": {
						"0.0": {
							"post": [36.50677, 8.43184, 4.42536],
							"lerp_mode": "catmullrom"
						},
						"0.1667": {
							"post": [24.86042, 8.76111, 3.97209],
							"lerp_mode": "catmullrom"
						},
						"0.5": {
							"post": [-51.31845, 9.91358, 2.38565],
							"lerp_mode": "catmullrom"
						},
						"0.75": {
							"post": [1.18155, 9.91358, 2.38565],
							"lerp_mode": "catmullrom"
						},
						"1.0": {
							"post": [36.50677, 8.43184, 4.42536],
							"lerp_mode": "catmullrom"
						}
					},
					"position": {
						"0.0": {
							"post": [0, 0.5, 1],
							"lerp_mode": "catmullrom"
						},
						"0.25": {
							"post": [0, 0.75, 0.13],
							"lerp_mode": "catmullrom"
						},
						"0.5": {
							"post": [0, 0, -0.75],
							"lerp_mode": "catmullrom"
						},
						"0.75": {
							"post": [0, 0, 0],
							"lerp_mode": "catmullrom"
						},
						"0.875": {
							"post": [0, 0.75, 0.5],
							"lerp_mode": "catmullrom"
						},
						"1.0": {
							"post": [0, 0.5, 1],
							"lerp_mode": "catmullrom"
						}
					}
				},
				"right_lower_leg": {
					"rotation": {
						"0.0": {
							"post": [-10, 0, 0],
							"lerp_mode": "catmullrom"
						},
						"0.1667": {
							"post": [25, 0, 0],
							"lerp_mode": "catmullrom"
						},
						"0.3333": {
							"post": [72.5, 0, 0],
							"lerp_mode": "catmullrom"
						},
						"0.5": {
							"post": [20, 0, 0],
							"lerp_mode": "catmullrom"
						},
						"0.75": {
							"post": [0, 0, 0],
							"lerp_mode": "catmullrom"
						},
						"1.0": {
							"post": [-10, 0, 0],
							"lerp_mode": "catmullrom"
						}
					}
				},
				"right_ankle": {
					"rotation": {
						"0.0": [12.5, 0, 0],
						"0.5": [10.5, 0, 0],
						"0.75": [2.5, 0, 0],
						"1.0": [12.5, 0, 0]
					}
				},
				"right_foot": {
					"rotation": {
						"0.0": {
							"post": [2.87394, 0.4385, -6.40588],
							"lerp_mode": "catmullrom"
						},
						"0.1667": {
							"post": [39.4438, -2.71435, 5.36826],
							"lerp_mode": "catmullrom"
						},
						"0.3333": {
							"post": [64.51365, -4.9902, 4.33064],
							"lerp_mode": "catmullrom"
						},
						"0.5": {
							"post": [7.9165, -7.266, 3.293],
							"lerp_mode": "catmullrom"
						},
						"0.75": {
							"post": [-0.4165, 7.26605, -3.29302],
							"lerp_mode": "catmullrom"
						},
						"1.0": {
							"post": [2.87394, 0.4385, -6.40588],
							"lerp_mode": "catmullrom"
						}
					},
					"position": {
						"0.0": [0, 0, 0],
						"0.1667": [0, 0, 2],
						"0.3333": [0, 0.4, 2.1],
						"0.4167": [0, -0.4, 2.55],
						"0.5": [0, 0, 0],
						"1.0": [0, 0, 0]
					}
				},
				"right_middle_toe": {
					"rotation": {
						"0.0": [-40, 0, 0],
						"0.125": [-72.5, 0, 0],
						"0.25": [7.5, 0, 0],
						"0.375": [7.5, 0, 0],
						"0.5": [-1.94, 0, 0],
						"0.6667": [-2.13, 0, 0],
						"0.8333": [-13.57, 0, 0],
						"1.0": [-40, 0, 0]
					},
					"position": {
						"0.0": [0, -0.5, 0.5],
						"0.125": [0, -1.5, 0.5],
						"0.25": [0, 0, 0.5],
						"0.375": [0, 0, 0.5],
						"0.5": [0, 0, -0.1],
						"0.8333": [0, -0.2, 0],
						"1.0": [0, -0.5, 0.5]
					}
				},
				"right_inner_toe": {
					"rotation": {
						"0.0": [-40, 0, 0],
						"0.125": [-72.5, 0, 0],
						"0.25": [7.5, 0, 0],
						"0.375": [7.5, 0, 0],
						"0.5": [-1.94, 0, 0],
						"0.6667": [-2.13, 0, 0],
						"0.8333": [-13.57, 0, 0],
						"1.0": [-40, 0, 0]
					},
					"position": {
						"0.0": [0, -0.5, 0.5],
						"0.125": [0, -1.5, 0.5],
						"0.25": [0, 0, 0.5],
						"0.375": [0, 0, 0.5],
						"0.5": [0, 0, -0.1],
						"0.8333": [0, -0.2, 0],
						"1.0": [0, -0.5, 0.5]
					}
				},
				"right_outer_toe": {
					"rotation": {
						"0.0": [-40, 0, 0],
						"0.125": [-72.5, 0, 0],
						"0.25": [7.5, 0, 0],
						"0.375": [7.5, 0, 0],
						"0.5": [-1.94, 0, 0],
						"0.6667": [-2.13, 0, 0],
						"0.8333": [-13.57, 0, 0],
						"1.0": [-40, 0, 0]
					},
					"position": {
						"0.0": [0, -0.5, 0.5],
						"0.125": [0, -1.5, 0.5],
						"0.25": [0, 0, 0.5],
						"0.375": [0, 0, 0.5],
						"0.5": [0, 0, -0.1],
						"0.8333": [0, -0.2, 0],
						"1.0": [0, -0.5, 0.5]
					}
				},
				"left_upper_leg": {
					"rotation": {
						"0.0": {
							"post": [-51.31845, -9.91358, -2.38565],
							"lerp_mode": "catmullrom"
						},
						"0.25": {
							"post": [1.18155, -9.91358, -2.38565],
							"lerp_mode": "catmullrom"
						},
						"0.5": {
							"post": [36.50677, -8.43184, -4.42536],
							"lerp_mode": "catmullrom"
						},
						"0.6667": {
							"post": [24.86042, -8.76111, -3.97209],
							"lerp_mode": "catmullrom"
						},
						"1.0": {
							"post": [-51.31845, -9.91358, -2.38565],
							"lerp_mode": "catmullrom"
						}
					},
					"position": {
						"0.0": {
							"post": [0, 0, -0.75],
							"lerp_mode": "catmullrom"
						},
						"0.25": {
							"post": [0, 0, 0],
							"lerp_mode": "catmullrom"
						},
						"0.375": {
							"post": [0, 0.75, 0.5],
							"lerp_mode": "catmullrom"
						},
						"0.5": {
							"post": [0, 0.5, 1],
							"lerp_mode": "catmullrom"
						},
						"0.75": {
							"post": [0, 0.75, 0.13],
							"lerp_mode": "catmullrom"
						},
						"1.0": {
							"post": [0, 0, -0.75],
							"lerp_mode": "catmullrom"
						}
					}
				},
				"left_lower_leg": {
					"rotation": {
						"0.0": {
							"post": [20, 0, 0],
							"lerp_mode": "catmullrom"
						},
						"0.25": {
							"post": [0, 0, 0],
							"lerp_mode": "catmullrom"
						},
						"0.5": {
							"post": [-10, 0, 0],
							"lerp_mode": "catmullrom"
						},
						"0.6667": {
							"post": [55, 0, 0],
							"lerp_mode": "catmullrom"
						},
						"0.8333": {
							"post": [72.5, 0, 0],
							"lerp_mode": "catmullrom"
						},
						"1.0": {
							"post": [20, 0, 0],
							"lerp_mode": "catmullrom"
						}
					}
				},
				"left_ankle": {
					"rotation": {
						"0.0": [10, 0, 0],
						"0.25": [2.5, 0, 0],
						"0.5": [12.5, 0, 0],
						"1.0": [10, 0, 0]
					}
				},
				"left_foot": {
					"rotation": {
						"0.0": {
							"post": [7.9165, -7.266, 3.293],
							"lerp_mode": "catmullrom"
						},
						"0.25": {
							"post": [-5.4165, -7.26605, 3.29302],
							"lerp_mode": "catmullrom"
						},
						"0.5": {
							"post": [2.00846, 3.34741, -2.3365],
							"lerp_mode": "catmullrom"
						},
						"0.6667": {
							"post": [39.4438, -2.71435, 5.36826],
							"lerp_mode": "catmullrom"
						},
						"0.8333": {
							"post": [64.51365, -4.9902, 4.33064],
							"lerp_mode": "catmullrom"
						},
						"1.0": {
							"post": [7.9165, -7.266, 3.293],
							"lerp_mode": "catmullrom"
						}
					},
					"position": {
						"0.0": [0, 0, 0],
						"0.5": [0, 0, 0],
						"0.6667": [0, 0, 1],
						"0.8333": [0, 0.4, 1.9],
						"0.9167": [0, -0.5, 2.8],
						"1.0": [0, 0, 0]
					}
				},
				"left_middle_toe": {
					"rotation": {
						"0.0": [0, 0, 0],
						"0.25": [0, 0, 0],
						"0.5": [-40, 0, 0],
						"0.625": [-57.5, 0, 0],
						"0.7917": [-1.94, 0, 0],
						"1.0": [0, 0, 0]
					},
					"position": {
						"0.0": [0, 0, 0],
						"0.25": [0, 0, 0],
						"0.5": [0, -0.5, 0.5],
						"0.625": [0, -1.37, 0.38],
						"0.7917": [0, 0, -0.1],
						"1.0": [0, 0, 0]
					}
				},
				"left_inner_toe": {
					"rotation": {
						"0.0": [0, 0, 0],
						"0.25": [0, 0, 0],
						"0.5": [-40, 0, 0],
						"0.625": [-57.5, 0, 0],
						"0.7917": [-1.94, 0, 0],
						"1.0": [0, 0, 0]
					},
					"position": {
						"0.0": [0, 0, 0],
						"0.25": [0, 0, 0],
						"0.5": [0, -0.5, 0.5],
						"0.625": [0, -1.37, 0.38],
						"0.7917": [0, 0, -0.1],
						"1.0": [0, 0, 0]
					}
				},
				"left_outer_toe": {
					"rotation": {
						"0.0": [0, 0, 0],
						"0.25": [0, 0, 0],
						"0.5": [-40, 0, 0],
						"0.625": [-57.5, 0, 0],
						"0.7917": [-1.94, 0, 0],
						"1.0": [0, 0, 0]
					},
					"position": {
						"0.0": [0, 0, 0],
						"0.25": [0, 0, 0],
						"0.5": [0, -0.5, 0.5],
						"0.625": [0, -1.37, 0.38],
						"0.7917": [0, 0, -0.1],
						"1.0": [0, 0, 0]
					}
				},
				"shoulder_right": {
					"rotation": [0, "0+math.sin(q.anim_time*90*4-90)*25", "-45+math.sin(q.anim_time*90*4-30)*2.5"]
				},
				"arm_right2": {
					"rotation": [0, "-50+math.sin(q.anim_time*90*4-150)*16", 0]
				},
				"hand_right": {
					"rotation": [0, "0+math.sin(q.anim_time*90*4-210)*6", -27.5]
				},
				"finger_front_right": {
					"rotation": [0, 0, -20]
				},
				"finger_front_right2": {
					"rotation": [0, 0, -50]
				},
				"finger_middle_right": {
					"rotation": [0, 0, -15]
				},
				"finger_middle_right2": {
					"rotation": [0, 0, -40]
				},
				"finger_back_right": {
					"rotation": [0, 0, -25]
				},
				"finger_back_right2": {
					"rotation": [0, 0, -47.5]
				},
				"shoulder_left": {
					"rotation": [0, "0+math.sin(q.anim_time*90*4-90)*25", "45+math.sin(q.anim_time*90*4-30)*2.5"]
				},
				"arm_left2": {
					"rotation": [0, "50+math.sin(q.anim_time*90*4-150)*16", 0]
				},
				"hand_left": {
					"rotation": [0, "0+math.sin(q.anim_time*90*4-210)*6", 27.5]
				},
				"finger_front_left": {
					"rotation": [0, 0, 20]
				},
				"finger_front_left2": {
					"rotation": [0, 0, 50]
				},
				"finger_middle_left": {
					"rotation": [0, 0, 15]
				},
				"finger_middle_left2": {
					"rotation": [0, 0, 40]
				},
				"finger_back_left": {
					"rotation": [0, 0, 25]
				},
				"finger_back_left2": {
					"rotation": [0, 0, 47.5]
				},
				"tail5": {
					"rotation": [0, "0+math.sin(q.anim_time*90*4-135)*18", 0],
					"position": [0, 0, "-0.45+math.sin(q.anim_time*90*4-135)*-0.2"]
				},
				"leg_right": {
					"rotation": {
						"0.0": {
							"post": [36.50677, 8.43184, 4.42536],
							"lerp_mode": "catmullrom"
						},
						"0.1667": {
							"post": [24.86042, 8.76111, 3.97209],
							"lerp_mode": "catmullrom"
						},
						"0.5": {
							"post": [-45, 15, 0],
							"lerp_mode": "catmullrom"
						},
						"0.75": {
							"post": [1.18155, 9.91358, 2.38565],
							"lerp_mode": "catmullrom"
						},
						"1.0": {
							"post": [36.50677, 8.43184, 4.42536],
							"lerp_mode": "catmullrom"
						}
					},
					"position": {
						"0.0": {
							"post": [0, 0.5, 1],
							"lerp_mode": "catmullrom"
						},
						"0.25": {
							"post": [0, 1.75, 0.13],
							"lerp_mode": "catmullrom"
						},
						"0.5": {
							"post": [0, 0, -1.25],
							"lerp_mode": "catmullrom"
						},
						"0.75": {
							"post": [0, 0, 0],
							"lerp_mode": "catmullrom"
						},
						"0.875": {
							"post": [0, 0.75, 0.5],
							"lerp_mode": "catmullrom"
						},
						"1.0": {
							"post": [0, 0.5, 1],
							"lerp_mode": "catmullrom"
						}
					}
				},
				"leg_right2": {
					"rotation": {
						"0.0": {
							"post": [0, 0, 0],
							"lerp_mode": "catmullrom"
						},
						"0.1667": {
							"post": [25, 0, 0],
							"lerp_mode": "catmullrom"
						},
						"0.3333": {
							"post": [45, 0, 0],
							"lerp_mode": "catmullrom"
						},
						"0.5": {
							"post": [10, 0, 0],
							"lerp_mode": "catmullrom"
						},
						"0.75": {
							"post": [-5, 0, 0],
							"lerp_mode": "catmullrom"
						},
						"1.0": {
							"post": [0, 0, 0],
							"lerp_mode": "catmullrom"
						}
					}
				},
				"leg_right3": {
					"rotation": {
						"0.0": {
							"post": [12, 0.5, 0],
							"lerp_mode": "catmullrom"
						},
						"0.1667": {
							"post": [11.9438, 2.71435, 0],
							"lerp_mode": "catmullrom"
						},
						"0.3333": {
							"post": [-33.0562, 2.71435, 0],
							"lerp_mode": "catmullrom"
						},
						"0.5": {
							"post": [12.5, 0, 0],
							"lerp_mode": "catmullrom"
						},
						"0.75": {
							"post": [-0.4165, 7.5, 0],
							"lerp_mode": "catmullrom"
						},
						"1.0": {
							"post": [12, 0.5, 0],
							"lerp_mode": "catmullrom"
						}
					},
					"position": {
						"0.0": {
							"post": [0, 0, 0],
							"lerp_mode": "catmullrom"
						},
						"0.1667": {
							"post": [0, 0, 0],
							"lerp_mode": "catmullrom"
						},
						"0.3333": {
							"post": [0, 0, 0],
							"lerp_mode": "catmullrom"
						},
						"0.5": {
							"post": [0, 0, 0],
							"lerp_mode": "catmullrom"
						},
						"0.75": {
							"post": [0, 0, 0],
							"lerp_mode": "catmullrom"
						},
						"1.0": {
							"post": [0, 0, 0],
							"lerp_mode": "catmullrom"
						}
					}
				},
				"foot_right": {
					"rotation": {
						"0.0": {
							"post": [10, -3, -3],
							"lerp_mode": "catmullrom"
						},
						"0.1667": {
							"post": [83.5, 0, 0],
							"lerp_mode": "catmullrom"
						},
						"0.3333": {
							"post": [83.5, 0, 0],
							"lerp_mode": "catmullrom"
						},
						"0.5": {
							"post": [0, 0, 0],
							"lerp_mode": "catmullrom"
						},
						"0.75": {
							"post": [3.38, -5, -5],
							"lerp_mode": "catmullrom"
						},
						"1.0": {
							"post": [10, -3, -3],
							"lerp_mode": "catmullrom"
						}
					},
					"position": {
						"0.0": {
							"post": [0, 0, 0],
							"lerp_mode": "catmullrom"
						},
						"0.1667": {
							"post": [0, 0.4, 1.2],
							"lerp_mode": "catmullrom"
						},
						"0.3333": {
							"post": [0, 0.4, 1.3],
							"lerp_mode": "catmullrom"
						},
						"0.5": {
							"post": [0, 0, 0],
							"lerp_mode": "catmullrom"
						},
						"0.75": {
							"post": [0, 0, 0],
							"lerp_mode": "catmullrom"
						},
						"1.0": {
							"post": [0, 0, 0],
							"lerp_mode": "catmullrom"
						}
					}
				},
				"toe_outer_right": {
					"rotation": {
						"0.0": {
							"post": [-57.5, 0, 0],
							"lerp_mode": "catmullrom"
						},
						"0.1667": {
							"post": [40, 0, 0],
							"lerp_mode": "catmullrom"
						},
						"0.5": {
							"post": [0, 0, 0],
							"lerp_mode": "catmullrom"
						},
						"0.75": {
							"post": [0, 0, 0],
							"lerp_mode": "catmullrom"
						},
						"0.875": {
							"post": [-20, 0, 0],
							"lerp_mode": "catmullrom"
						},
						"1.0": {
							"post": [-57.5, 0, 0],
							"lerp_mode": "catmullrom"
						}
					},
					"position": {
						"0.0": {
							"post": [0, -0.8, 0.8],
							"lerp_mode": "catmullrom"
						},
						"0.1667": {
							"post": [0, 0.1, -0.5],
							"lerp_mode": "catmullrom"
						},
						"0.5": {
							"post": [0, 0, 0],
							"lerp_mode": "catmullrom"
						},
						"0.75": {
							"post": [0, 0, 0],
							"lerp_mode": "catmullrom"
						},
						"0.875": {
							"post": [0, 0, 0],
							"lerp_mode": "catmullrom"
						},
						"1.0": {
							"post": [0, -0.8, 0.8],
							"lerp_mode": "catmullrom"
						}
					}
				},
				"toe_middle_right": {
					"rotation": {
						"0.0": {
							"post": [-57.5, 0, 0],
							"lerp_mode": "catmullrom"
						},
						"0.1667": {
							"post": [40, 0, 0],
							"lerp_mode": "catmullrom"
						},
						"0.5": {
							"post": [0, 0, 0],
							"lerp_mode": "catmullrom"
						},
						"0.75": {
							"post": [0, 0, 0],
							"lerp_mode": "catmullrom"
						},
						"0.875": {
							"post": [-20, 0, 0],
							"lerp_mode": "catmullrom"
						},
						"1.0": {
							"post": [-57.5, 0, 0],
							"lerp_mode": "catmullrom"
						}
					},
					"position": {
						"0.0": {
							"post": [0, -0.8, 0.8],
							"lerp_mode": "catmullrom"
						},
						"0.1667": {
							"post": [0, 0.1, -0.5],
							"lerp_mode": "catmullrom"
						},
						"0.5": {
							"post": [0, 0, 0],
							"lerp_mode": "catmullrom"
						},
						"0.75": {
							"post": [0, 0, 0],
							"lerp_mode": "catmullrom"
						},
						"0.875": {
							"post": [0, 0, 0],
							"lerp_mode": "catmullrom"
						},
						"1.0": {
							"post": [0, -0.8, 0.8],
							"lerp_mode": "catmullrom"
						}
					}
				},
				"toe_inner_right": {
					"rotation": {
						"0.0": {
							"post": [-57.5, 0, 0],
							"lerp_mode": "catmullrom"
						},
						"0.1667": {
							"post": [40, 0, 0],
							"lerp_mode": "catmullrom"
						},
						"0.5": {
							"post": [0, 0, 0],
							"lerp_mode": "catmullrom"
						},
						"0.75": {
							"post": [0, 0, 0],
							"lerp_mode": "catmullrom"
						},
						"0.875": {
							"post": [-20, 0, 0],
							"lerp_mode": "catmullrom"
						},
						"1.0": {
							"post": [-57.5, 0, 0],
							"lerp_mode": "catmullrom"
						}
					},
					"position": {
						"0.0": {
							"post": [0, -0.8, 0.8],
							"lerp_mode": "catmullrom"
						},
						"0.1667": {
							"post": [0, 0.1, -0.5],
							"lerp_mode": "catmullrom"
						},
						"0.5": {
							"post": [0, 0, 0],
							"lerp_mode": "catmullrom"
						},
						"0.75": {
							"post": [0, 0, 0],
							"lerp_mode": "catmullrom"
						},
						"0.875": {
							"post": [0, 0, 0],
							"lerp_mode": "catmullrom"
						},
						"1.0": {
							"post": [0, -0.8, 0.8],
							"lerp_mode": "catmullrom"
						}
					}
				},
				"leg_left": {
					"rotation": {
						"0.0": {
							"post": [-45, -15, 0],
							"lerp_mode": "catmullrom"
						},
						"0.25": {
							"post": [1.18155, -9.91358, -2.38565],
							"lerp_mode": "catmullrom"
						},
						"0.5": {
							"post": [36.50677, -8.43184, -4.42536],
							"lerp_mode": "catmullrom"
						},
						"0.6667": {
							"post": [24.86042, -8.76111, -3.97209],
							"lerp_mode": "catmullrom"
						},
						"1.0": {
							"post": [-45, -15, 0],
							"lerp_mode": "catmullrom"
						}
					},
					"position": {
						"0.0": {
							"post": [0, 0, -1.25],
							"lerp_mode": "catmullrom"
						},
						"0.25": {
							"post": [0, 0, 0],
							"lerp_mode": "catmullrom"
						},
						"0.375": {
							"post": [0, 0.75, 0.5],
							"lerp_mode": "catmullrom"
						},
						"0.5": {
							"post": [0, 0.5, 1],
							"lerp_mode": "catmullrom"
						},
						"0.75": {
							"post": [0, 1.75, 0.13],
							"lerp_mode": "catmullrom"
						},
						"1.0": {
							"post": [0, 0, -1.25],
							"lerp_mode": "catmullrom"
						}
					}
				},
				"leg_left2": {
					"rotation": {
						"0.0": {
							"post": [10, 0, 0],
							"lerp_mode": "catmullrom"
						},
						"0.25": {
							"post": [-5, 0, 0],
							"lerp_mode": "catmullrom"
						},
						"0.5": {
							"post": [0, 0, 0],
							"lerp_mode": "catmullrom"
						},
						"0.6667": {
							"post": [25, 0, 0],
							"lerp_mode": "catmullrom"
						},
						"0.8333": {
							"post": [45, 0, 0],
							"lerp_mode": "catmullrom"
						},
						"1.0": {
							"post": [10, 0, 0],
							"lerp_mode": "catmullrom"
						}
					}
				},
				"leg_left3": {
					"rotation": {
						"0.0": {
							"post": [12.5, 0, 0],
							"lerp_mode": "catmullrom"
						},
						"0.25": {
							"post": [-0.4165, -7.5, 0],
							"lerp_mode": "catmullrom"
						},
						"0.5": {
							"post": [12, -0.5, 0],
							"lerp_mode": "catmullrom"
						},
						"0.6667": {
							"post": [11.9438, -2.71435, 0],
							"lerp_mode": "catmullrom"
						},
						"0.8333": {
							"post": [-33.0562, -2.71435, 0],
							"lerp_mode": "catmullrom"
						},
						"1.0": {
							"post": [12.5, 0, 0],
							"lerp_mode": "catmullrom"
						}
					},
					"position": {
						"0.0": {
							"post": [0, 0, 0],
							"lerp_mode": "catmullrom"
						},
						"0.25": {
							"post": [0, 0, 0],
							"lerp_mode": "catmullrom"
						},
						"0.5": {
							"post": [0, 0, 0],
							"lerp_mode": "catmullrom"
						},
						"0.6667": {
							"post": [0, 0, 0],
							"lerp_mode": "catmullrom"
						},
						"0.8333": {
							"post": [0, 0, 0],
							"lerp_mode": "catmullrom"
						},
						"1.0": {
							"post": [0, 0, 0],
							"lerp_mode": "catmullrom"
						}
					}
				},
				"foot_left": {
					"rotation": {
						"0.0": {
							"post": [0, 0, 0],
							"lerp_mode": "catmullrom"
						},
						"0.25": {
							"post": [3.38, 5, 5],
							"lerp_mode": "catmullrom"
						},
						"0.5": {
							"post": [10, 3, 3],
							"lerp_mode": "catmullrom"
						},
						"0.6667": {
							"post": [83.5, 0, 0],
							"lerp_mode": "catmullrom"
						},
						"0.8333": {
							"post": [83.5, 0, 0],
							"lerp_mode": "catmullrom"
						},
						"1.0": {
							"post": [0, 0, 0],
							"lerp_mode": "catmullrom"
						}
					},
					"position": {
						"0.0": {
							"post": [0, 0, 0],
							"lerp_mode": "catmullrom"
						},
						"0.25": {
							"post": [0, 0, 0],
							"lerp_mode": "catmullrom"
						},
						"0.5": {
							"post": [0, 0, 0],
							"lerp_mode": "catmullrom"
						},
						"0.6667": {
							"post": [0, 0.4, 1.2],
							"lerp_mode": "catmullrom"
						},
						"0.8333": {
							"post": [0, 0.4, 1.3],
							"lerp_mode": "catmullrom"
						},
						"1.0": {
							"post": [0, 0, 0],
							"lerp_mode": "catmullrom"
						}
					}
				},
				"toe_outer_left": {
					"rotation": {
						"0.0": {
							"post": [0, 0, 0],
							"lerp_mode": "catmullrom"
						},
						"0.25": {
							"post": [0, 0, 0],
							"lerp_mode": "catmullrom"
						},
						"0.375": {
							"post": [-20, 0, 0],
							"lerp_mode": "catmullrom"
						},
						"0.5": {
							"post": [-57.5, 0, 0],
							"lerp_mode": "catmullrom"
						},
						"0.6667": {
							"post": [40, 0, 0],
							"lerp_mode": "catmullrom"
						},
						"1.0": {
							"post": [0, 0, 0],
							"lerp_mode": "catmullrom"
						}
					},
					"position": {
						"0.0": {
							"post": [0, 0, 0],
							"lerp_mode": "catmullrom"
						},
						"0.25": {
							"post": [0, 0, 0],
							"lerp_mode": "catmullrom"
						},
						"0.375": {
							"post": [0, 0, 0],
							"lerp_mode": "catmullrom"
						},
						"0.5": {
							"post": [0, -0.8, 0.8],
							"lerp_mode": "catmullrom"
						},
						"0.6667": {
							"post": [0, 0.1, -0.5],
							"lerp_mode": "catmullrom"
						},
						"1.0": {
							"post": [0, 0, 0],
							"lerp_mode": "catmullrom"
						}
					}
				},
				"toe_middle_left": {
					"rotation": {
						"0.0": {
							"post": [0, 0, 0],
							"lerp_mode": "catmullrom"
						},
						"0.25": {
							"post": [0, 0, 0],
							"lerp_mode": "catmullrom"
						},
						"0.375": {
							"post": [-20, 0, 0],
							"lerp_mode": "catmullrom"
						},
						"0.5": {
							"post": [-57.5, 0, 0],
							"lerp_mode": "catmullrom"
						},
						"0.6667": {
							"post": [40, 0, 0],
							"lerp_mode": "catmullrom"
						},
						"1.0": {
							"post": [0, 0, 0],
							"lerp_mode": "catmullrom"
						}
					},
					"position": {
						"0.0": {
							"post": [0, 0, 0],
							"lerp_mode": "catmullrom"
						},
						"0.25": {
							"post": [0, 0, 0],
							"lerp_mode": "catmullrom"
						},
						"0.375": {
							"post": [0, 0, 0],
							"lerp_mode": "catmullrom"
						},
						"0.5": {
							"post": [0, -0.8, 0.8],
							"lerp_mode": "catmullrom"
						},
						"0.6667": {
							"post": [0, 0.1, -0.5],
							"lerp_mode": "catmullrom"
						},
						"1.0": {
							"post": [0, 0, 0],
							"lerp_mode": "catmullrom"
						}
					}
				},
				"toe_inner_left": {
					"rotation": {
						"0.0": {
							"post": [0, 0, 0],
							"lerp_mode": "catmullrom"
						},
						"0.25": {
							"post": [0, 0, 0],
							"lerp_mode": "catmullrom"
						},
						"0.375": {
							"post": [-20, 0, 0],
							"lerp_mode": "catmullrom"
						},
						"0.5": {
							"post": [-57.5, 0, 0],
							"lerp_mode": "catmullrom"
						},
						"0.6667": {
							"post": [40, 0, 0],
							"lerp_mode": "catmullrom"
						},
						"1.0": {
							"post": [0, 0, 0],
							"lerp_mode": "catmullrom"
						}
					},
					"position": {
						"0.0": {
							"post": [0, 0, 0],
							"lerp_mode": "catmullrom"
						},
						"0.25": {
							"post": [0, 0, 0],
							"lerp_mode": "catmullrom"
						},
						"0.375": {
							"post": [0, 0, 0],
							"lerp_mode": "catmullrom"
						},
						"0.5": {
							"post": [0, -0.8, 0.8],
							"lerp_mode": "catmullrom"
						},
						"0.6667": {
							"post": [0, 0.1, -0.5],
							"lerp_mode": "catmullrom"
						},
						"1.0": {
							"post": [0, 0, 0],
							"lerp_mode": "catmullrom"
						}
					}
				},
				"torso2": {
					"rotation": ["-0+math.sin(q.anim_time*90*8-30)*0.95", 0, 0]
				}
			}
		},
		"animation.sceptile.test2": {
			"loop": true,
			"bones": {
				"torso": {
					"rotation": [32.40109, 2.68407, -4.22005]
				},
				"torso2": {
					"rotation": [4.98107, -0.43523, 4.98107]
				},
				"neck": {
					"rotation": [9.96271, -0.86717, 4.92442]
				},
				"head": {
					"rotation": [-42.47272, -1.76749, -1.76833]
				},
				"jaw": {
					"rotation": [45, 0, 0]
				},
				"arm_right": {
					"rotation": [-7.5, 2.5, 0]
				},
				"arm_right2": {
					"rotation": [0, -72.5, 0]
				},
				"hand_right": {
					"rotation": [0, 0, -50]
				},
				"finger_front_right": {
					"rotation": [0, 0, -20]
				},
				"finger_middle_right": {
					"rotation": [0, 0, -15]
				},
				"finger_back_right": {
					"rotation": [0, 0, -25]
				},
				"finger_back_right2": {
					"rotation": [0, 0, -47.5]
				},
				"finger_front_right2": {
					"rotation": [0, 0, -50]
				},
				"finger_middle_right2": {
					"rotation": [0, 0, -40]
				},
				"leg_right": {
					"rotation": [22.5, 15, 0],
					"position": [0, 0.5, 0.5]
				},
				"tail": {
					"rotation": [-42.52635, 1.98315, -1.52251]
				},
				"tail2": {
					"rotation": [7.52832, 4.95712, 0.65426]
				},
				"tail3": {
					"rotation": [7.56397, 7.43547, 0.98448]
				},
				"tail4": {
					"rotation": [10.15108, 9.84655, 1.75378]
				},
				"tail5": {
					"rotation": [12.79362, 12.19908, 2.74715]
				},
				"shoulder_right": {
					"rotation": [-10.01754, 2.34914, -25.85553]
				},
				"leg_left": {
					"rotation": [-17.5, -15, 0],
					"position": [0, 0, -0.5]
				},
				"shoulder_left": {
					"rotation": [-11.9857, 23.12519, 20.20473]
				},
				"arm_left": {
					"rotation": [-5, 10, 0]
				},
				"arm_left2": {
					"rotation": [0, 47.5, 0]
				},
				"hand_left": {
					"rotation": [0, 0, 22.5]
				},
				"finger_front_left": {
					"rotation": [0, 0, 20]
				},
				"finger_front_left2": {
					"rotation": [0, 0, 50]
				},
				"finger_middle_left": {
					"rotation": [0, 0, 15]
				},
				"finger_middle_left2": {
					"rotation": [0, 0, 40]
				},
				"finger_back_left": {
					"rotation": [0, 0, 25]
				},
				"finger_back_left2": {
					"rotation": [0, 0, 47.5]
				},
				"leg_right2": {
					"rotation": [10, 0, 0]
				},
				"leg_right3": {
					"rotation": [0, 0, 0]
				},
				"foot_right": {
					"rotation": [10, 0, 0]
				},
				"toe_middle_right": {
					"rotation": [-42.5, 0, 0],
					"position": [0, -0.5, 0.6]
				},
				"toe_inner_right": {
					"rotation": [-43.11609, 4.07933, 4.44372],
					"position": [0, -0.5, 0.6]
				},
				"toe_outer_right": {
					"rotation": [-43.11609, -4.07933, -4.44372],
					"position": [0, -0.5, 0.6]
				},
				"leg_left2": {
					"rotation": [-5, 0, 0]
				},
				"leg_left3": {
					"rotation": [0, 0, 0]
				},
				"foot_left": {
					"rotation": [22.5, 0, 0]
				},
				"arm_leaf_front_blade_right": {
					"scale": [1, 0, 1]
				},
				"arm_leaf_back_blade_right": {
					"scale": [1, 0, 1]
				},
				"arm_leaf_front_blade_left": {
					"scale": [1, 0, 1]
				},
				"arm_leaf_back_blade_left": {
					"scale": [1, 0, 1]
				},
				"tail_leaves_top_left": {
					"rotation": [10, 0, 0]
				},
				"tail_leaves_top_left2": {
					"rotation": [2.5, 0, 0]
				},
				"tail_leaves_top_left3": {
					"rotation": [-7.5, 0, 0]
				}
			}
		},
		"animation.sceptile.test3": {
			"loop": true,
			"bones": {
				"sceptile": {
					"position": [0, 1.25, 0]
				},
				"torso": {
					"rotation": [49.75757, -7.34759, 2.92368]
				},
				"torso2": {
					"rotation": [14.94548, 1.29256, -4.83045]
				},
				"neck": {
					"rotation": [22.32648, 2.86313, -6.93488]
				},
				"head": {
					"rotation": [-55.48448, 3.48051, -3.55608]
				},
				"shoulder_right": {
					"rotation": [-58.62702, 15.46973, -8.28342],
					"position": [0, -0.5, 0]
				},
				"arm_right": {
					"rotation": [-7.5, -1, -7.5]
				},
				"arm_right2": {
					"rotation": [0, -30, 0]
				},
				"hand_right": {
					"rotation": [0, 0, -15]
				},
				"finger_front_right": {
					"rotation": [0, 0, -12.5]
				},
				"finger_front_right2": {
					"rotation": [0, 0, -45]
				},
				"finger_middle_right": {
					"rotation": [0, 0, 22.5],
					"position": [0.5, 0, 0]
				},
				"finger_middle_right2": {
					"rotation": [0, 0, -35]
				},
				"finger_back_right": {
					"rotation": [0, 0, -37.5]
				},
				"finger_back_right2": {
					"rotation": [0, 0, -42.5]
				},
				"shoulder_left": {
					"rotation": [-59.92127, -18.02575, 12.77165],
					"position": [0, -0.5, 0]
				},
				"arm_left": {
					"rotation": [-7.5, 1, 7.5]
				},
				"arm_left2": {
					"rotation": [0, 42.5, 0]
				},
				"hand_left": {
					"rotation": [0, 0, 15]
				},
				"finger_front_left": {
					"rotation": [0, 0, 12.5]
				},
				"finger_front_left2": {
					"rotation": [0, 0, 45]
				},
				"finger_middle_left": {
					"rotation": [0, 0, -22.5],
					"position": [-0.5, 0, 0]
				},
				"finger_middle_left2": {
					"rotation": [0, 0, 35]
				},
				"finger_back_left": {
					"rotation": [0, 0, 37.5]
				},
				"finger_back_left2": {
					"rotation": [0, 0, 42.5]
				},
				"tail": {
					"rotation": [-52.92277, -6.06809, 7.96341],
					"position": [0, 0.25, -0.25]
				},
				"tail2": {
					"rotation": [2.50238, -2.49762, -0.10912]
				},
				"tail3": {
					"rotation": [5.019, -4.98093, -0.43688]
				},
				"tail4": {
					"rotation": [5.019, -4.98093, -0.43688]
				},
				"tail5": {
					"rotation": [10.08453, -7.38542, -1.30962]
				},
				"leg_right": {
					"rotation": [-25.44458, 0.21572, -4.69162],
					"position": [0, 0, -1]
				},
				"leg_right2": {
					"rotation": [-5, -2.5, 0]
				},
				"leg_right3": {
					"rotation": [35, 0, 0],
					"position": [0, 0, 0.6]
				},
				"foot_right": {
					"rotation": [7.74222, 4.81281, 5.7589]
				},
				"toe_middle_right": {
					"rotation": [-12.5, 0, 0]
				},
				"toe_inner_right": {
					"rotation": [-12.5, 0, 0]
				},
				"toe_outer_right": {
					"rotation": [-12.5, 0, 0]
				},
				"leg_left": {
					"rotation": [32.71776, -4.77227, -5.22233],
					"position": [0, 0, 1]
				},
				"leg_left2": {
					"rotation": [4.96271, -0.86717, 4.92442]
				},
				"leg_left3": {
					"rotation": [42.5, 0, 0],
					"position": [0, 0, 1]
				},
				"foot_left": {
					"rotation": [85, 0, 0],
					"position": [0, 0.35, 1.2]
				},
				"toe_middle_left": {
					"rotation": [5, 0, 0]
				},
				"toe_inner_left": {
					"rotation": [10, 0, 0]
				},
				"toe_outer_left": {
					"rotation": [15, 0, 0]
				},
				"tail_leaves_bottom_left": {
					"rotation": [0, -5, 0]
				},
				"tail_leaves_bottom_left3": {
					"rotation": [0, 5, 0]
				},
				"toe_middle_left2": {
					"rotation": [17.5, 0, 0]
				},
				"toe_inner_left2": {
					"rotation": [22.5, 0, 0]
				},
				"toe_outer_left2": {
					"rotation": [15, 0, 0]
				},
				"tail_leaves_top_right": {
					"rotation": [2.5, 0, 0]
				},
				"tail_leaves_top_right3": {
					"rotation": [-5, 0, 0]
				}
			}
		},
		"animation.sceptile.blink": {
			"animation_length": 0.1667,
			"bones": {
				"eyelid_right": {
					"position": {
						"0.0": [-0.1, 0, 0],
						"0.125": [-0.1, 0, 0],
						"0.1667": {
							"pre": [-0.1, 0, 0],
							"post": [0, 0, 0]
						}
					}
				},
				"eyelid_left": {
					"position": {
						"0.0": [0.1, 0, 0],
						"0.125": [0.1, 0, 0],
						"0.1667": {
							"pre": [0.1, 0, 0],
							"post": [0, 0, 0]
						}
					}
				}
			}
		},
		"animation.sceptile.hurt_or_happy": {
			"loop": true,
			"bones": {
				"eyelid_hurt_right": {
					"position": [-0.1, 0, 0]
				},
				"eyelid_hurt_left": {
					"position": [0.1, 0, 0]
				}
			}
		},
		"animation.sceptile.angry": {
			"loop": true,
			"bones": {
				"eye_brow_right": {
					"position": [0, -0.4, 0]
				},
				"eye_brow_left": {
					"position": [0, -0.4, 0]
				},
				"eye_brow_left2": {
					"position": [0, 0.4, 0]
				},
				"eye_brow_right2": {
					"position": [0, 0.4, 0]
				}
			}
		},
		"animation.sceptile.sad": {
			"loop": true,
			"bones": {
				"pupil_right": {
					"position": [0, 0.1, 0]
				},
				"pupil_left": {
					"position": [0, 0.1, 0]
				},
				"eye_brow_right": {
					"position": [0, 0.3, 0]
				},
				"eye_brow_left": {
					"position": [0, 0.3, 0]
				},
				"eye_brow_left2": {
					"position": [0, -0.4, 0]
				},
				"eye_brow_right2": {
					"position": [0, -0.4, 0]
				}
			}
		},
		"animation.sceptile.shocked": {
			"loop": true,
			"bones": {
				"jaw": {
					"rotation": [35, 0, 0]
				},
				"pupil_right": {
					"position": [0, 0.1, 0],
					"scale": [1, 0.5, 0.5]
				},
				"pupil_left": {
					"position": [0, 0.1, 0],
					"scale": [1, 0.5, 0.5]
				},
				"eye_brow_right": {
					"position": [0, 0.3, 0]
				},
				"eye_brow_left": {
					"position": [0, 0.3, 0]
				}
			}
		},
		"animation.sceptile.cry": {
			"animation_length": 1.4167,
			"bones": {
				"torso2": {
					"rotation": {
						"0.0": [0, 0, 0],
						"0.2083": {
							"pre": [-2.5, 0, 0],
							"post": [-2.5, 0, 0],
							"lerp_mode": "catmullrom"
						},
						"1.0": {
							"post": [-3.5, 0, 0],
							"lerp_mode": "catmullrom"
						},
						"1.3333": [0, 0, 0]
					}
				},
				"neck": {
					"rotation": {
						"0.0": [0, 0, 0],
						"0.2083": {
							"pre": [-2.5, 0, 0],
							"post": [-2.5, 0, 0],
							"lerp_mode": "catmullrom"
						},
						"1.0417": {
							"post": [-4, 0, 0],
							"lerp_mode": "catmullrom"
						},
						"1.375": [0, 0, 0]
					}
				},
				"head": {
					"rotation": {
						"0.0": [0, 0, 0],
						"0.0833": {
							"pre": [2.5, 0, 0],
							"post": [2.5, 0, 0],
							"lerp_mode": "catmullrom"
						},
						"0.25": {
							"post": [-2.5, 0, 0],
							"lerp_mode": "catmullrom"
						},
						"0.3333": {
							"post": [0, 0, 0],
							"lerp_mode": "catmullrom"
						},
						"0.5": {
							"post": [-2.5, 0, 0],
							"lerp_mode": "catmullrom"
						},
						"1.0417": {
							"post": [-6, 0, 0],
							"lerp_mode": "catmullrom"
						},
						"1.4167": [0, 0, 0]
					}
				},
				"jaw": {
					"rotation": {
						"0.0": [0, 0, 0],
						"0.0833": {
							"pre": [17.5, 0, 0],
							"post": [17.5, 0, 0],
							"lerp_mode": "catmullrom"
						},
						"0.2917": {
							"post": [13.5, 0, 0],
							"lerp_mode": "catmullrom"
						},
						"0.375": {
							"post": [31, 0, 0],
							"lerp_mode": "catmullrom"
						},
						"0.8333": {
							"post": [33.5, 0, 0],
							"lerp_mode": "catmullrom"
						},
						"1.2083": [0, 0, 0]
					}
				}
			},
			"sound_effects": {
				"0.0833": {
					"effect": "pokemon.sceptile.cry"
				}
			}
		}
	}
}