{
	"format_version": "1.10.0",
	"particle_effect": {
		"description": {
			"identifier": "cobblemon:darkest_lariat",
			"basic_render_parameters": {
				"material": "particles_alpha",
				"texture": "textures/particles/generic/aura_white"
			}
		},
		"components": {
			"minecraft:emitter_rate_steady": {
				"spawn_rate": 8,
				"max_particles": 200
			},
			"minecraft:emitter_lifetime_once": {
				"active_time": 0.3
			},
			"minecraft:emitter_lifetime_events": {
				"creation_event": "event_sound"
			},
			"minecraft:emitter_shape_point": {},
			"minecraft:particle_lifetime_expression": {
				"max_lifetime": 0.2
			},
			"minecraft:particle_initial_speed": 0.5,
			"minecraft:particle_motion_dynamic": {
				"linear_acceleration": [0, 2, 0]
			},
			"minecraft:particle_appearance_billboard": {
				"size": [0.125, 0.125],
				"facing_camera_mode": "rotate_xyz",
				"uv": {
					"texture_width": 8,
					"texture_height": 56,
					"flipbook": {
						"base_UV": [0, 48],
						"size_UV": [8, 8],
						"step_UV": [0, -8],
						"frames_per_second": 36,
						"max_frame": 7
					}
				}
			},
			"minecraft:particle_appearance_tinting": {
				"color": {
					"interpolant": "v.particle_age / v.particle_lifetime",
					"gradient": {
						"0.06": "#FF7D0F0F",
						"0.81": "#FF131948"
					}
				}
			}
		}
	}
}