{
	"format_version": "1.8.0",
	"animations": {
		"animation.drednaw.ground_idle": {
			"loop": true,
			"bones": {
				"torso": {
					"rotation": ["-5+math.sin(q.anim_time*90*1-0)*-2", 0, 0],
					"position": [0, 0.5, 0]
				},
				"neck": {
					"rotation": ["2.5+math.sin(q.anim_time*90*1-45)*-2.45", 0, 0],
					"position": [0, 0, 5]
				},
				"neck2": {
					"rotation": ["2.5+math.sin(q.anim_time*90*1-90)*-2.5", 0, 0],
					"position": [0, 0, 5]
				},
				"neck3": {
					"position": [0, 0, 5]
				},
				"tail": {
					"rotation": ["-10+math.sin(q.anim_time*90*1-60)*-3", 0, 0]
				},
				"tail2": {
					"rotation": ["5+math.sin(q.anim_time*90*1-120)*-4.5", 0, 0]
				},
				"tail3": {
					"rotation": ["5+math.sin(q.anim_time*90*1-180)*-6", 0, 0]
				},
				"leg_front_left": {
					"rotation": [29, 35, 44.5]
				},
				"foot_front_left": {
					"rotation": [0, 0, 55]
				},
				"leg_back_left": {
					"rotation": [6.5, 7.5, 38]
				},
				"foot_back_left": {
					"rotation": [0, 0, 52.5]
				},
				"leg_front_right": {
					"rotation": [29, -35, -44.5]
				},
				"foot_front_right": {
					"rotation": [0, 0, -55]
				},
				"leg_back_right": {
					"rotation": [6.5, -7.5, -38]
				},
				"foot_back_right": {
					"rotation": [0, 0, -52.5]
				},
				"head": {
					"rotation": [0, 0, 0]
				}
			}
		},
		"animation.drednaw.ground_walk": {
			"loop": true,
			"animation_length": 1.3333,
			"bones": {
				"torso": {
					"rotation": ["-5+math.sin(q.anim_time*90*6-0)*-0.65", "0+math.sin(q.anim_time*90*3-10)*-2", 0],
					"position": [0, 0.5, 0]
				},
				"neck": {
					"rotation": ["2.5+math.sin(q.anim_time*90*6-60)*-1", 0, 0],
					"position": [0, 0, 5]
				},
				"neck2": {
					"rotation": [2.5, 0, 0],
					"position": [0, 0, 5]
				},
				"neck3": {
					"position": [0, 0, 5]
				},
				"tail": {
					"rotation": ["-10+math.sin(q.anim_time*90*6-60)*-1", "0+math.sin(q.anim_time*90*3-60)*-3", 0]
				},
				"tail2": {
					"rotation": ["5+math.sin(q.anim_time*90*6-90)*-2", "0+math.sin(q.anim_time*90*3-90)*-5", 0]
				},
				"tail3": {
					"rotation": ["5+math.sin(q.anim_time*90*6-120)*-3.5", "0+math.sin(q.anim_time*90*3-120)*-7.5", 0]
				},
				"leg_front_left": {
					"rotation": {
						"0.0": [29, 35, 44.5],
						"0.25": [18.41887, 24.02574, 39.5],
						"0.4167": [12.47497, 15.84836, 37.5],
						"0.6667": [3, 4, 36],
						"1.0": {
							"pre": [11.32174, 22.46576, 27.2388],
							"post": [11.32174, 22.46576, 27.2388],
							"lerp_mode": "catmullrom"
						},
						"1.3333": [29, 35, 44.5]
					},
					"position": {
						"0.0": [0, 0, 0],
						"0.6667": [0, 0, 0.7],
						"0.9167": {
							"pre": [0, 0.5, 0.35],
							"post": [0, 0.5, 0.35],
							"lerp_mode": "catmullrom"
						},
						"1.0833": {
							"post": [0, 0.5, 0.35],
							"lerp_mode": "catmullrom"
						},
						"1.3333": [0, 0, 0]
					}
				},
				"foot_front_left": {
					"rotation": {
						"0.0": [0, 0, 55],
						"0.6667": [0, 0, 55],
						"0.875": {
							"pre": [0, 0, 67.5],
							"post": [0, 0, 67.5],
							"lerp_mode": "catmullrom"
						},
						"1.125": {
							"post": [0, 0, 48.75],
							"lerp_mode": "catmullrom"
						},
						"1.3333": [0, 0, 55]
					}
				},
				"leg_back_left": {
					"rotation": {
						"0.0": [-6.25814, -7.26064, 37.75],
						"0.3333": {
							"pre": [0.09216, 0.14302, 25.37499],
							"post": [0.09216, 0.14302, 25.37499],
							"lerp_mode": "catmullrom"
						},
						"0.4583": {
							"post": [3.1958, 3.99117, 26.84264],
							"lerp_mode": "catmullrom"
						},
						"0.6667": [6.5, 7.5, 38],
						"1.3333": [-6.25814, -7.26064, 37.75]
					},
					"position": {
						"0.0": [0, 0, 1],
						"0.2083": [0, 0.2, 0.34],
						"0.4583": [0, -0.6, 0.15],
						"0.6667": [0, 0, 0],
						"1.3333": [0, 0, 1]
					}
				},
				"foot_back_left": {
					"rotation": {
						"0.0": [0, 0, 52.5],
						"0.2083": {
							"pre": [0, 0, 67.5],
							"post": [0, 0, 67.5],
							"lerp_mode": "catmullrom"
						},
						"0.4583": {
							"post": [0, 0, 53.5],
							"lerp_mode": "catmullrom"
						},
						"0.6667": [0, 0, 52.5],
						"1.3333": [0, 0, 52.5]
					},
					"position": {
						"0.0": [0, 0, 0],
						"0.6667": [0, 0, 0],
						"1.3333": [0, 0, 0]
					}
				},
				"leg_front_right": {
					"rotation": {
						"0.0": [3, -4, -36],
						"0.3333": {
							"pre": [11.32174, -22.46576, -27.2388],
							"post": [11.32174, -22.46576, -27.2388],
							"lerp_mode": "catmullrom"
						},
						"0.6667": [29, -35, -44.5],
						"0.9167": [18.41887, -24.02574, -39.5],
						"1.0833": [12.47497, -15.84836, -37.5],
						"1.3333": [3, -4, -36]
					},
					"position": {
						"0.0": [0, 0, 0.7],
						"0.25": {
							"pre": [0, 0.5, 0.35],
							"post": [0, 0.5, 0.35],
							"lerp_mode": "catmullrom"
						},
						"0.4167": {
							"post": [0, 0.5, 0.35],
							"lerp_mode": "catmullrom"
						},
						"0.6667": [0, 0, 0],
						"1.3333": [0, 0, 0.7]
					}
				},
				"foot_front_right": {
					"rotation": {
						"0.0": [0, 0, -55],
						"0.2083": {
							"pre": [0, 0, -67.5],
							"post": [0, 0, -67.5],
							"lerp_mode": "catmullrom"
						},
						"0.4583": {
							"post": [0, 0, -48.75],
							"lerp_mode": "catmullrom"
						},
						"0.6667": [0, 0, -55],
						"1.3333": [0, 0, -55]
					}
				},
				"leg_back_right": {
					"rotation": {
						"0.0": [6.5, -7.5, -38],
						"0.6667": [-6.25814, 7.26064, -37.75],
						"1.0": {
							"pre": [0.09216, -0.14302, -25.37499],
							"post": [0.09216, -0.14302, -25.37499],
							"lerp_mode": "catmullrom"
						},
						"1.125": {
							"post": [3.1958, -3.99117, -26.84264],
							"lerp_mode": "catmullrom"
						},
						"1.3333": [6.5, -7.5, -38]
					},
					"position": {
						"0.0": [0, 0, 0],
						"0.6667": [0, 0, 1],
						"0.875": [0, 0.2, 0.34],
						"1.125": [0, -0.6, 0.15],
						"1.3333": [0, 0, 0]
					}
				},
				"foot_back_right": {
					"rotation": {
						"0.0": [0, 0, -52.5],
						"0.6667": [0, 0, -52.5],
						"0.875": {
							"pre": [0, 0, -67.5],
							"post": [0, 0, -67.5],
							"lerp_mode": "catmullrom"
						},
						"1.125": {
							"post": [0, 0, -53.5],
							"lerp_mode": "catmullrom"
						},
						"1.3333": [0, 0, -52.5]
					},
					"position": {
						"0.0": [0, 0, 0],
						"0.6667": [0, 0, 0],
						"1.3333": [0, 0, 0]
					}
				},
				"head": {
					"rotation": ["0+math.sin(q.anim_time*90*6-120)*-1.65", 0, 0]
				}
			}
		},
		"animation.drednaw.blink": {
			"animation_length": 0.1667,
			"bones": {
				"eye_left": {
					"position": {
						"0.0": [-0.2, 0, 0],
						"0.125": [-0.2, 0, 0],
						"0.1667": {"pre": [-0.2, 0, 0], "post": [0, 0, 0]}
					}
				},
				"pupil_left": {
					"position": {
						"0.0": [-0.1, 0, 0],
						"0.125": [-0.1, 0, 0],
						"0.1667": {"pre": [-0.1, 0, 0], "post": [0, 0, 0]}
					}
				},
				"eyelid_left": {
					"position": {
						"0.0": [0.1, 0, 0],
						"0.125": [0.1, 0, 0],
						"0.1667": {"pre": [0.1, 0, 0], "post": [0, 0, 0]}
					}
				},
				"eye_right": {
					"position": {
						"0.0": [0.2, 0, 0],
						"0.125": [0.2, 0, 0],
						"0.1667": {"pre": [0.2, 0, 0], "post": [0, 0, 0]}
					}
				},
				"pupil_right": {
					"position": {
						"0.0": [0.1, 0, 0],
						"0.125": [0.1, 0, 0],
						"0.1667": {"pre": [0.1, 0, 0], "post": [0, 0, 0]}
					}
				},
				"eyelid_right": {
					"position": {
						"0.0": [-0.1, 0, 0],
						"0.125": [-0.1, 0, 0],
						"0.1667": {"pre": [-0.1, 0, 0], "post": [0, 0, 0]}
					}
				}
			}
		},
		"animation.drednaw.cry": {
			"animation_length": 1.6667,
			"bones": {
				"neck": {
					"rotation": {
						"0.0": [0, 0, 0],
						"0.25": {
							"pre": [2.5, 0, 0],
							"post": [2.5, 0, 0],
							"lerp_mode": "catmullrom"
						},
						"0.5417": {
							"post": [0, 0, 0],
							"lerp_mode": "catmullrom"
						},
						"0.7083": {
							"post": [2.5, 0, 0],
							"lerp_mode": "catmullrom"
						},
						"1.1667": {
							"post": [2.5, 0, 0],
							"lerp_mode": "catmullrom"
						},
						"1.5833": [0, 0, 0]
					},
					"position": {
						"0.0": [0, 0, 0],
						"0.25": [0, "0+math.sin(q.anim_time*90*32-0)*-0.1", 0],
						"0.4583": [0, 0, 0],
						"0.625": [0, 0, 0],
						"0.7083": [0, "0+math.sin(q.anim_time*90*48-0)*-0.15", 0],
						"1.0833": [0, "0+math.sin(q.anim_time*90*48-0)*-0.15", 0],
						"1.625": [0, 0, 0]
					}
				},
				"head": {
					"rotation": {
						"0.0": [0, 0, 0],
						"0.0833": {
							"pre": [-3.5, 0, 0],
							"post": [-3.5, 0, 0],
							"lerp_mode": "catmullrom"
						},
						"0.2083": {
							"post": [2.5, 0, 0],
							"lerp_mode": "catmullrom"
						},
						"0.4167": {
							"post": [2.5, 0, 0],
							"lerp_mode": "catmullrom"
						},
						"0.5833": {
							"post": [-1, 0, 0],
							"lerp_mode": "catmullrom"
						},
						"0.875": {
							"post": [7.5, 0, 0],
							"lerp_mode": "catmullrom"
						},
						"1.2083": {
							"post": [7.5, 0, 0],
							"lerp_mode": "catmullrom"
						},
						"1.6667": [0, 0, 0]
					}
				},
				"jaw": {
					"rotation": {
						"0.0": [0, 0, 0],
						"0.2083": {
							"pre": [12.5, 0, 0],
							"post": [12.5, 0, 0],
							"lerp_mode": "catmullrom"
						},
						"0.5417": {
							"post": [7.5, 0, 0],
							"lerp_mode": "catmullrom"
						},
						"0.7083": {
							"post": [17.5, 0, 0],
							"lerp_mode": "catmullrom"
						},
						"1.0833": {
							"post": [20, 0, 0],
							"lerp_mode": "catmullrom"
						},
						"1.6667": [0, 0, 0]
					}
				}
			},
			"sound_effects": {
				"0.0417": {
					"effect": "pokemon.drednaw.cry"
				}
			}
		}
	}
}