{
	"format_version": "1.8.0",
	"animations": {
		"animation.vibrava.ground_idle": {
			"loop": true,
			"bones": {
				"body": {
					"position": [0, -0.75, 0]
				},
				"head": {
					"rotation": ["7.5-math.cos(q.anim_time*90*2-60)*-1.75", 0, 0]
				},
				"wing_base_left": {
					"rotation": [0, -22.5, 0]
				},
				"leg_front_left": {
					"rotation": [0, 20, 0]
				},
				"leg_back_left": {
					"rotation": [0, -15, 0]
				},
				"leg_front_right": {
					"rotation": [0, -15, 0]
				},
				"leg_back_right": {
					"rotation": [0, 15, 0]
				},
				"wing_front_left": {
					"rotation": [0, 55, 0]
				},
				"wing_front_left_rotation": {
					"rotation": [40, -85, -35]
				},
				"wing_back_left": {
					"rotation": [0, -25, 0]
				},
				"wing_back_left_rotation": {
					"rotation": [0, 0, -15]
				},
				"wing_base_right": {
					"rotation": [0, 20, 0]
				},
				"wing_front_right": {
					"rotation": [0, -55, 0]
				},
				"wing_front_right_rotation": {
					"rotation": [40, 85, 35]
				},
				"wing_back_right": {
					"rotation": [0, 25, 0]
				},
				"wing_back_right_rotation": {
					"rotation": [0, 0, 15]
				},
				"antenna_left": {
					"rotation": ["-0-math.cos(q.anim_time*90*2-90)*-1", -5, 0]
				},
				"antenna_left2": {
					"rotation": ["-5-math.cos(q.anim_time*90*2-180)*-2.75", 0, 0]
				},
				"antenna_right": {
					"rotation": ["-0-math.cos(q.anim_time*90*2-90)*-1", 5, 0]
				},
				"antenna_right2": {
					"rotation": ["-5-math.cos(q.anim_time*90*2-180)*-2.75", 0, 0]
				},
				"torso": {
					"rotation": ["-0-math.cos(q.anim_time*90*2-0)*-0.75", 0, 0]
				},
				"tail": {
					"rotation": ["-0-math.cos(q.anim_time*90*2-30)*-1", 0, 0]
				},
				"tail2": {
					"rotation": ["-0-math.cos(q.anim_time*90*2-60)*-1", 0, 0],
					"position": [0, -0.05, 0]
				},
				"tail3": {
					"rotation": ["-0-math.cos(q.anim_time*90*2-90)*-1.5", 0, 0]
				},
				"tail4": {
					"rotation": ["-0-math.cos(q.anim_time*90*2-120)*-2.5", 0, 0]
				}
			}
		},
		"animation.vibrava.ground_walk": {
			"loop": true,
			"animation_length": 0.5,
			"bones": {
				"body": {
					"position": [0, -0.75, 0]
				},
				"head": {
					"rotation": ["7.5-math.cos(q.anim_time*90*16-60)*-1.25", 0, 0]
				},
				"wing_base_left": {
					"rotation": [0, -35, 0]
				},
				"leg_front_left": {
					"rotation": {
						"0.0": [0, 27.5, 0],
						"0.25": [0, -15, 0],
						"0.375": {
							"pre": [0, 6.25, -15],
							"post": [0, 6.25, -15],
							"lerp_mode": "catmullrom"
						},
						"0.5": [0, 27.5, 0]
					}
				},
				"leg_back_left": {
					"rotation": {
						"0.0": [0, -30, 0],
						"0.125": {
							"pre": [0, -12.5, -15],
							"post": [0, -12.5, -15],
							"lerp_mode": "catmullrom"
						},
						"0.25": [0, 5, 0],
						"0.5": [0, -30, 0]
					}
				},
				"leg_front_right": {
					"rotation": {
						"0.0": [0, 15, 0],
						"0.125": {
							"pre": [0, -6.25, 15],
							"post": [0, -6.25, 15],
							"lerp_mode": "catmullrom"
						},
						"0.25": [0, -27.5, 0],
						"0.5": [0, 15, 0]
					}
				},
				"leg_back_right": {
					"rotation": {
						"0.0": [0, -5, 0],
						"0.25": [0, 30, 0],
						"0.375": {
							"pre": [0, 12.5, 15],
							"post": [0, 12.5, 15],
							"lerp_mode": "catmullrom"
						},
						"0.5": [0, -5, 0]
					}
				},
				"wing_front_left": {
					"rotation": [0, 55, 0]
				},
				"wing_front_left_rotation": {
					"rotation": [40, -85, -35]
				},
				"wing_back_left": {
					"rotation": [0, -25, 0]
				},
				"wing_back_left_rotation": {
					"rotation": [0, 0, -15]
				},
				"wing_base_right": {
					"rotation": [0, 35, 0]
				},
				"wing_front_right": {
					"rotation": [0, -55, 0]
				},
				"wing_front_right_rotation": {
					"rotation": [40, 85, 35]
				},
				"wing_back_right": {
					"rotation": [0, 25, 0]
				},
				"wing_back_right_rotation": {
					"rotation": [0, 0, 15]
				},
				"antenna_left": {
					"rotation": ["-0-math.cos(q.anim_time*90*16-120)*-1.25", -7.5, 0]
				},
				"antenna_left2": {
					"rotation": ["-5-math.cos(q.anim_time*90*16-180)*-2.75", 0, 0]
				},
				"antenna_right": {
					"rotation": ["-0-math.cos(q.anim_time*90*16-120)*-1.25", 7.5, 0]
				},
				"antenna_right2": {
					"rotation": ["-5-math.cos(q.anim_time*90*16-180)*-2.75", 0, 0]
				},
				"torso": {
					"rotation": ["-0-math.cos(q.anim_time*90*16-0)*-0.65", 0, 0]
				},
				"tail": {
					"rotation": ["2.5-math.cos(q.anim_time*90*16-30)*-0.75", 0, 0]
				},
				"tail2": {
					"rotation": ["2.5-math.cos(q.anim_time*90*16-60)*-0.85", 0, 0],
					"position": [0, -0.05, 0]
				},
				"tail3": {
					"rotation": ["2.5-math.cos(q.anim_time*90*16-90)*-1.15", 0, 0]
				},
				"tail4": {
					"rotation": ["5-math.cos(q.anim_time*90*16-120)*-1.5", 0, 0]
				},
				"leg_front_left2": {
					"rotation": {
						"0.0": [0, 0, 0],
						"0.25": [0, 0, 0],
						"0.3333": {
							"pre": [0, 0, 8.53],
							"post": [0, 0, 8.53],
							"lerp_mode": "catmullrom"
						},
						"0.4167": {
							"post": [0, 0, -11.5],
							"lerp_mode": "catmullrom"
						},
						"0.5": [0, 0, 0]
					}
				},
				"leg_back_left2": {
					"rotation": {
						"0.0": [0, 0, 0],
						"0.0833": {
							"pre": [0, 0, 7.5],
							"post": [0, 0, 7.5],
							"lerp_mode": "catmullrom"
						},
						"0.1667": {
							"post": [0, 0, -15],
							"lerp_mode": "catmullrom"
						},
						"0.25": [0, 0, 0],
						"0.5": [0, 0, 0]
					}
				},
				"leg_front_right2": {
					"rotation": {
						"0.0": [0, 0, 0],
						"0.0833": {
							"pre": [0, 0, -8.53],
							"post": [0, 0, -8.53],
							"lerp_mode": "catmullrom"
						},
						"0.1667": {
							"post": [0, 0, 11.5],
							"lerp_mode": "catmullrom"
						},
						"0.25": [0, 0, 0],
						"0.5": [0, 0, 0]
					}
				},
				"leg_back_right2": {
					"rotation": {
						"0.0": [0, 0, 0],
						"0.25": [0, 0, 0],
						"0.3333": {
							"pre": [0, 0, -7.5],
							"post": [0, 0, -7.5],
							"lerp_mode": "catmullrom"
						},
						"0.4167": {
							"post": [0, 0, 15],
							"lerp_mode": "catmullrom"
						},
						"0.5": [0, 0, 0]
					}
				}
			}
		},
		"animation.vibrava.air_idle": {
			"loop": true,
			"bones": {
				"body": {
					"rotation": [5, 0, 0],
					"position": ["-0+math.cos(q.anim_time*90*1-0)*-0.25", "0.25-math.cos(q.anim_time*90*4-0)*0.75", "0-math.cos(q.anim_time*90*2-0)*-0.25"]
				},
				"head": {
					"rotation": ["7.5-math.cos(q.anim_time*90*4-60)*-1.75", 0, 0]
				},
				"wing_base_left": {
					"rotation": [0, -7.5, 0]
				},
				"leg_front_left": {
					"rotation": [0, 15, "35-math.cos(q.anim_time*90*4-30)*-2"]
				},
				"leg_back_left": {
					"rotation": [0, -15, "35-math.cos(q.anim_time*90*4-30)*-2"]
				},
				"leg_front_right": {
					"rotation": [0, -15, "-35+math.cos(q.anim_time*90*4-30)*-2"]
				},
				"leg_back_right": {
					"rotation": [0, 15, "-35+math.cos(q.anim_time*90*4-30)*-2"]
				},
				"wing_front_left": {
					"rotation": [0, 55, 0]
				},
				"wing_front_left_rotation": {
					"rotation": [0, 0, "-0-math.cos(q.anim_time*90*48-0)*-6"]
				},
				"wing_back_left": {
					"rotation": [0, -25, 0]
				},
				"wing_back_left_rotation": {
					"rotation": [0, 0, "-15-math.cos(q.anim_time*90*48-0)*6"]
				},
				"wing_base_right": {
					"rotation": [0, 7.5, 0]
				},
				"wing_front_right": {
					"rotation": [0, -55, 0]
				},
				"wing_front_right_rotation": {
					"rotation": [0, 0, "0+math.cos(q.anim_time*90*48-0)*-6"]
				},
				"wing_back_right": {
					"rotation": [0, 25, 0]
				},
				"wing_back_right_rotation": {
					"rotation": [0, 0, "15+math.cos(q.anim_time*90*48-0)*6"]
				},
				"antenna_left": {
					"rotation": ["-0-math.cos(q.anim_time*90*4-90)*-2", -5, 0]
				},
				"antenna_left2": {
					"rotation": ["-5-math.cos(q.anim_time*90*4-180)*-4.75", 0, 0]
				},
				"antenna_right": {
					"rotation": ["-0-math.cos(q.anim_time*90*4-90)*-2", 5, 0]
				},
				"antenna_right2": {
					"rotation": ["-5-math.cos(q.anim_time*90*4-180)*-4.75", 0, 0]
				},
				"torso": {
					"rotation": ["-0-math.cos(q.anim_time*90*4-0)*-0.75", 0, 0]
				},
				"tail": {
					"rotation": ["6-math.cos(q.anim_time*90*4-30)*-1", 0, 0]
				},
				"tail2": {
					"rotation": ["5-math.cos(q.anim_time*90*4-60)*-1", 0, 0],
					"position": [0, -0.05, 0]
				},
				"tail3": {
					"rotation": ["7.5-math.cos(q.anim_time*90*4-90)*-1.5", 0, 0]
				},
				"tail4": {
					"rotation": ["15-math.cos(q.anim_time*90*4-120)*-2.5", 0, 0]
				},
				"leg_front_left2": {
					"rotation": [0, 0, "-7.5-math.cos(q.anim_time*90*4-60)*-1"]
				},
				"toe_inner_front_left": {
					"rotation": [0, 0, -32.5]
				},
				"toe_outer_front_left": {
					"rotation": [0, 0, 30]
				},
				"leg_back_left2": {
					"rotation": [0, 0, "-10-math.cos(q.anim_time*90*4-60)*-1"]
				},
				"toe_inner_back_left": {
					"rotation": [0, 0, -32.5]
				},
				"toe_outer_back_left": {
					"rotation": [0, 0, 30]
				},
				"leg_front_right2": {
					"rotation": [0, 0, "7.5+math.cos(q.anim_time*90*4-60)*-1"]
				},
				"toe_inner_front_right": {
					"rotation": [0, 0, 32.5]
				},
				"toe_outer_front_right": {
					"rotation": [0, 0, -30]
				},
				"leg_back_right2": {
					"rotation": [0, 0, "10+math.cos(q.anim_time*90*4-60)*-1"]
				},
				"toe_inner_back_right": {
					"rotation": [0, 0, 32.5]
				},
				"toe_outer_back_right": {
					"rotation": [0, 0, -30]
				}
			}
		},
		"animation.vibrava.air_fly": {
			"loop": true,
			"bones": {
				"body": {
					"rotation": [15, 0, 0],
					"position": ["-0+math.cos(q.anim_time*90*1-0)*-0.25", "0.25-math.cos(q.anim_time*90*4-0)*0.75", "0-math.cos(q.anim_time*90*2-0)*-0.25"]
				},
				"head": {
					"rotation": ["-math.cos(q.anim_time*90*4-60)*+3.25", 0, 0]
				},
				"wing_base_left": {
					"rotation": [0, -7.5, 0]
				},
				"leg_front_left": {
					"rotation": [0, -15, "35-math.cos(q.anim_time*90*4-30)*-2"]
				},
				"leg_back_left": {
					"rotation": [0, -35, "35-math.cos(q.anim_time*90*4-30)*-2"]
				},
				"leg_front_right": {
					"rotation": [0, 15, "-35+math.cos(q.anim_time*90*4-30)*-2"]
				},
				"leg_back_right": {
					"rotation": [0, 35, "-35+math.cos(q.anim_time*90*4-30)*-2"]
				},
				"wing_front_left": {
					"rotation": [0, 55, 0]
				},
				"wing_front_left_rotation": {
					"rotation": [0, 0, "-0-math.cos(q.anim_time*90*48-0)*-6"]
				},
				"wing_back_left": {
					"rotation": [0, -25, 0]
				},
				"wing_back_left_rotation": {
					"rotation": [0, 0, "-15-math.cos(q.anim_time*90*48-0)*6"]
				},
				"wing_base_right": {
					"rotation": [0, 7.5, 0]
				},
				"wing_front_right": {
					"rotation": [0, -55, 0]
				},
				"wing_front_right_rotation": {
					"rotation": [0, 0, "0+math.cos(q.anim_time*90*48-0)*-6"]
				},
				"wing_back_right": {
					"rotation": [0, 25, 0]
				},
				"wing_back_right_rotation": {
					"rotation": [0, 0, "15+math.cos(q.anim_time*90*48-0)*6"]
				},
				"antenna_left": {
					"rotation": ["-0-math.cos(q.anim_time*90*4-90)*-2", -5, 0]
				},
				"antenna_left2": {
					"rotation": ["-5-math.cos(q.anim_time*90*4-180)*-4.75", 0, 0]
				},
				"antenna_right": {
					"rotation": ["-0-math.cos(q.anim_time*90*4-90)*-2", 5, 0]
				},
				"antenna_right2": {
					"rotation": ["-5-math.cos(q.anim_time*90*4-180)*-4.75", 0, 0]
				},
				"torso": {
					"rotation": ["-0-math.cos(q.anim_time*90*4-0)*-0.75", 0, 0]
				},
				"tail": {
					"rotation": ["2.5-math.cos(q.anim_time*90*4-30)*-1", 0, 0]
				},
				"tail2": {
					"rotation": ["1.5-math.cos(q.anim_time*90*4-60)*-1", 0, 0],
					"position": [0, -0.05, 0]
				},
				"tail3": {
					"rotation": ["2-math.cos(q.anim_time*90*4-90)*-1.5", 0, 0]
				},
				"tail4": {
					"rotation": ["7.5-math.cos(q.anim_time*90*4-120)*-2.5", 0, 0]
				},
				"leg_front_left2": {
					"rotation": [0, -10, "-7.5-math.cos(q.anim_time*90*4-60)*-1"]
				},
				"toe_inner_front_left": {
					"rotation": [0, 0, -32.5]
				},
				"toe_outer_front_left": {
					"rotation": [0, 0, 30]
				},
				"leg_back_left2": {
					"rotation": [0, -10, "-24-math.cos(q.anim_time*90*4-60)*-1"]
				},
				"toe_inner_back_left": {
					"rotation": [0, 0, -32.5]
				},
				"toe_outer_back_left": {
					"rotation": [0, 0, 30]
				},
				"leg_front_right2": {
					"rotation": [0, 10, "7.5+math.cos(q.anim_time*90*4-60)*-1"]
				},
				"toe_inner_front_right": {
					"rotation": [0, 0, 32.5]
				},
				"toe_outer_front_right": {
					"rotation": [0, 0, -30]
				},
				"leg_back_right2": {
					"rotation": [0, 10, "24+math.cos(q.anim_time*90*4-60)*-1"]
				},
				"toe_inner_back_right": {
					"rotation": [0, 0, 32.5]
				},
				"toe_outer_back_right": {
					"rotation": [0, 0, -30]
				}
			}
		},
		"animation.vibrava.blink": {
			"animation_length": 0.1667,
			"bones": {
				"eyelid_left": {
					"position": {
						"0.0": [2, 0, 0],
						"0.125": [2, 0, 0],
						"0.1667": [0, 0, 0]
					}
				},
				"eyelid_right": {
					"position": {
						"0.0": [-2, 0, 0],
						"0.125": [-2, 0, 0],
						"0.1667": [0, 0, 0]
					}
				}
			}
		},
		"animation.vibrava.cry": {
			"animation_length": 1.375,
			"bones": {
				"tail": {
					"rotation": {
						"0.0": [0, 0, 0],
						"0.125": {
							"pre": [2.5, 0, 0],
							"post": [2.5, 0, 0],
							"lerp_mode": "catmullrom"
						},
						"0.75": {
							"post": [5, 0, 0],
							"lerp_mode": "catmullrom"
						},
						"1.0417": [0, 0, 0]
					}
				},
				"tail2": {
					"rotation": {
						"0.0": [0, 0, 0],
						"0.125": {
							"pre": [2.5, 0, 0],
							"post": [2.5, 0, 0],
							"lerp_mode": "catmullrom"
						},
						"0.2917": {
							"post": [0, 0, 0],
							"lerp_mode": "catmullrom"
						},
						"0.375": {
							"post": [2.5, 0, 0],
							"lerp_mode": "catmullrom"
						},
						"0.5": {
							"post": [5, 0, 0],
							"lerp_mode": "catmullrom"
						},
						"0.5833": {
							"post": [1, 0, 0],
							"lerp_mode": "catmullrom"
						},
						"0.6667": {
							"post": [2.5, 0, 0],
							"lerp_mode": "catmullrom"
						},
						"0.8333": {
							"post": [5, 0, 0],
							"lerp_mode": "catmullrom"
						},
						"1.0": [0, 0, 0]
					}
				},
				"tail3": {
					"rotation": {
						"0.0": [0, 0, 0],
						"0.0833": {
							"pre": [2.5, 0, 0],
							"post": [2.5, 0, 0],
							"lerp_mode": "catmullrom"
						},
						"0.2083": {
							"post": [2.5, 0, 0],
							"lerp_mode": "catmullrom"
						},
						"0.3333": {
							"post": [5, 0, 0],
							"lerp_mode": "catmullrom"
						},
						"0.5417": {
							"post": [7.5, 0, 0],
							"lerp_mode": "catmullrom"
						},
						"0.7083": {
							"post": [10, 0, 0],
							"lerp_mode": "catmullrom"
						},
						"0.9167": {
							"post": [12.5, 0, 0],
							"lerp_mode": "catmullrom"
						},
						"1.125": [0, 0, 0]
					}
				},
				"tail4": {
					"rotation": {
						"0.0": [0, 0, 0],
						"0.0833": {
							"pre": [-5, 0, 0],
							"post": [-5, 0, 0],
							"lerp_mode": "catmullrom"
						},
						"0.1667": {
							"post": ["2.5-math.cos(q.anim_time*90*32-30)*-1.75", 0, 0],
							"lerp_mode": "catmullrom"
						},
						"0.875": {
							"post": ["5-math.cos(q.anim_time*90*42-30)*-3.35", 0, 0],
							"lerp_mode": "catmullrom"
						},
						"1.25": [0, 0, 0]
					}
				},
				"head": {
					"rotation": {
						"0.0": [0, 0, 0],
						"0.0833": {
							"pre": [1.5, 0, 0],
							"post": [1.5, 0, 0],
							"lerp_mode": "catmullrom"
						},
						"0.1667": {
							"post": [-1.5, 0, 0],
							"lerp_mode": "catmullrom"
						},
						"0.25": {
							"post": [0, 0, 0],
							"lerp_mode": "catmullrom"
						},
						"0.3333": {
							"post": [-4, 0, 0],
							"lerp_mode": "catmullrom"
						},
						"0.5": {
							"post": [-2.5, 0, 0],
							"lerp_mode": "catmullrom"
						},
						"0.5833": {
							"post": [-5.5, 0, 0],
							"lerp_mode": "catmullrom"
						},
						"0.8333": {
							"post": [-7, 0, 0],
							"lerp_mode": "catmullrom"
						},
						"1.125": [0, 0, 0]
					}
				},
				"antenna_left": {
					"rotation": {
						"0.0": [0, 0, 0],
						"0.125": {
							"pre": [1.5, 0, 0],
							"post": [1.5, 0, 0],
							"lerp_mode": "catmullrom"
						},
						"0.2083": {
							"post": [-1.5, 0, 0],
							"lerp_mode": "catmullrom"
						},
						"0.2917": {
							"post": [0, 0, 0],
							"lerp_mode": "catmullrom"
						},
						"0.375": {
							"post": [-4, 0, 0],
							"lerp_mode": "catmullrom"
						},
						"0.5417": {
							"post": [-2.5, 0, 0],
							"lerp_mode": "catmullrom"
						},
						"0.625": {
							"post": [-5.5, 0, 0],
							"lerp_mode": "catmullrom"
						},
						"0.9583": {
							"post": [-7, 0, 0],
							"lerp_mode": "catmullrom"
						},
						"1.25": [0, 0, 0]
					}
				},
				"antenna_left2": {
					"rotation": {
						"0.0": [0, 0, 0],
						"0.1667": {
							"pre": [1.5, 0, 0],
							"post": [1.5, 0, 0],
							"lerp_mode": "catmullrom"
						},
						"0.25": {
							"post": [-1.5, 0, 0],
							"lerp_mode": "catmullrom"
						},
						"0.3333": {
							"post": [0, 0, 0],
							"lerp_mode": "catmullrom"
						},
						"0.4167": {
							"post": [-4, 0, 0],
							"lerp_mode": "catmullrom"
						},
						"0.5833": {
							"post": [2.5, 0, 0],
							"lerp_mode": "catmullrom"
						},
						"0.7083": {
							"post": [-5.5, 0, 0],
							"lerp_mode": "catmullrom"
						},
						"1.0417": {
							"post": [-9.5, 0, 0],
							"lerp_mode": "catmullrom"
						},
						"1.375": [0, 0, 0]
					}
				},
				"antenna_right": {
					"rotation": {
						"0.0": [0, 0, 0],
						"0.125": {
							"pre": [1.5, 0, 0],
							"post": [1.5, 0, 0],
							"lerp_mode": "catmullrom"
						},
						"0.2083": {
							"post": [-1.5, 0, 0],
							"lerp_mode": "catmullrom"
						},
						"0.2917": {
							"post": [0, 0, 0],
							"lerp_mode": "catmullrom"
						},
						"0.375": {
							"post": [-4, 0, 0],
							"lerp_mode": "catmullrom"
						},
						"0.5417": {
							"post": [-2.5, 0, 0],
							"lerp_mode": "catmullrom"
						},
						"0.625": {
							"post": [-5.5, 0, 0],
							"lerp_mode": "catmullrom"
						},
						"0.9583": {
							"post": [-7, 0, 0],
							"lerp_mode": "catmullrom"
						},
						"1.25": [0, 0, 0]
					}
				},
				"antenna_right2": {
					"rotation": {
						"0.0": [0, 0, 0],
						"0.1667": {
							"pre": [1.5, 0, 0],
							"post": [1.5, 0, 0],
							"lerp_mode": "catmullrom"
						},
						"0.25": {
							"post": [-1.5, 0, 0],
							"lerp_mode": "catmullrom"
						},
						"0.3333": {
							"post": [0, 0, 0],
							"lerp_mode": "catmullrom"
						},
						"0.4167": {
							"post": [-4, 0, 0],
							"lerp_mode": "catmullrom"
						},
						"0.5833": {
							"post": [2.5, 0, 0],
							"lerp_mode": "catmullrom"
						},
						"0.7083": {
							"post": [-5.5, 0, 0],
							"lerp_mode": "catmullrom"
						},
						"1.0417": {
							"post": [-9.5, 0, 0],
							"lerp_mode": "catmullrom"
						},
						"1.375": [0, 0, 0]
					}
				},
				"mouth_closed": {
					"position": {
						"0.0": [0, 0, 0],
						"0.125": {"pre": [0, 0, 0], "post": [0, 0.1, 0]},
						"0.2083": {"pre": [0, 0.1, 0], "post": [0, 0.1, 0]},
						"0.25": {"pre": [0, 0.1, 0], "post": [0, 0, 0]},
						"0.2917": {"pre": [0, 0, 0], "post": [0, 0.1, 0]},
						"0.4167": {"pre": [0, 0.1, 0], "post": [0, 0.1, 0]},
						"0.4583": {"pre": [0, 0.1, 0], "post": [0, 0, 0]},
						"0.5417": {"pre": [0, 0, 0], "post": [0, 0.1, 0]},
						"1.0": {"pre": [0, 0.1, 0], "post": [0, 0, 0]}
					}
				},
				"mouth_open": {
					"position": {
						"0.0": [0, 0, 0],
						"0.125": {"pre": [0, 0, 0], "post": [0, -0.1, 0]},
						"0.2083": {"pre": [0, -0.1, 0], "post": [0, -0.1, 0]},
						"0.25": {"pre": [0, -0.1, 0], "post": [0, 0, 0]},
						"0.2917": {"pre": [0, 0, 0], "post": [0, -0.1, 0]},
						"0.4167": {"pre": [0, -0.1, 0], "post": [0, -0.1, 0]},
						"0.4583": {"pre": [0, -0.1, 0], "post": [0, 0, 0]},
						"0.5417": {"pre": [0, 0, 0], "post": [0, -0.1, 0]},
						"1.0": {"pre": [0, -0.1, 0], "post": [0, 0, 0]}
					}
				},
				"wing_front_left_rotation": {
					"rotation": {
						"0.0": [0, 0, 0],
						"0.1667": {
							"pre": [0, 0, "-0-math.cos(q.anim_time*90*32-30)*1.75"],
							"post": [0, 0, "-0-math.cos(q.anim_time*90*32-30)*1.75"],
							"lerp_mode": "catmullrom"
						},
						"0.875": {
							"post": [0, 0, "-0-math.cos(q.anim_time*90*42-30)*2.5"],
							"lerp_mode": "catmullrom"
						},
						"1.2917": [0, 0, 0]
					}
				},
				"wing_back_left_rotation": {
					"rotation": {
						"0.0": [0, 0, 0],
						"0.1667": {
							"pre": [0, 0, "-0-math.cos(q.anim_time*90*32-30)*-1.75"],
							"post": [0, 0, "-0-math.cos(q.anim_time*90*32-30)*-1.75"],
							"lerp_mode": "catmullrom"
						},
						"0.875": {
							"post": [0, 0, "-0-math.cos(q.anim_time*90*42-30)*-2.5"],
							"lerp_mode": "catmullrom"
						},
						"1.2917": [0, 0, 0]
					}
				},
				"wing_front_right_rotation": {
					"rotation": {
						"0.0": [0, 0, 0],
						"0.1667": {
							"pre": [0, 0, "0+math.cos(q.anim_time*90*32-30)*1.75"],
							"post": [0, 0, "0+math.cos(q.anim_time*90*32-30)*1.75"],
							"lerp_mode": "catmullrom"
						},
						"0.875": {
							"post": [0, 0, "0+math.cos(q.anim_time*90*42-30)*2.5"],
							"lerp_mode": "catmullrom"
						},
						"1.2917": [0, 0, 0]
					}
				},
				"wing_back_right_rotation": {
					"rotation": {
						"0.0": [0, 0, 0],
						"0.1667": {
							"pre": [0, 0, "0+math.cos(q.anim_time*90*32-30)*-1.75"],
							"post": [0, 0, "0+math.cos(q.anim_time*90*32-30)*-1.75"],
							"lerp_mode": "catmullrom"
						},
						"0.875": {
							"post": [0, 0, "0+math.cos(q.anim_time*90*42-30)*-2.5"],
							"lerp_mode": "catmullrom"
						},
						"1.2917": [0, 0, 0]
					}
				}
			},
			"sound_effects": {
				"0.125": {
					"effect": "pokemon.vibrava.cry"
				}
			}
		}
	}
}