{
	"format_version": "1.8.0",
	"animations": {
		"animation.grafaiai.ground_idle": {
			"loop": true,
			"bones": {
				"torso2": {
					"rotation": [15, 0, 0]
				},
				"arm_left": {
					"rotation": [21.65, 48.89, 63.96],
					"position": [0, -0.75, -0.75]
				},
				"hand_left": {
					"rotation": [-96.45102, -53.29201, 226.73474]
				},
				"finger_left_middle": {
					"rotation": [0, 0, 7.5]
				},
				"finger_left_middle2": {
					"rotation": [0, 0, "85-math.cos(q.anim_time*90*2-60)*-1.2"]
				},
				"head_angle": {
					"rotation": ["-20+math.cos(q.anim_time*90*2-60)*1.5", -5, "-2.5-math.cos(q.anim_time*90*1-60)*2"]
				},
				"leg_left": {
					"rotation": ["-55+math.cos(q.anim_time*90*2-0)*1", -35, 0],
					"position": [0, -0.075, 0]
				},
				"foot_left": {
					"rotation": ["-40+math.cos(q.anim_time*90*2-0)*-2", 0, 0]
				},
				"ear_right": {
					"rotation": [0, "-5+math.cos(q.anim_time*90*2-150)*-2", "10-math.cos(q.anim_time*90*2-150)*1.25"]
				},
				"finger_left2": {
					"rotation": [0, -14.50644, 5]
				},
				"finger_left_tip2": {
					"rotation": [0, 0, 82.5]
				},
				"finger_left": {
					"rotation": [0, 15, 10]
				},
				"finger_left_tip": {
					"rotation": [0, 0, 80]
				},
				"arm_right": {
					"rotation": [-7.56928, -34.22348, -13.63548]
				},
				"arm_right2": {
					"rotation": [0, "-85+math.cos(q.anim_time*90*2-30)*2", 0]
				},
				"hand_right": {
					"rotation": [0, -52.5, 0]
				},
				"finger_right_middle": {
					"rotation": ["-0+math.cos(q.anim_time*90*2-60)*1.25", 0, 45]
				},
				"finger_right_middle2": {
					"rotation": [0, 0, "-67.5-math.cos(q.anim_time*90*2-90)*1.75"]
				},
				"finger_right2": {
					"rotation": [0, 15, -12.5]
				},
				"finger_right_tip2": {
					"rotation": [0, 0, -82.5]
				},
				"finger_right": {
					"rotation": [0, -15, -15]
				},
				"finger_right_tip": {
					"rotation": [0, 0, -80]
				},
				"torso": {
					"rotation": ["10+math.cos(q.anim_time*90*2-0)*1", 0, 0]
				},
				"arm_left2": {
					"rotation": [0, "40+math.cos(q.anim_time*90*2-0)*2", "0-math.cos(q.anim_time*90*2-0)*1.5"]
				},
				"ear_left": {
					"rotation": [0, "5-math.cos(q.anim_time*90*2-150)*-2", "-10+math.cos(q.anim_time*90*2-150)*1.25"]
				},
				"leg_left2": {
					"rotation": [55, 0, 0]
				},
				"body": {
					"rotation": [0, 10, 0],
					"position": [0, 0.25, 0]
				},
				"head_tuft_back": {
					"rotation": [-15, 0, 0]
				},
				"tail": {
					"rotation": ["-45+math.cos(q.anim_time*90*2-60)*1", "-0+math.cos(q.anim_time*90*1-60)*-1", 0]
				},
				"tail2": {
					"rotation": ["40+math.cos(q.anim_time*90*2-120)*2", "-0+math.cos(q.anim_time*90*1-120)*-2.5", 0]
				},
				"tail3": {
					"rotation": ["35+math.cos(q.anim_time*90*2-180)*3", "-0+math.cos(q.anim_time*90*1-180)*-5", 0]
				},
				"tail4": {
					"rotation": ["30+math.cos(q.anim_time*90*2-240)*6", "-0+math.cos(q.anim_time*90*1-240)*-8", 0]
				},
				"hair": {
					"rotation": [-5, 0, 0]
				},
				"hair2": {
					"rotation": ["-45+math.cos(q.anim_time*90*2-150)*4", 0, 0]
				},
				"finger_left_middle_tip": {
					"rotation": [0, 0, "80-math.cos(q.anim_time*90*2-90)*-2"],
					"position": [0, 0.5, 0]
				},
				"toes_left": {
					"rotation": ["-50+math.cos(q.anim_time*90*2-0)*1", 0, 0]
				},
				"leg_right": {
					"rotation": ["-55+math.cos(q.anim_time*90*2-0)*1", 35, 0],
					"position": [0, -0.075, 0]
				},
				"leg_right2": {
					"rotation": [55, 0, 0]
				},
				"foot_right": {
					"rotation": ["-40+math.cos(q.anim_time*90*2-0)*-2", 0, 0]
				},
				"toes_right": {
					"rotation": ["-50+math.cos(q.anim_time*90*2-0)*1", 0, 0]
				},
				"finger_left_drip": {
					"position": [0, 0.2, 0],
					"scale": 0.1
				},
				"finger_left_drip2": {
					"position": [0, 0.25, 0],
					"scale": 0.1
				},
				"arms_torso": {
					"rotation": ["10+math.cos(q.anim_time*90*2-0)*1.5", 0, 0]
				},
				"arms_torso2": {
					"rotation": [15, 0, 0]
				},
				"locator_item_face": {
					"position": [0, -0.5, 0]
				},
				"neck": {
					"rotation": ["-0+math.cos(q.anim_time*90*2-30)*1.2", 0, 0]
				},
				"finger_right_middle_tip": {
					"rotation": [0, 0, "-4-math.cos(q.anim_time*90*2-120)*3"]
				}
			}
		},
		"animation.grafaiai.ground_walk": {
			"loop": true,
			"animation_length": 1.3333,
			"bones": {
				"torso2": {
					"rotation": [15, 0, 0]
				},
				"arm_left": {
					"rotation": {
						"0.0": [30.64643, 29.62884, 31.82171],
						"0.3333": {
							"pre": [11.8337, 17.74284, 9.10397],
							"post": [11.8337, 17.74284, 9.10397],
							"lerp_mode": "catmullrom"
						},
						"0.6667": [11.10065, 62.00582, 11.77137],
						"1.3333": [30.64643, 29.62884, 31.82171]
					},
					"position": {
						"0.0": [0, 0, -0.3],
						"0.6667": [0, 0, -0.8],
						"1.3333": [0, 0, -0.3]
					}
				},
				"hand_left": {
					"rotation": {
						"0.0": [-4.93372, 2.78708, -52.60507],
						"0.2083": {
							"pre": [-8.56475, 20.13208, 16.84512],
							"post": [-8.56475, 20.13208, 16.84512],
							"lerp_mode": "catmullrom"
						},
						"0.5": {
							"post": [-10.1925, 15.02992, -30.48042],
							"lerp_mode": "catmullrom"
						},
						"0.6667": [-14.34804, 6.07311, -34.87887],
						"1.0": [-6.81135, 2.84182, -42.92051],
						"1.3333": [-4.93372, 2.78708, -52.60507]
					}
				},
				"finger_left_middle": {
					"rotation": {
						"0.0": [0, 0, -25],
						"0.125": {
							"pre": [0, 0, -60],
							"post": [0, 0, -60],
							"lerp_mode": "catmullrom"
						},
						"0.3333": {
							"post": [0, 0, -37.5],
							"lerp_mode": "catmullrom"
						},
						"0.6667": [0, 0, -42.5],
						"1.0": [0, 0, -31.25],
						"1.3333": [0, 0, -25]
					}
				},
				"finger_left_middle2": {
					"rotation": {
						"0.0": [0, 0, 35],
						"0.125": {
							"pre": [0, 0, 32.5],
							"post": [0, 0, 32.5],
							"lerp_mode": "catmullrom"
						},
						"0.2083": {
							"post": [0, 0, 25],
							"lerp_mode": "catmullrom"
						},
						"0.3333": {
							"post": [0, 0, 57.5],
							"lerp_mode": "catmullrom"
						},
						"0.6667": [0, 0, 67.5],
						"1.3333": [0, 0, 35]
					},
					"position": [0, 0, 0]
				},
				"head_angle": {
					"rotation": ["-27.5+math.cos(q.anim_time*90*6-90)*1.85", 0, 0]
				},
				"leg_left": {
					"rotation": {
						"0.0": [-51.55875, -23.16282, 3.23867],
						"0.6667": [-24.66961, -12.32736, -3.81832],
						"1.0": {
							"pre": [-48.11418, -17.74509, -0.28982],
							"post": [-48.11418, -17.74509, -0.28982],
							"lerp_mode": "catmullrom"
						},
						"1.3333": [-51.55875, -23.16282, 3.23867]
					},
					"position": {
						"0.0": [0, 0.3, 0.5],
						"0.1667": [0, 0.27, 0.83],
						"0.3333": [0, 0.25, 0.85],
						"0.5": [0, 0.12, 1.03],
						"0.6667": [0, -0.2, 1.2],
						"1.0": {
							"pre": [0, 0.8, 1],
							"post": [0, 0.8, 1],
							"lerp_mode": "catmullrom"
						},
						"1.3333": [0, 0.3, 0.5]
					}
				},
				"foot_left": {
					"rotation": {
						"0.0": [-53.90532, 4.32875, 2.50477],
						"0.6667": [-22.40532, 4.32875, 2.50477],
						"1.0": {
							"pre": [-33.15532, 4.32875, 2.50477],
							"post": [-33.15532, 4.32875, 2.50477],
							"lerp_mode": "catmullrom"
						},
						"1.1667": {
							"post": [-50.95336, 3.04093, 2.94949],
							"lerp_mode": "catmullrom"
						},
						"1.3333": [-53.90532, 4.32875, 2.50477]
					},
					"position": {
						"0.0": [0, 0, 0],
						"0.6667": [0, 0, 0],
						"1.0": {
							"pre": [0, 0.3, 0.1],
							"post": [0, 0.3, 0.1],
							"lerp_mode": "catmullrom"
						},
						"1.3333": [0, 0, 0]
					}
				},
				"ear_right": {
					"rotation": [0, "15-math.cos(q.anim_time*90*6-150)*4", 10]
				},
				"finger_left2": {
					"rotation": {
						"0.0": [0, -5, -5],
						"0.125": {
							"pre": [1.99361, -4.54314, -28.73056],
							"post": [1.99361, -4.54314, -28.73056],
							"lerp_mode": "catmullrom"
						},
						"0.2083": {
							"post": [1.29717, -4.82922, -20.0547],
							"lerp_mode": "catmullrom"
						},
						"0.5": {
							"post": [0.37, -4.91, -9.35],
							"lerp_mode": "catmullrom"
						},
						"0.6667": [0, -5, -5],
						"1.3333": [0, -5, -5]
					},
					"position": {
						"0.0": [-0.2, 0, 0],
						"0.2083": {
							"pre": [-0.7, 0, 0],
							"post": [-0.7, 0, 0],
							"lerp_mode": "catmullrom"
						},
						"0.5": {
							"post": [-0.39, 0, 0],
							"lerp_mode": "catmullrom"
						},
						"0.6667": [-0.2, 0, 0],
						"1.3333": [-0.2, 0, 0]
					}
				},
				"finger_left_tip2": {
					"rotation": {
						"0.0": [0, 0, 10],
						"0.125": {
							"pre": [0, 0, 3.58],
							"post": [0, 0, 3.58],
							"lerp_mode": "catmullrom"
						},
						"0.2083": {
							"post": [0, 0, 57.5],
							"lerp_mode": "catmullrom"
						},
						"0.5": {
							"post": [0, 0, 22.5],
							"lerp_mode": "catmullrom"
						},
						"0.6667": [0, 0, 10],
						"1.3333": [0, 0, 10]
					},
					"position": {
						"0.0": [0, 0, 0],
						"0.2083": {
							"pre": [-0.13, 0.04, 0],
							"post": [-0.13, 0.04, 0],
							"lerp_mode": "catmullrom"
						},
						"0.5": {
							"post": [0, 0, 0],
							"lerp_mode": "catmullrom"
						},
						"0.6667": [0, 0, 0],
						"1.3333": [0, 0, 0]
					}
				},
				"finger_left": {
					"rotation": {
						"0.0": [0, 5, -5],
						"0.125": {
							"pre": [-1.99361, 4.54314, -28.73056],
							"post": [-1.99361, 4.54314, -28.73056],
							"lerp_mode": "catmullrom"
						},
						"0.2083": {
							"post": [-1.29717, 4.82922, -20.0547],
							"lerp_mode": "catmullrom"
						},
						"0.5": {
							"post": [-0.37, 4.91, -9.35],
							"lerp_mode": "catmullrom"
						},
						"0.6667": [0, 5, -5],
						"1.3333": [0, 5, -5]
					},
					"position": {
						"0.0": [-0.2, 0, 0],
						"0.2083": {
							"pre": [-0.7, 0, 0],
							"post": [-0.7, 0, 0],
							"lerp_mode": "catmullrom"
						},
						"0.5": {
							"post": [-0.39, 0, 0],
							"lerp_mode": "catmullrom"
						},
						"0.6667": [-0.2, 0, 0],
						"1.3333": [-0.2, 0, 0]
					}
				},
				"finger_left_tip": {
					"rotation": [0, 0, 10]
				},
				"arm_right": {
					"rotation": {
						"0.0": [11.10065, -62.00582, -11.77137],
						"0.6667": [30.64643, -29.62884, -31.82171],
						"1.0": {
							"pre": [11.8337, -17.74284, -9.10397],
							"post": [11.8337, -17.74284, -9.10397],
							"lerp_mode": "catmullrom"
						},
						"1.3333": [11.10065, -62.00582, -11.77137]
					},
					"position": {
						"0.0": [0, 0, -0.8],
						"0.6667": [0, 0, -0.3],
						"1.3333": [0, 0, -0.8]
					}
				},
				"arm_right2": {
					"rotation": {
						"0.0": [-2.1614, -10, 19.99822],
						"0.3333": [-7.94175, -29.98596, 26.75482],
						"0.6667": [-12.00648, -45.05096, 34.27041],
						"1.0": {
							"pre": [-23.73693, -29.18119, 63.13079],
							"post": [-23.73693, -29.18119, 63.13079],
							"lerp_mode": "catmullrom"
						},
						"1.3333": [-2.1614, -10, 19.99822]
					}
				},
				"hand_right": {
					"rotation": {
						"0.0": [-14.34804, -6.07311, 34.87887],
						"0.3333": [-6.81135, -2.84182, 42.92051],
						"0.6667": [-4.93372, -2.78708, 52.60507],
						"0.875": {
							"pre": [-8.56475, -20.13208, -16.84512],
							"post": [-8.56475, -20.13208, -16.84512],
							"lerp_mode": "catmullrom"
						},
						"1.1667": {
							"post": [-10.1925, -15.02992, 30.48042],
							"lerp_mode": "catmullrom"
						},
						"1.3333": [-14.34804, -6.07311, 34.87887]
					}
				},
				"finger_right_middle": {
					"rotation": {
						"0.0": [0, 0, 42.5],
						"0.3333": [0, 0, 31.25],
						"0.6667": [0, 0, 25],
						"0.7917": {
							"pre": [0, 0, 60],
							"post": [0, 0, 60],
							"lerp_mode": "catmullrom"
						},
						"1.0": {
							"post": [0, 0, 37.5],
							"lerp_mode": "catmullrom"
						},
						"1.3333": [0, 0, 42.5]
					}
				},
				"finger_right_middle2": {
					"rotation": {
						"0.0": [0, 0, -67.5],
						"0.6667": [0, 0, -35],
						"0.7917": {
							"pre": [0, 0, -32.5],
							"post": [0, 0, -32.5],
							"lerp_mode": "catmullrom"
						},
						"0.875": {
							"post": [0, 0, -25],
							"lerp_mode": "catmullrom"
						},
						"1.0": {
							"post": [0, 0, -57.5],
							"lerp_mode": "catmullrom"
						},
						"1.3333": [0, 0, -67.5]
					}
				},
				"finger_right2": {
					"rotation": {
						"0.0": [0, 5, 5],
						"0.6667": [0, 5, 5],
						"0.7917": {
							"pre": [1.99361, 4.54314, 28.73056],
							"post": [1.99361, 4.54314, 28.73056],
							"lerp_mode": "catmullrom"
						},
						"0.875": {
							"post": [1.29717, 4.82922, 20.0547],
							"lerp_mode": "catmullrom"
						},
						"1.1667": {
							"post": [0.37, 4.91, 9.35],
							"lerp_mode": "catmullrom"
						},
						"1.3333": [0, 5, 5]
					},
					"position": {
						"0.0": [0.2, 0, 0],
						"0.6667": [0.2, 0, 0],
						"0.875": {
							"pre": [0.7, 0, 0],
							"post": [0.7, 0, 0],
							"lerp_mode": "catmullrom"
						},
						"1.1667": {
							"post": [0.39, 0, 0],
							"lerp_mode": "catmullrom"
						},
						"1.3333": [0.2, 0, 0]
					}
				},
				"finger_right_tip2": {
					"rotation": {
						"0.0": [0, 0, -10],
						"0.6667": [0, 0, -10],
						"0.7917": {
							"pre": [0, 0, -3.58],
							"post": [0, 0, -3.58],
							"lerp_mode": "catmullrom"
						},
						"0.875": {
							"post": [0, 0, -57.5],
							"lerp_mode": "catmullrom"
						},
						"1.1667": {
							"post": [0, 0, -22.5],
							"lerp_mode": "catmullrom"
						},
						"1.3333": [0, 0, -10]
					},
					"position": {
						"0.0": [0, 0, 0],
						"0.6667": [0, 0, 0],
						"0.875": {
							"pre": [0.13, 0.04, 0],
							"post": [0.13, 0.04, 0],
							"lerp_mode": "catmullrom"
						},
						"1.1667": {
							"post": [0, 0, 0],
							"lerp_mode": "catmullrom"
						},
						"1.3333": [0, 0, 0]
					}
				},
				"finger_right": {
					"rotation": {
						"0.0": [0, -5, 5],
						"0.6667": [0, -5, 5],
						"0.7917": {
							"pre": [-1.99361, -4.54314, 28.73056],
							"post": [-1.99361, -4.54314, 28.73056],
							"lerp_mode": "catmullrom"
						},
						"0.875": {
							"post": [-1.29717, -4.82922, 20.0547],
							"lerp_mode": "catmullrom"
						},
						"1.1667": {
							"post": [-0.37, -4.91, 9.35],
							"lerp_mode": "catmullrom"
						},
						"1.3333": [0, -5, 5]
					},
					"position": {
						"0.0": [0.2, 0, 0],
						"0.6667": [0.2, 0, 0],
						"0.875": {
							"pre": [0.7, 0, 0],
							"post": [0.7, 0, 0],
							"lerp_mode": "catmullrom"
						},
						"1.1667": {
							"post": [0.39, 0, 0],
							"lerp_mode": "catmullrom"
						},
						"1.3333": [0.2, 0, 0]
					}
				},
				"finger_right_tip": {
					"rotation": [0, 0, -10]
				},
				"torso": {
					"rotation": ["10+math.cos(q.anim_time*90*6-0)*1", 0, 0],
					"position": [0, "0-math.cos(q.anim_time*90*6-0)*0.15", "0-math.cos(q.anim_time*90*6-0)*0.1"]
				},
				"arm_left2": {
					"rotation": {
						"0.0": [-12.00648, 45.05096, -34.27041],
						"0.3333": {
							"pre": [-23.73693, 29.18119, -63.13079],
							"post": [-23.73693, 29.18119, -63.13079],
							"lerp_mode": "catmullrom"
						},
						"0.6667": [-2.1614, 10, -19.99822],
						"1.0": [-7.94175, 29.98596, -26.75482],
						"1.3333": [-12.00648, 45.05096, -34.27041]
					}
				},
				"ear_left": {
					"rotation": [0, "-15+math.cos(q.anim_time*90*6-150)*4", -10]
				},
				"leg_left2": {
					"rotation": {
						"0.0": [32.89875, 8.42145, 5.41207],
						"0.6667": [12.47178, -0.65182, 4.95744],
						"1.0": {
							"pre": [32.68527, 3.88482, 5.18476],
							"post": [32.68527, 3.88482, 5.18476],
							"lerp_mode": "catmullrom"
						},
						"1.3333": [32.89875, 8.42145, 5.41207]
					},
					"position": {
						"0.0": [0, 0, 0],
						"0.6667": [0, 0, 0],
						"1.0": {
							"pre": [0, 0.4, 0],
							"post": [0, 0.4, 0],
							"lerp_mode": "catmullrom"
						},
						"1.3333": [0, 0, 0]
					}
				},
				"body": {
					"rotation": [25, 0, 0],
					"position": [0, -0.35, 0]
				},
				"head_tuft_back": {
					"rotation": [-15, 0, 0]
				},
				"tail": {
					"rotation": ["-47.5+math.cos(q.anim_time*90*6-60)*1.25", "-0+math.cos(q.anim_time*90*3-90)*1.25", 0],
					"position": [0, -0.4, 0]
				},
				"tail2": {
					"rotation": ["25+math.cos(q.anim_time*90*6-120)*2.75", "math.cos(q.anim_time*90*3-150)*3.75", 0]
				},
				"tail3": {
					"rotation": ["30+math.cos(q.anim_time*90*6-180)*4", "math.cos(q.anim_time*90*3-210)*6", 0]
				},
				"tail4": {
					"rotation": ["22.5+math.cos(q.anim_time*90*6-240)*8", "-0+math.cos(q.anim_time*90*3-260)*12", 0]
				},
				"hair": {
					"rotation": [-5, 0, 0]
				},
				"hair2": {
					"rotation": ["-45+math.cos(q.anim_time*90*6-150)*5", 0, 0]
				},
				"finger_left_middle_tip": {
					"rotation": {
						"0.0": [0, 0, 0],
						"0.125": {
							"pre": [0, 0, -0.9],
							"post": [0, 0, -0.9],
							"lerp_mode": "catmullrom"
						},
						"0.2083": {
							"post": [0, 0, -4.08],
							"lerp_mode": "catmullrom"
						},
						"0.3333": {
							"post": [0, 0, 42.5],
							"lerp_mode": "catmullrom"
						},
						"0.6667": [0, 0, -10],
						"1.3333": [0, 0, 0]
					},
					"position": [0, 0, 0]
				},
				"toes_left": {
					"rotation": {
						"0.0": [-42.5, 0, 0],
						"0.6667": [-77.5, 0, 0],
						"1.0": {
							"pre": [-47.39525, -1.76805, 0.50808],
							"post": [-47.39525, -1.76805, 0.50808],
							"lerp_mode": "catmullrom"
						},
						"1.3333": [-42.5, 0, 0]
					}
				},
				"leg_right": {
					"rotation": {
						"0.0": [-24.66961, 12.32736, 3.81832],
						"0.3333": {
							"pre": [-48.11418, 17.74509, 0.28982],
							"post": [-48.11418, 17.74509, 0.28982],
							"lerp_mode": "catmullrom"
						},
						"0.6667": [-51.55875, 23.16282, -3.23867],
						"1.3333": [-24.66961, 12.32736, 3.81832]
					},
					"position": {
						"0.0": [0, -0.2, 1.2],
						"0.3333": {
							"pre": [0, 0.8, 1],
							"post": [0, 0.8, 1],
							"lerp_mode": "catmullrom"
						},
						"0.6667": [0, 0.3, 0.5],
						"0.8333": [0, 0.27, 0.83],
						"1.0": [0, 0.25, 0.85],
						"1.1667": [0, 0.12, 1.03],
						"1.3333": [0, -0.2, 1.2]
					}
				},
				"leg_right2": {
					"rotation": {
						"0.0": [12.47178, 0.65182, -4.95744],
						"0.3333": {
							"pre": [32.68527, -3.88482, -5.18476],
							"post": [32.68527, -3.88482, -5.18476],
							"lerp_mode": "catmullrom"
						},
						"0.6667": [32.89875, -8.42145, -5.41207],
						"1.3333": [12.47178, 0.65182, -4.95744]
					},
					"position": {
						"0.0": [0, 0, 0],
						"0.3333": {
							"pre": [0, 0.4, 0],
							"post": [0, 0.4, 0],
							"lerp_mode": "catmullrom"
						},
						"0.6667": [0, 0, 0],
						"1.3333": [0, 0, 0]
					}
				},
				"foot_right": {
					"rotation": {
						"0.0": [-22.40532, -4.32875, -2.50477],
						"0.3333": {
							"pre": [-33.15532, -4.32875, -2.50477],
							"post": [-33.15532, -4.32875, -2.50477],
							"lerp_mode": "catmullrom"
						},
						"0.5": {
							"post": [-50.95336, -3.04093, -2.94949],
							"lerp_mode": "catmullrom"
						},
						"0.6667": [-53.90532, -4.32875, -2.50477],
						"1.3333": [-22.40532, -4.32875, -2.50477]
					},
					"position": {
						"0.0": [0, 0, 0],
						"0.3333": {
							"pre": [0, 0.3, 0.1],
							"post": [0, 0.3, 0.1],
							"lerp_mode": "catmullrom"
						},
						"0.6667": [0, 0, 0],
						"1.3333": [0, 0, 0]
					}
				},
				"toes_right": {
					"rotation": {
						"0.0": [-77.5, 0, 0],
						"0.3333": {
							"pre": [-47.39525, 1.76805, -0.50808],
							"post": [-47.39525, 1.76805, -0.50808],
							"lerp_mode": "catmullrom"
						},
						"0.6667": [-42.5, 0, 0],
						"1.3333": [-77.5, 0, 0]
					}
				},
				"finger_left_drip": {
					"position": [0, 0.2, 0],
					"scale": 0.1
				},
				"finger_left_drip2": {
					"position": [0, 0.25, 0],
					"scale": 0.1
				},
				"arms_torso": {
					"rotation": [10, 0, 0]
				},
				"arms_torso2": {
					"rotation": [15, 0, 0]
				},
				"locator_item_face": {
					"position": [0, -0.5, 0]
				},
				"tail_fur_middle_left": {
					"rotation": [0, 0, "0-math.cos(q.anim_time*90*3-300)*6"]
				},
				"tail_fur_front_left": {
					"rotation": [0, 0, "0-math.cos(q.anim_time*90*3-300)*8"]
				},
				"tail_fur_back_left": {
					"rotation": [0, 0, "0-math.cos(q.anim_time*90*3-300)*6"]
				},
				"tail_fur_middle_right": {
					"rotation": [0, 0, "-0+math.cos(q.anim_time*90*3-300)*-6"]
				},
				"tail_fur_front_right": {
					"rotation": [0, 0, "-0+math.cos(q.anim_time*90*3-300)*-8"]
				},
				"tail_fur_back_right": {
					"rotation": [0, 0, "-0+math.cos(q.anim_time*90*3-300)*-6"]
				},
				"neck": {
					"rotation": ["-7.5+math.cos(q.anim_time*90*6-30)*1.35", 0, 0]
				},
				"finger_right_drip": {
					"rotation": [0, 0, 0],
					"scale": [1, 0.1, 1]
				},
				"finger_right_middle_tip": {
					"rotation": {
						"0.0": [0, 0, 10],
						"0.6667": [0, 0, 0],
						"0.7917": {
							"pre": [0, 0, 0.9],
							"post": [0, 0, 0.9],
							"lerp_mode": "catmullrom"
						},
						"0.875": {
							"post": [0, 0, 4.08],
							"lerp_mode": "catmullrom"
						},
						"1.0": {
							"post": [0, 0, -42.5],
							"lerp_mode": "catmullrom"
						},
						"1.3333": [0, 0, 10]
					}
				},
				"finger_right_drip2": {
					"rotation": [0, 0, 0],
					"scale": [1, 0.1, 1]
				}
			}
		},
		"animation.grafaiai.blink": {
			"animation_length": 0.1667,
			"bones": {
				"eyelid_left": {
					"position": {
						"0.0": [0.1, 0.1, -0.1],
						"0.1667": {"pre": [0.1, 0.1, -0.1], "post": [0, 0, 0]}
					}
				},
				"eyelid_right": {
					"position": {
						"0.0": [-0.1, 0.1, -0.1],
						"0.1667": {"pre": [-0.1, 0.1, -0.1], "post": [0, 0, 0]}
					}
				},
				"eye_left": {
					"position": {
						"0.0": [-0.1, -0.1, 0.1],
						"0.1667": {"pre": [-0.1, -0.1, 0.1], "post": [0, 0, 0]}
					}
				},
				"eye_right": {
					"position": {
						"0.0": [0.1, -0.1, 0.1],
						"0.1667": {"pre": [0.1, -0.1, 0.1], "post": [0, 0, 0]}
					}
				}
			}
		},
		"animation.grafaiai.cry": {
			"animation_length": 1.2083,
			"bones": {
				"head_angle": {
					"rotation": {
						"0.0": [0, 0, 0],
						"0.25": {
							"pre": [-17.5, 0, 0],
							"post": [-17.5, 0, 0],
							"lerp_mode": "catmullrom"
						},
						"0.5833": {
							"post": [-15, 0, 0],
							"lerp_mode": "catmullrom"
						},
						"0.875": {
							"post": [-17.5, 0, 0],
							"lerp_mode": "catmullrom"
						},
						"1.2083": [0, 0, 0]
					}
				},
				"jaw": {
					"rotation": {
						"0.0": [0, 0, 0],
						"0.0417": [0, 0, 0],
						"0.25": {
							"pre": [45, 0, 0],
							"post": [45, 0, 0],
							"lerp_mode": "catmullrom"
						},
						"0.4167": {
							"post": [38.6, 0, 0],
							"lerp_mode": "catmullrom"
						},
						"0.875": {
							"post": [45, 0, 0],
							"lerp_mode": "catmullrom"
						},
						"1.0417": [0, 0, 0]
					}
				},
				"tooth_bottom": {
					"rotation": {
						"0.0": [0, 0, 0],
						"0.0417": {"pre": [0, 0, 0], "post": [-60, 0, 0]},
						"1.0": {"pre": [-60, 0, 0], "post": [0, 0, 0]}
					},
					"position": {
						"0.0": [0, 0, 0],
						"0.0417": {"pre": [0, 0, 0], "post": [0, 0.5, 0]},
						"1.0": {"pre": [0, 0.5, 0], "post": [0, 0, 0]}
					}
				}
			},
			"sound_effects": {
				"0.0417": {
					"effect": "pokemon.grafaiai.cry"
				}
			}
		}
	}
}