{
	"format_version": "1.8.0",
	"animations": {
		"animation.chewtle.ground_idle": {
			"loop": true,
			"bones": {
				"leg_back_right": {
					"rotation": [-15, 35, 0],
					"position": [0, 0.15, -0.2]
				},
				"foot_back_right": {
					"rotation": [15, 0, 0]
				},
				"leg_back_right2": {
					"rotation": [-20, 35, 0]
				},
				"foot_back_right2": {
					"rotation": [20, 0, 0]
				},
				"leg_back_left": {
					"rotation": [-15, -35, 0],
					"position": [0, 0.15, -0.2]
				},
				"foot_back_left": {
					"rotation": [15, 0, 0]
				},
				"body": {
					"position": [0, -0.5, 0]
				},
				"leg_back_left2": {
					"rotation": [-20, -35, 0]
				},
				"foot_back_left2": {
					"rotation": [20, 0, 0]
				},
				"neck": {
					"rotation": ["-45-math.cos(q.anim_time*90*2-60)*-1", 0, 0]
				},
				"torso": {
					"rotation": ["-5-math.cos(q.anim_time*90*2-0)*-0.85", 0, 0],
					"position": [0, "0+math.cos(q.anim_time*90*2-+10)*-0.1", 0]
				},
				"head": {
					"rotation": ["-40-math.cos(q.anim_time*90*2-90)*-1.65", 0, 0]
				},
				"tail": {
					"rotation": [-25, "-0-math.cos(q.anim_time*90*4-60)*-1", 0]
				},
				"tail2": {
					"rotation": [25, "-0-math.cos(q.anim_time*90*4-120)*-2.5", 0]
				},
				"jaw": {
					"rotation": [0, 0, 0]
				}
			}
		},
		"animation.chewtle.ground_walk": {
			"loop": true,
			"animation_length": 0.75,
			"bones": {
				"leg_back_right": {
					"rotation": {
						"0.0": [-15, 35, 0],
						"0.125": {
							"pre": [0, 35, 0],
							"post": [0, 35, 0],
							"lerp_mode": "catmullrom"
						},
						"0.2917": {
							"post": [-17.5, 35, 0],
							"lerp_mode": "catmullrom"
						},
						"0.375": [-15, 35, 0],
						"0.75": [-15, 35, 0]
					},
					"position": {
						"0.0": [0, 0.15, 0],
						"0.2083": {
							"pre": [0, 0.45, -0.33],
							"post": [0, 0.45, -0.33],
							"lerp_mode": "catmullrom"
						},
						"0.375": [0, 0.15, -0.6],
						"0.75": [0, 0.15, 0]
					}
				},
				"foot_back_right": {
					"rotation": [15, 0, 0]
				},
				"leg_back_right2": {
					"rotation": {
						"0.0": [-20, 20, 0],
						"0.375": [-20, 35, 0],
						"0.5": {
							"pre": [-10.625, 35, 0],
							"post": [-10.625, 35, 0],
							"lerp_mode": "catmullrom"
						},
						"0.625": {
							"post": [-24.455, 25, 0],
							"lerp_mode": "catmullrom"
						},
						"0.75": [-20, 20, 0]
					},
					"position": {
						"0.0": [0, 0, -0.1],
						"0.375": [0, 0, 0.5],
						"0.5": {
							"pre": [0, 0.4, 0.28],
							"post": [0, 0.4, 0.28],
							"lerp_mode": "catmullrom"
						},
						"0.75": [0, 0, -0.1]
					}
				},
				"foot_back_right2": {
					"rotation": {
						"0.0": [20, 0, 0],
						"0.375": [20, 0, 0],
						"0.5": {
							"pre": [20, 0, 0],
							"post": [20, 0, 0],
							"lerp_mode": "catmullrom"
						},
						"0.625": {
							"post": [15, 0, 0],
							"lerp_mode": "catmullrom"
						},
						"0.75": [20, 0, 0]
					}
				},
				"leg_back_left": {
					"rotation": {
						"0.0": [-15, -35, 0],
						"0.375": [-15, -35, 0],
						"0.5": {
							"pre": [0, -35, 0],
							"post": [0, -35, 0],
							"lerp_mode": "catmullrom"
						},
						"0.6667": {
							"post": [-17.5, -35, 0],
							"lerp_mode": "catmullrom"
						},
						"0.75": [-15, -35, 0]
					},
					"position": {
						"0.0": [0, 0.15, -0.6],
						"0.375": [0, 0.15, 0],
						"0.5833": {
							"pre": [0, 0.45, -0.33],
							"post": [0, 0.45, -0.33],
							"lerp_mode": "catmullrom"
						},
						"0.75": [0, 0.15, -0.6]
					}
				},
				"foot_back_left": {
					"rotation": [15, 0, 0]
				},
				"body": {
					"position": [0, -0.5, 0]
				},
				"leg_back_left2": {
					"rotation": {
						"0.0": [-20, -35, 0],
						"0.125": {
							"pre": [-10.625, -35, 0],
							"post": [-10.625, -35, 0],
							"lerp_mode": "catmullrom"
						},
						"0.25": {
							"post": [-24.455, -25, 0],
							"lerp_mode": "catmullrom"
						},
						"0.375": [-20, -20, 0],
						"0.75": [-20, -35, 0]
					},
					"position": {
						"0.0": [0, 0, 0.5],
						"0.125": {
							"pre": [0, 0.4, 0.28],
							"post": [0, 0.4, 0.28],
							"lerp_mode": "catmullrom"
						},
						"0.375": [0, 0, -0.1],
						"0.75": [0, 0, 0.5]
					}
				},
				"foot_back_left2": {
					"rotation": {
						"0.0": [20, 0, 0],
						"0.125": {
							"pre": [20, 0, 0],
							"post": [20, 0, 0],
							"lerp_mode": "catmullrom"
						},
						"0.25": {
							"post": [15, 0, 0],
							"lerp_mode": "catmullrom"
						},
						"0.375": [20, 0, 0],
						"0.75": [20, 0, 0]
					}
				},
				"neck": {
					"rotation": ["-45-math.cos(q.anim_time*90*10.5-60)*-1", 0, 0]
				},
				"torso": {
					"rotation": ["-5-math.cos(q.anim_time*90*10.5-0)*-0.35", 0, "0+math.cos(q.anim_time*90*10.5/2-0)*-0.75"],
					"position": [0, "0+math.cos(q.anim_time*90*10.5-0)*-0.15", 0]
				},
				"head": {
					"rotation": ["-40-math.cos(q.anim_time*90*10.5-90)*-1.15", 0, 0]
				},
				"tail": {
					"rotation": ["-25-math.cos(q.anim_time*90*10.5-60)*2", "-0-math.cos(q.anim_time*90*10.5/2-60)*-3", 0]
				},
				"tail2": {
					"rotation": ["25-math.cos(q.anim_time*90*10.5-120)*3", "-0-math.cos(q.anim_time*90*10.5/2-120)*-6", 0]
				}
			}
		},
		"animation.chewtle.blink": {
			"animation_length": 0.1667,
			"bones": {
				"eye_right": {
					"position": {
						"0.0": [0, 0.1, 0],
						"0.125": [0, 0.1, 0],
						"0.1667": {"pre": [0, 0.1, 0], "post": [0, 0, 0]}
					}
				},
				"eye_left": {
					"position": {
						"0.0": [0, 0.1, 0],
						"0.125": [0, 0.1, 0],
						"0.1667": {"pre": [0, 0.1, 0], "post": [0, 0, 0]}
					}
				},
				"eyelid_right": {
					"position": {
						"0.0": [0, -0.1, 0],
						"0.125": [0, -0.1, 0],
						"0.1667": {"pre": [0, -0.1, 0], "post": [0, 0, 0]}
					}
				},
				"eyelid_left": {
					"position": {
						"0.0": [0, -0.1, 0],
						"0.125": [0, -0.1, 0],
						"0.1667": {"pre": [0, -0.1, 0], "post": [0, 0, 0]}
					}
				}
			}
		},
		"animation.chewtle.hold_item": {
			"loop": true,
			"bones": {
				"eyebrow": {
					"position": [0, 0, -0.5]
				},
				"nostrils": {
					"position": [0, 0, -1.35]
				},
				"jaw": {
					"position": [0, 0, 0.5]
				},
				"mouth_cover": {
					"scale": 0
				},
				"eyes": {
					"position": [0, 0, -0.52]
				},
				"locator_item": {
					"position": [0, 1.5, 0]
				}
			}
		},
		"animation.chewtle.cry": {
			"animation_length": 1.25,
			"bones": {
				"neck": {
					"rotation": {
						"0.0": [0, 0, 0],
						"0.25": {
							"pre": ["-2-math.cos(q.anim_time*90*28-0)*-0.45", 0, 0],
							"post": ["-2-math.cos(q.anim_time*90*28-0)*-0.45", 0, 0],
							"lerp_mode": "catmullrom"
						},
						"0.5": {
							"post": ["-2-math.cos(q.anim_time*90*42-0)*-0.75", 0, 0],
							"lerp_mode": "catmullrom"
						},
						"0.5833": {
							"post": [-2.95, 0, 0],
							"lerp_mode": "catmullrom"
						},
						"0.875": {
							"post": [-5, 0, 0],
							"lerp_mode": "catmullrom"
						},
						"1.2083": [0, 0, 0]
					}
				},
				"head": {
					"rotation": {
						"0.0": [0, 0, 0],
						"0.0833": {
							"pre": [5, 0, 0],
							"post": [5, 0, 0],
							"lerp_mode": "catmullrom"
						},
						"0.25": {
							"post": [0, 0, 0],
							"lerp_mode": "catmullrom"
						},
						"0.4583": {
							"post": [-2.5, 0, 0],
							"lerp_mode": "catmullrom"
						},
						"0.5417": {
							"post": [3, 0, 0],
							"lerp_mode": "catmullrom"
						},
						"0.7917": {
							"post": [-2.5, 0, 0],
							"lerp_mode": "catmullrom"
						},
						"1.0": {
							"post": [-2.5, 0, 0],
							"lerp_mode": "catmullrom"
						},
						"1.25": [0, 0, 0]
					}
				},
				"mouth_cover": {
					"scale": {
						"0.0": [1, 1, 1],
						"0.125": {"pre": [1, 1, 1], "post": [0, 0, 0]},
						"1.0417": {"pre": [0, 0, 0], "post": [1, 1, 1]}
					}
				},
				"nostrils": {
					"position": {
						"0.0": [0, 0, 0],
						"0.125": {"pre": [0, 0, 0], "post": [0, 0, -1.35]},
						"1.0417": {"pre": [0, 0, -1.35], "post": [0, 0, 0]}
					},
					"scale": 1
				}
			},
			"sound_effects": {
				"0.0417": {
					"effect": "pokemon.chewtle.cry"
				}
			}
		}
	}
}