{
	"format_version": "1.8.0",
	"animations": {
		"animation.shinx.new": {
			"loop": true,
			"bones": {
				"waist": {
					"rotation": [-32.5, 0, 0]
				},
				"tail_1": {
					"rotation": [-9.00717, 20.70481, 65.85133]
				},
				"tail_2": {
					"rotation": [67.5, 0, 0]
				},
				"tail_3": {
					"rotation": [45, 45, 0]
				},
				"head": {
					"rotation": [-4.11405, -22.13991, 10.80524]
				},
				"eye_left": {
					"position": [0, 0, 1]
				},
				"eyelid_right2": {
					"position": [0, 0, -3]
				},
				"ear_left": {
					"rotation": [0, 0, 12.5]
				},
				"ear_right": {
					"rotation": [0, 0, -12.5]
				},
				"fluff": {
					"rotation": [0, 0, 20]
				},
				"open_mouth": {
					"position": [0, 0, -2]
				},
				"closed_mouth": {
					"position": [0, 0, 1]
				},
				"back_leg_right": {
					"rotation": [-40.08019, 31.37238, 1.3824],
					"position": [0, -1.5, -1]
				},
				"knee_right": {
					"rotation": [45, 0, 0]
				},
				"front_foot_right": {
					"rotation": [0, -5, 0]
				},
				"back_leg_left": {
					"rotation": [-40.08019, -31.37238, -1.3824],
					"position": [0, -1.5, -1]
				},
				"knee_left": {
					"rotation": [45, 0, 0]
				},
				"front_foot_left": {
					"rotation": [0, 5, 0]
				}
			}
		},
		"animation.shinx.ground_idle": {
			"loop": true,
			"bones": {
				"tail_1": {
					"rotation": ["30+math.cos(q.anim_time*90*3-90)*4", 0, 0]
				},
				"tail_2": {
					"rotation": ["-37.5+math.cos(q.anim_time*90*3-180)*8", 0, 0],
					"position": [0, 0.1, -0.3]
				},
				"tail_3": {
					"rotation": ["-37.5+math.cos(q.anim_time*90*3-270)*12", 0, 0],
					"position": [0, 0.1, -0.3]
				},
				"torso": {
					"rotation": ["0+math.cos(q.anim_time*90*3-0)*0.85", 0, 0]
				},
				"head": {
					"rotation": ["0+math.cos(q.anim_time*90*3-60)*1", 0, 0]
				},
				"ear_left": {
					"rotation": [0, "0+math.cos(q.anim_time*90*3-120)*1", 0]
				},
				"ear_right": {
					"rotation": [0, "0+math.cos(q.anim_time*90*3-120)*-1", 0]
				}
			}
		},
		"animation.shinx.ground_walk": {
			"loop": true,
			"animation_length": 0.6667,
			"bones": {
				"tail_1": {
					"rotation": ["30+math.cos(q.anim_time*90*12-90)*3", "0+math.cos(q.anim_time*90*6-60)*3", 0],
					"position": [0, -0.1, 0]
				},
				"tail_2": {
					"rotation": ["-37.5+math.cos(q.anim_time*90*12-180)*4", "0+math.cos(q.anim_time*90*6-120)*4", 0],
					"position": [0, 0.1, -0.3]
				},
				"tail_3": {
					"rotation": ["-37.5+math.cos(q.anim_time*90*12-270)*6", "0+math.cos(q.anim_time*90*6-180)*8", 0],
					"position": [0, 0.1, -0.3]
				},
				"torso": {
					"rotation": ["0+math.cos(q.anim_time*90*12-0)*0.75", 0, 0],
					"position": [0, "0+math.cos(q.anim_time*90*12-0)*-0.1", 0]
				},
				"waist": {
					"position": [0, 0, 0]
				},
				"head": {
					"rotation": ["2.5+math.cos(q.anim_time*90*12-60)*0.95", 0, 0]
				},
				"ear_left": {
					"rotation": [0, "0+math.cos(q.anim_time*90*12-60)*2", 0]
				},
				"ear_right": {
					"rotation": [0, "0+math.cos(q.anim_time*90*12-60)*-2", 0]
				},
				"back_leg_right": {
					"rotation": {
						"0.0": [12.5, 0, 0],
						"0.0833": {
							"pre": [9.25, 0, 0],
							"post": [9.25, 0, 0],
							"lerp_mode": "catmullrom"
						},
						"0.3333": [-10.5, 0, 0],
						"0.6667": [12.5, 0, 0]
					},
					"position": {
						"0.0": [0, -0.3, 0.7],
						"0.0833": {
							"pre": [0, 0.25, 0.27],
							"post": [0, 0.25, 0.27],
							"lerp_mode": "catmullrom"
						},
						"0.3333": [0, -0.1, -0.6],
						"0.6667": [0, -0.3, 0.7]
					}
				},
				"knee_right": {
					"rotation": {
						"0.0": [5, 0, 0],
						"0.3333": [2.5, 0, 0],
						"0.6667": [5, 0, 0]
					}
				},
				"back_foot_right": {
					"rotation": {
						"0.0": [-17, 0, 0],
						"0.0833": {
							"pre": [7.22, 0, 0],
							"post": [7.22, 0, 0],
							"lerp_mode": "catmullrom"
						},
						"0.2083": {
							"post": [0.95, 0, 0],
							"lerp_mode": "catmullrom"
						},
						"0.3333": [8.5, 0, 0],
						"0.6667": [-17, 0, 0]
					}
				},
				"leg_right": {
					"rotation": {
						"0.0": [-22.5, 0, 0],
						"0.3333": [9, 0, 0],
						"0.6667": [-22.5, 0, 0]
					},
					"position": {
						"0.0": [0, -0.1, -0.5],
						"0.3333": [0, -0.3, 0.4],
						"0.4167": {
							"pre": [0, 0.5, 0],
							"post": [0, 0.5, 0],
							"lerp_mode": "catmullrom"
						},
						"0.6667": [0, -0.1, -0.5]
					}
				},
				"elbow_right": {
					"rotation": {
						"0.0": [0, 0, 0],
						"0.3333": [-7.5, 0, 0],
						"0.6667": [0, 0, 0]
					},
					"position": {
						"0.0": [0, 0, 0],
						"0.6667": [0, 0, 0]
					}
				},
				"front_foot_right": {
					"rotation": {
						"0.0": [22.5, 0, 0],
						"0.3333": [0, 0, 0],
						"0.4167": {
							"pre": [22.5, 0, 0],
							"post": [22.5, 0, 0],
							"lerp_mode": "catmullrom"
						},
						"0.5833": {
							"post": [14.81, 0, 0],
							"lerp_mode": "catmullrom"
						},
						"0.6667": [22.5, 0, 0]
					}
				},
				"back_leg_left": {
					"rotation": {
						"0.0": [-10.5, 0, 0],
						"0.3333": [12.5, 0, 0],
						"0.4167": {
							"pre": [9.25, 0, 0],
							"post": [9.25, 0, 0],
							"lerp_mode": "catmullrom"
						},
						"0.6667": [-10.5, 0, 0]
					},
					"position": {
						"0.0": [0, -0.1, -0.6],
						"0.3333": [0, -0.3, 0.7],
						"0.4167": {
							"pre": [0, 0.25, 0.27],
							"post": [0, 0.25, 0.27],
							"lerp_mode": "catmullrom"
						},
						"0.6667": [0, -0.1, -0.6]
					}
				},
				"knee_left": {
					"rotation": {
						"0.0": [2.5, 0, 0],
						"0.3333": [5, 0, 0],
						"0.6667": [2.5, 0, 0]
					}
				},
				"back_foot_left": {
					"rotation": {
						"0.0": [8.5, 0, 0],
						"0.3333": [-17, 0, 0],
						"0.4167": {
							"pre": [7.22, 0, 0],
							"post": [7.22, 0, 0],
							"lerp_mode": "catmullrom"
						},
						"0.5417": {
							"post": [0.95, 0, 0],
							"lerp_mode": "catmullrom"
						},
						"0.6667": [8.5, 0, 0]
					}
				},
				"leg_left": {
					"rotation": {
						"0.0": [9, 0, 0],
						"0.3333": [-22.5, 0, 0],
						"0.6667": [9, 0, 0]
					},
					"position": {
						"0.0": [0, -0.3, 0.4],
						"0.125": {
							"pre": [0, 0.5, 0],
							"post": [0, 0.5, 0],
							"lerp_mode": "catmullrom"
						},
						"0.3333": [0, -0.1, -0.5],
						"0.6667": [0, -0.3, 0.4]
					}
				},
				"elbow_left": {
					"rotation": {
						"0.0": [-7.5, 0, 0],
						"0.3333": [0, 0, 0],
						"0.6667": [-7.5, 0, 0]
					},
					"position": {
						"0.0": [0, 0, 0],
						"0.3333": [0, 0, 0]
					}
				},
				"front_foot_left": {
					"rotation": {
						"0.0": [0, 0, 0],
						"0.125": {
							"pre": [22.5, 0, 0],
							"post": [22.5, 0, 0],
							"lerp_mode": "catmullrom"
						},
						"0.25": {
							"post": [14.81, 0, 0],
							"lerp_mode": "catmullrom"
						},
						"0.3333": [22.5, 0, 0],
						"0.6667": [0, 0, 0]
					}
				}
			}
		},
		"animation.shinx.cry": {
			"animation_length": 0.7917,
			"bones": {
				"torso": {
					"rotation": {
						"0.0": [0, 0, 0],
						"0.125": [-5, 0, 0],
						"0.25": [0, 0, 0],
						"0.5417": {
							"pre": [2.5, 0, 0],
							"post": [2.5, 0, 0],
							"lerp_mode": "catmullrom"
						},
						"0.7917": [0, 0, 0]
					}
				},
				"head": {
					"rotation": {
						"0.0": [0, 0, 0],
						"0.0833": {
							"pre": [5, 0, 0],
							"post": [5, 0, 0],
							"lerp_mode": "catmullrom"
						},
						"0.2083": [-2.5, 0, 0],
						"0.2917": {
							"pre": [5, 0, 0],
							"post": [5, 0, 0],
							"lerp_mode": "catmullrom"
						},
						"0.5417": {
							"post": [5, 0, 0],
							"lerp_mode": "catmullrom"
						},
						"0.75": [0, 0, 0]
					}
				},
				"eye_left": {
					"position": {
						"0.0": [0, 0, 0],
						"0.0417": {"pre": [0, 0, 0], "post": [0, 0, 1]},
						"0.125": {"pre": [0, 0, 1], "post": [0, 0, 1]},
						"0.1667": {"pre": [0, 0, 1], "post": [0, 0, 0]}
					}
				},
				"eyelid_right2": {
					"position": {
						"0.0": [0, 0, 0],
						"0.0417": {"pre": [0, 0, 0], "post": [0, 0, -3]},
						"0.125": {"pre": [0, 0, -3], "post": [0, 0, -3]},
						"0.1667": {"pre": [0, 0, -3], "post": [0, 0, 0]}
					}
				},
				"eye_right": {
					"position": {
						"0.0": [0, 0, 0],
						"0.0417": {"pre": [0, 0, 0], "post": [0, 0, 1]},
						"0.125": {"pre": [0, 0, 1], "post": [0, 0, 1]},
						"0.1667": {"pre": [0, 0, 1], "post": [0, 0, 0]}
					}
				},
				"eyelid_right": {
					"position": {
						"0.0": [0, 0, 0],
						"0.0417": {"pre": [0, 0, 0], "post": [0, 0, -3]},
						"0.125": {"pre": [0, 0, -3], "post": [0, 0, -3]},
						"0.1667": {"pre": [0, 0, -3], "post": [0, 0, 0]}
					}
				},
				"ear_left": {
					"rotation": {
						"0.0": [0, 0, 0],
						"0.125": [0, 5, 0],
						"0.2917": [0, -5, 0],
						"0.5": {
							"pre": [0, 0, 0],
							"post": [0, 0, 0],
							"lerp_mode": "catmullrom"
						},
						"0.7917": [0, 0, 0]
					}
				},
				"ear_right": {
					"rotation": {
						"0.0": [0, 0, 0],
						"0.125": [0, -5, 0],
						"0.2917": [0, 5, 0],
						"0.5": {
							"pre": [0, 0, 0],
							"post": [0, 0, 0],
							"lerp_mode": "catmullrom"
						},
						"0.7917": [0, 0, 0]
					}
				},
				"open_mouth": {
					"position": {
						"0.0": [0, 0, 0],
						"0.125": [0, 0, 0],
						"0.1667": {"pre": [0, 0, 0], "post": [0, 0, -2]},
						"0.6667": {"pre": [0, 0, -2], "post": [0, 0, -2]},
						"0.7083": {"pre": [0, 0, -2], "post": [0, 0, 0]}
					}
				},
				"closed_mouth": {
					"rotation": [0, 0, 0],
					"position": {
						"0.0": [0, 0, 0],
						"0.125": [0, 0, 0],
						"0.1667": {"pre": [0, 0, 0], "post": [0, 0, 0.1]},
						"0.6667": {"pre": [0, 0, 0.1], "post": [0, 0, 0.1]},
						"0.7083": {"pre": [0, 0, 0.1], "post": [0, 0, 0]}
					}
				}
			},
			"sound_effects": {
				"0.125": {
					"effect": "pokemon.shinx.cry"
				}
			}
		},
		"animation.shinx.blink": {
			"animation_length": 0.125,
			"bones": {
				"eye_left": {
					"position": {
						"0.0": [0, 0, 1],
						"0.0833": {"pre": [0, 0, 1], "post": [0, 0, 1]},
						"0.125": {"pre": [0, 0, 1], "post": [0, 0, 0]}
					}
				},
				"eyelid_right2": {
					"position": {
						"0.0": [0, 0, -3],
						"0.0833": {"pre": [0, 0, -3], "post": [0, 0, -3]},
						"0.125": {"pre": [0, 0, -3], "post": [0, 0, 0]}
					}
				},
				"eye_right": {
					"position": {
						"0.0": [0, 0, 1],
						"0.0833": {"pre": [0, 0, 1], "post": [0, 0, 1]},
						"0.125": {"pre": [0, 0, 1], "post": [0, 0, 0]}
					}
				},
				"eyelid_right": {
					"position": {
						"0.0": [0, 0, -3],
						"0.0833": {"pre": [0, 0, -3], "post": [0, 0, -3]},
						"0.125": {"pre": [0, 0, -3], "post": [0, 0, 0]}
					}
				}
			}
		},
		"animation.shinx.sleep": {
			"loop": true,
			"bones": {
				"tail_1": {
					"rotation": ["-15.06+math.cos(q.anim_time*90*1.5-0)*-1", 12.42, -0.54],
					"position": [0.1, 0, -0.3]
				},
				"tail_2": {
					"rotation": [-7.5, 67.5, 0],
					"position": [-0.3, 0, -0.5]
				},
				"tail_3": {
					"rotation": ["-5+math.cos(q.anim_time*90*1.5-0)*0.5", 65, 0],
					"position": [-0.3, 0, -0.4]
				},
				"body": {
					"position": [-0.4, -4.5, 0]
				},
				"torso": {
					"rotation": ["0+math.cos(q.anim_time*90*1.5-0)*1", -7.5, 0],
					"position": [-1.3, 0.6, 0]
				},
				"waist": {
					"rotation": [0, 20, 0],
					"position": [-0.2, 0, -0.2]
				},
				"neck": {
					"rotation": [27.52235, -2.21738, -13.65495],
					"position": [0, -0.7, 0.1]
				},
				"head": {
					"rotation": ["-5+math.cos(q.anim_time*90*1.5-60)*1.25", 0, 0]
				},
				"eye_left": {
					"position": [0, 0, 1]
				},
				"eyelid_right2": {
					"position": [0, 0, -3]
				},
				"eye_right": {
					"position": [0, 0, 1]
				},
				"eyelid_right": {
					"position": [0, 0, -3]
				},
				"ear_left": {
					"rotation": [12.5, "5+math.cos(q.anim_time*90*1.5-120)*2", 3]
				},
				"ear_right": {
					"rotation": [12.5, "-5+math.cos(q.anim_time*90*1.5-120)*-2", -3]
				},
				"back_leg_right": {
					"rotation": [-88.4636, 12.49565, 0.3325],
					"position": [-0.5, 1.7, 0.3]
				},
				"knee_right": {
					"rotation": [83.5, 0, 0]
				},
				"back_foot_right": {
					"rotation": [5, 0, 0]
				},
				"leg_right": {
					"rotation": [-87.5, 0, 0],
					"position": [-0.2, 0.8, 0]
				},
				"front_foot_right": {
					"rotation": [110, 0, 0],
					"position": [0, 0, -1]
				},
				"back_leg_left": {
					"rotation": [-88.48706, -7.49742, -0.19746],
					"position": [0.3, 1.6, -0.6]
				},
				"knee_left": {
					"rotation": [83.5, 0, 0]
				},
				"back_foot_left": {
					"rotation": [5, 0, 0]
				},
				"leg_left": {
					"rotation": [-83.49098, -39.8285, -3.36058],
					"position": [0, 0.8, 0]
				},
				"elbow_left": {
					"rotation": [0, 0, 25],
					"position": [0, 0.5, 0]
				},
				"front_foot_left": {
					"rotation": [97.5, 0, 0],
					"position": [0, 0, -1]
				}
			}
		}
	}
}