{
  "portraitScale": 2.3,
  "portraitTranslation": [-0.09, 2.09, 0],
  "profileScale": 0.47,
  "profileTranslation": [0, 1.08, 0],
  "rootBone": "arboliva",
  "animations": {
    "cry": "q.bedrock_stateful('arboliva', 'cry')",
	"status": "q.bedrock_primary ('arboliva', 'status', q.curve('symmetrical_wide'))"
  },
  "poses": {
    "battle-idle": {
      "poseTypes": ["STAND"],
      "isBattle": true,
      "animations": [
        "q.look('head')",
        "q.bedrock('arboliva', 'battle_idle')"
      ],
      "quirks": [
        "q.bedrock_quirk('arboliva', 'blink')"
      ],
	  "namedAnimations": {
            "cry": "q.bedrock_primary ('arboliva', 'battle_cry', q.curve('symmetrical_wide'))"
          }
    },
    "standing": {
      "poseTypes": ["STAND", "NONE", "PORTRAIT", "PROFILE"],
      "isBattle": false,
      "animations": [
        "q.look('head')",
        "q.bedrock('arboliva', 'ground_idle')"
      ],
      "quirks": [
        "q.bedrock_quirk('arboliva', 'blink')"
      ]
    },
    "walking": {
      "poseTypes": ["WALK"],
      "animations": [
        "q.look('head')",
        "q.bedrock('arboliva', 'ground_walk')"
      ],
      "quirks": [
        "q.bedrock_quirk('arboliva', 'blink')"
      ]
    }
  }
}
