{
  "portraitScale": 1.7,
  "portraitTranslation": [-0.35, -0.42, 0],
  "profileScale": 0.86,
  "profileTranslation": [-0.02, 0.43, 0],
  "rootBone": "chewtle",
  "animations": {
    "cry": "q.bedrock_stateful('chewtle', 'cry')"
  },
  "poses": {
    "standing": {
      "poseTypes": ["STAND", "NONE", "PORTRAIT", "PROFILE"],
      "animations": [
        "q.look('neck', 1, 1, 18, -9, 45, -45)",
        "q.look('head', 1, 1, 9, -10, 0, 0)",
        "q.bedrock('chewtle', 'ground_idle')"
      ],
      "quirks": [
        "q.bedrock_quirk('chewtle', 'blink')"
      ]
    },
    "walking": {
      "poseTypes": ["WALK", "SWIM"],
      "animations": [
        "q.look('neck', 1, 1, 18, -9, 45, -45)",
        "q.look('head', 1, 1, 9, -10, 0, 0)",
        "q.bedrock('chewtle', 'ground_walk')"
      ],
      "quirks": [
        "q.bedrock_quirk('chewtle', 'blink')"
      ]
    }
  }
}
