{
  "portraitScale": 1.45,
  "portraitTranslation": [-0.8, -0.35, 0],
  "profileScale": 0.6,
  "profileTranslation": [-0.085, 0.7, 0.0],
  "rootBone": "drednaw",
  "animations": {
    "cry": "q.bedrock_stateful('drednaw', 'cry')"
  },
  "poses": {
    "battle-standing": {
      "poseTypes": [
        "STAND"
      ],
      "isBattle": true,
      "animations": [
        "q.look('neck', 1, 1, 18, -9, 45, -45)",
        "q.look('head', 1, 1, 9, -10, 0, 0)",
        "q.bedrock('drednaw', 'ground_idle')"
      ],
      "quirks": [
        "q.bedrock_quirk('drednaw', 'blink')"
      ]
    },
    "standing": {
      "poseTypes": [
        "STAND",
        "NONE",
        "PORTRAIT",
        "PROFILE"
      ],
      "isBattle": false,
      "animations": [
        "q.look('neck', 1, 1, 18, -9, 45, -45)",
        "q.look('head', 1, 1, 9, -10, 0, 0)",
        "q.bedrock('drednaw', 'ground_idle')"
      ],
      "quirks": [
        "q.bedrock_quirk('drednaw', 'blink')"
      ]
    },
    "walking": {
      "poseTypes": [
        "WALK"
      ],
      "animations": [
        "q.look('neck', 1, 1, 18, -9, 45, -45)",
        "q.look('head', 1, 1, 9, -10, 0, 0)",
        "q.bedrock('drednaw', 'ground_walk')"
      ],
      "quirks": [
        "q.bedrock_quirk('drednaw', 'blink')"
      ]
    }
  }
}
