{
  "portraitScale": 1.94,
  "portraitTranslation": [-0.32,-0.41,0],
  "profileScale": 0.77,
  "profileTranslation": [0,0.6,0],
  "rootBone": "eevee",
  "animations": {
    "cry": "q.bedrock_stateful('eevee', 'cry')"
  },
  "poses": {
    "standing": {
      "poseTypes": ["STAND","NONE","PORTRAIT","PROFILE","FLOAT"],
      "animations": [
        "q.look('head', 1, 1, 70, -45, 45, -45)",
        "q.bedrock('eevee', 'ground_idle')"
      ],
      "quirks": ["q.bedrock_quirk('eevee', 'blink')"]
    },
    "walking": {
      "poseTypes": ["WALK","SWIM"],
      "animations": [
        "q.look('head', 1, 1, 70, -45, 45, -45)",
        "q.bedrock('eevee', 'ground_walk')"
      ],
      "quirks": ["q.bedrock_quirk('eevee', 'blink')"]
    },
    "shoulder_left": {
      "poseName": "shoulder_left",
      "poseTypes": ["SHOULDER_LEFT"],
      "animations": [
        "q.look('head')",
        "q.bedrock('eevee', 'shoulder_left')"
      ],
      "quirks": ["q.bedrock_quirk('eevee', 'blink')"]
    },
    "shoulder_right": {
      "poseName": "shoulder_right",
      "poseTypes": ["SHOULDER_RIGHT"],
      "animations": [
        "q.look('head')",
        "q.bedrock('eevee', 'shoulder_right')"
      ],
      "quirks": ["q.bedrock_quirk('eevee', 'blink')"]
    }
  }
}
