{
  "portraitScale": 1.9,
  "portraitTranslation": [-1.74, 0.76, 0],
  "profileScale": 0.6,
  "profileTranslation": [-0.06, 0.85, 0.0],
  "rootBone": "fearow",
  "animations": {"cry": "q.bedrock_stateful('fearow', 'cry')"},
  "poses": {
    "standing": {
      "poseTypes": ["STAND", "NONE", "PORTRAIT", "PROFILE"],
      "isBattle": false,
      "animations": [
        "q.look('neck', 1, 1, 70, -10, 20, -20)",
        "q.look('head')",
        "q.bedrock('fearow', 'ground_idle')"
      ],
      "transformedParts": [
        {
          "part": "wing_open_right",
          "isVisible": false
        },
        {
          "part": "wing_open_left",
          "isVisible": false
        },
        {
          "part": "wing_closed_right",
          "isVisible": true
        },
        {
          "part": "wing_closed_left",
          "isVisible": true
        }
      ]
    },
    "walking": {
      "poseTypes": ["WALK", "SWIM"],
      "animations": [
        "q.look('neck', 1, 1, 70, -10, 20, -20)",
        "q.look('head')",
        "q.bedrock('fearow', 'ground_walk')"
      ],
      "transformedParts": [
        {
          "part": "wing_open_right",
          "isVisible": false
        },
        {
          "part": "wing_open_left",
          "isVisible": false
        },
        {
          "part": "wing_closed_right",
          "isVisible": true
        },
        {
          "part": "wing_closed_left",
          "isVisible": true
        }
      ]
    },
    "hover": {
      "poseTypes": ["HOVER"],
      "animations": [
        "q.pitch_tilt('body')",
        "q.look('neck', 1, 1, 70, -10, 20, -20)",
        "q.look('head')",
        "q.bedrock('fearow', 'air_idle')"
      ],
      "transformedParts": [
        {
          "part": "wing_open_right",
          "isVisible": true
        },
        {
          "part": "wing_open_left",
          "isVisible": true
        },
        {
          "part": "wing_closed_right",
          "isVisible": false
        },
        {
          "part": "wing_closed_left",
          "isVisible": false
        }
      ]
    },
    "fly": {
      "poseTypes": ["FLY"],
      "animations": [
        "q.pitch_tilt('body')",
        "q.look('neck', 1, 1, 70, -10, 20, -20)",
        "q.look('head')",
        "q.bedrock('fearow', 'air_fly')"
      ],
      "transformedParts": [
        {
          "part": "wing_open_right",
          "isVisible": true
        },
        {
          "part": "wing_open_left",
          "isVisible": true
        },
        {
          "part": "wing_closed_right",
          "isVisible": false
        },
        {
          "part": "wing_closed_left",
          "isVisible": false
        }
      ]
    }
  }
}
