{
  "portraitScale": 2.16,
  "portraitTranslation": [-0.85,-0.28,0],
  "profileScale": 0.8,
  "profileTranslation": [0,0.55,0],
  "rootBone": "flareon",
  "animations": {
    "cry": "q.bedrock_stateful('flareon', 'cry')"
  },
  "poses": {
    "standing": {
      "poseTypes": ["STAND","NONE","PORTRAIT","PROFILE","FLOAT"],
      "isBattle": false,
      "animations": [
        "q.look('head', 1, 1, 70, -45, 45, -45)",
        "q.bedrock('flareon', 'ground_idle')"
      ],
      "quirks": ["q.bedrock_quirk('flareon', 'blink')"]
    },
	"battle-standing": {
      "poseTypes": ["STAND","NONE","PORTRAIT","PROFILE","FLOAT"],
      "isBattle": true,
      "animations": [
        "q.look('head', 1, 1, 70, -45, 45, -45)",
        "q.bedrock('flareon', 'battle_idle')"
      ],
      "quirks": ["q.bedrock_quirk('flareon', 'blink')"]
    },
    "walking": {
      "poseTypes": ["WALK","SWIM"],
      "animations": [
        "q.look('head', 1, 1, 70, -45, 45, -45)",
        "q.bedrock('flareon', 'ground_walk')"
      ],
      "quirks": ["q.bedrock_quirk('flareon', 'blink')"]
    }
  }
}
