{
  "portraitScale": 1.5,
  "portraitTranslation": [-0.1, 0.05, 0],
  "profileScale": 0.8,
  "profileTranslation": [0, 0.5, 0],
  "rootBone": "grafaiai",
  "animations": {
    "cry": "q.bedrock_stateful('grafaiai', 'cry')"
  },
  "poses": {
    "standing": {
      "poseTypes": ["STAND", "FLOAT", "NONE", "PORTRAIT", "PROFILE"],
      "animations": [
        "q.look('head')",
        "q.bedrock('grafaiai', 'ground_idle')"
      ],
      "quirks": [
        "q.bedrock_quirk('grafaiai', 'blink')"
      ]
    },
    "walking": {
      "poseTypes": ["WALK", "SWIM"],
      "animations": [
        "q.look('head')",
        "q.bedrock('grafaiai', 'ground_walk')"
      ],
      "quirks": [
        "q.bedrock_quirk('grafaiai', 'blink')"
      ]
    }
  }
}
