{
    "head": "head",
    "portraitScale": 1.6,
    "portraitTranslation": [ -0.85, 3.1, 0 ],
    "profileScale": 0.38,
    "profileTranslation": [ 0, 1.1, 0 ],
  "animations": {
    "cry": "q.bedrock_stateful('kommo-o', 'cry')",
	"faint": "q.bedrock_primary('kommo-o', 'fainttemp', q.curve('one'))",
	"status": "q.bedrock_stateful('kommo-o', 'cry')"
  },
  "poses": {
    "battle-standing": {
      "poseTypes": ["STAND", "WALK"],
      "isBattle": true,
      "animations": [
        "q.look('head')",
		"q.bedrock('kommo-o', 'ground_idle')"
      ],
      "quirks": [
        "q.bedrock_quirk('kommo-o', 'blink')"
      ]
    },
    "standing": {
      "poseTypes": ["STAND", "NONE", "PORTRAIT", "PROFILE"],
      "isBattle": false,
      "animations": [
        "q.look('head')",
		"q.bedrock('kommo-o', 'ground_idle')"
      ],
      "quirks": [
        "q.bedrock_quirk('kommo-o', 'blink')"
      ]
    },
    "walking": {
      "poseTypes": ["WALK"],
      "animations": [
        "q.look('head')",
        "q.bedrock('kommo-o', 'ground_walk')"
      ]
    },
    "float": {
      "poseTypes": ["FLOAT"],
      "animations": [
        "q.look('head')",
        "q.bedrock('kommo-o', 'ground_idle')"
      ]
    },
    "swim": {
      "poseTypes": ["SWIM"],
      "animations": [
        "q.look('head')",
        "q.bedrock('kommo-o', 'ground_walk')"
      ]
    }
  }
}