{
  "portraitScale": 1.94,
  "portraitTranslation": [-0.62, 0.3, 0],
  "profileScale": 0.77,
  "profileTranslation": [0, 0.59, 0],
  "rootBone": "leafeon",
  "animations": {
    "cry": "q.bedrock_stateful('leafeon', 'cry')"
  },
  "poses": {
    "standing": {
      "poseTypes": ["STAND", "NONE", "PORTRAIT", "PROFILE", "FLOAT"],
      "isBattle": false,
      "animations": [
        "q.look('head', 1, 1, 70, -45, 45, -45)",
        "q.bedrock('leafeon', 'ground_idle')"
      ],
      "quirks": [
        "q.bedrock_quirk('leafeon', 'blink')"
      ]
    },
	"battle-standing": {
      "poseTypes": ["STAND","NONE","PORTRAIT","PROFILE","FLOAT"],
      "isBattle": true,
      "animations": [
        "q.look('head', 1, 1, 70, -45, 45, -45)",
        "q.bedrock('leafeon', 'battle_idle')"
      ],
      "quirks": ["q.bedrock_quirk('leafeon', 'blink')"]
    },
    "walking": {
      "poseTypes": ["WALK", "SWIM"],
      "animations": [
        "q.look('head', 1, 1, 70, -45, 45, -45)",
        "q.bedrock('leafeon', 'ground_walk')"
      ],
      "quirks": [
        "q.bedrock_quirk('leafeon', 'blink')"
      ]
    }
  }
}
