{
  "portraitScale": 2.27,
  "portraitTranslation": [-0.76, 0.85, 0],
  "profileScale": 0.57,
  "profileTranslation": [0, 0.9, 0],
  "rootBone": "ninetales",
  "animations": {
    "cry": "q.bedrock_stateful('ninetales', 'cry')"
  },
  "poses": {
    "standing": {
      "poseTypes": ["STAND", "NONE", "PORTRAIT", "PROFILE", "FLOAT"],
      "isBattle": false,
      "animations": [
        "q.look('head', 1, 1, 70, -45, 45, -45)",
        "q.bedrock('ninetales', 'ground_idle')"
      ],
      "quirks": ["q.bedrock_quirk('ninetales', 'blink')"]
    },
	"battle-standing": {
      "poseTypes": ["STAND", "WALK"],
      "isBattle": true,
      "animations": [
        "q.look('head', 1, 1, 70, -45, 45, -45)",
        "q.bedrock('ninetales', 'ground_idle')"
      ],
      "quirks": ["q.bedrock_quirk('ninetales', 'blink')"]
    },
    "walking": {
      "poseTypes": ["WALK", "SWIM"],
      "animations": [
        "q.look('head', 1, 1, 70, -45, 45, -45)",
        "q.bedrock('ninetales', 'ground_walk')"
      ],
      "quirks": ["q.bedrock_quirk('ninetales', 'blink')"]
    },
	"sleep": {
      "poseTypes": ["SLEEP"],
      "animations": [
        "q.bedrock('ninetales', 'sleep')"
      ]
    }
  }
}