{
  "portraitScale": 1.51,
  "portraitTranslation": [0.04, -0.61, 0],
  "profileScale": 0.65,
  "profileTranslation": [0.03, 0.82, 0],
  "rootBone": "smoliv",
  "animations": {
    "cry": "q.bedrock_stateful('smoliv', 'cry')"
  },
  "poses": {
    "standing": {
      "poseTypes": ["STAND", "NONE", "PORTRAIT", "PROFILE"],
      "animations": [
        "q.bedrock('smoliv', 'ground_idle')"
      ],
      "quirks": [
        "q.bedrock_quirk('smoliv', 'blink')"
      ]
    },
    "walking": {
      "poseTypes": ["WALK"],
      "animations": [
        "q.bedrock('smoliv', 'ground_walk')"
      ],
      "quirks": [
        "q.bedrock_quirk('smoliv', 'blink')"
      ]
    },
    "sleeping": {
      "poseTypes": ["SLEEP"],
      "animations": [
        "q.bedrock('smoliv', 'sleep')"
      ]
    }
  }
}
