{
  "portraitScale": 1.4,
  "portraitTranslation": [-0.15, 0.3, 0.0],
  "profileScale": 0.65,
  "profileTranslation": [0.0, 0.71, 0.0],
  "rootBone": "totodile",
  "animations": {
    "cry": "q.bedrock_stateful('totodile', 'cry')",
	"status": "q.bedrock_stateful('totodile', 'cry')",
	"faint": "q.bedrock_primary('totodile', 'faint', q.curve('one'))",
	"physical": "q.bedrock_primary('totodile', 'physical', q.curve('symmetrical_wide'))"
	
  },
  "poses": {
	 "battle-standing": {
      "poseTypes": ["STAND"],
      "isBattle": true,
      "animations": [
        "q.look('head')",
        "q.bedrock('totodile', 'battle_idle')"
      ],
      "quirks": ["q.bedrock_quirk('totodile', 'blink')"]
    },
    "standing": {
      "poseTypes": ["STAND", "NONE", "PORTRAIT", "PROFILE"],
      "isBattle": false,
	  "isTouchingWater": false,
      "animations": [
        "q.look('head')",
        "q.bedrock('totodile', 'ground_idle')"
      ],
      "quirks": ["q.bedrock_quirk('totodile', 'blink')"]
    },
    "walking": {
      "poseTypes": ["WALK"],
	  "isTouchingWater": false,
      "animations": [
        "q.look('head')",
        "q.bedrock('totodile', 'ground_walk')"
      ],
      "quirks": ["q.bedrock_quirk('totodile', 'blink')"]
    },
	"sleeping": {
      "poseTypes": ["SLEEP"],
      "animations": [
        "q.bedrock('totodile', 'sleep')"
      ],
      "namedAnimations": { "cry": "q.bedrock_stateful('dummy', 'cry')"}
    },
	"floating": {
      "poseTypes": ["FLOAT"],
      "animations": [
        "q.look('head')",
        "q.bedrock('totodile', 'water_idle')"
      ],
      "quirks": ["q.bedrock_quirk('totodile', 'blink')"]
    },
	"swimming": {
      "poseTypes": ["SWIM"],
      "animations": [
        "q.look('head')",
        "q.bedrock('totodile', 'water_swim')"
      ],
      "quirks": ["q.bedrock_quirk('totodile', 'blink')"]
    },
	"surface_idle": {
      "poseTypes": ["STAND"],
	  "isTouchingWater": true,
      "animations": [
        "q.look('head')",
        "q.bedrock('totodile', 'surfacewater_idle')"
      ],	  
      "quirks": ["q.bedrock_quirk('totodile', 'blink')"],
	  "transformedParts": [
        {
          "part": "body",
          "position": [0, -10, 0]
        }
      ]
    },
	"surface_swim": {
      "poseTypes": ["WALK"],
	  "isTouchingWater": true,
      "animations": [
        "q.look('head')",
        "q.bedrock('totodile', 'surfacewater_swim')"
      ],
      "quirks": ["q.bedrock_quirk('totodile', 'blink')"],
	  "transformedParts": [
        {
          "part": "body",
          "position": [0, -10, 0]
        }
      ]
    },
	"shoulder_left": {
      "poseTypes": ["SHOULDER_LEFT"],
      "animations": [
        "q.bedrock('totodile', 'shoulder_left')"
      ],
      "quirks": ["q.bedrock_quirk('totodile', 'blink')"]
    },
	"shoulder_right": {
      "poseTypes": ["SHOULDER_RIGHT"],
      "animations": [
        "q.bedrock('totodile', 'shoulder_right')"
      ],
      "quirks": ["q.bedrock_quirk('totodile', 'blink')"]
    }
  }
}
