{
  "portraitScale": 2.19,
  "portraitTranslation": [-0.42, -0.55, 0],
  "profileScale": 0.71,
  "profileTranslation": [0, 0.65, 0],
  "rootBone": "vulpix",
  "animations": {
    "cry": "q.bedrock_stateful('vulpix', 'cry')"
  },
  "poses": {
    "standing": {
      "poseTypes": ["STAND", "NONE", "PORTRAIT", "PROFILE", "FLOAT"],
      "animations": [
        "q.look('head', 1, 1, 70, -45, 45, -45)",
        "q.bedrock('vulpix', 'ground_idle')"
      ],
      "quirks": [
        "q.bedrock_quirk('vulpix', 'blink')"
      ]
    },
    "walking": {
      "poseTypes": ["WALK", "SWIM"],
      "animations": [
        "q.look('head', 1, 1, 70, -45, 45, -45)",
        "q.bedrock('vulpix', 'ground_walk')"
      ],
      "quirks": [
        "q.bedrock_quirk('vulpix', 'blink')"
      ]
    },
	"sleep": {
      "poseTypes": ["SLEEP"],
      "animations": [
        "q.bedrock('vulpix', 'sleep')"
      ]
    }
  }
}
