{
  "portraitScale": 1.6,
  "portraitTranslation": [-0.55, 1.4, 0],
  "profileScale": 0.4,
  "profileTranslation": [0, 1.2, -1.6],
  "animations": {
    "cry": "q.bedrock_stateful('zoroark_hisuian', 'cry')",
	"status": "q.bedrock_stateful('zoroark_hisuian', 'battle_cry')",
    "recoil": "q.bedrock_stateful('zoroark_hisuian', 'recoil')",
	"physical": "q.bedrock_primary('zoroark_hisuian', 'special', q.curve('symmetrical_wide'))",
	"special": "q.bedrock_primary('zoroark_hisuian', 'special', q.curve('symmetrical_wide'))"
  },
  "poses": {
    "battle-standing": {
      "poseTypes": ["STAND", "WALK"],
      "isBattle": true,
      "animations": [
        "q.look('head')",
        "q.bedrock('zoroark_hisuian', 'battle_idle')"
      ],
	  "namedAnimations": {
            "cry": "q.bedrock_stateful('zoroark_hisuian', 'battle_cry')"
          },
        "quirks": ["q.bedrock_quirk('zoroark_hisuian', 'blink')"]
    },
    "standing": {
      "poseTypes": ["STAND", "NONE", "PORTRAIT", "PROFILE"],
      "isBattle": false,
      "animations": [
        "q.look('head')",
		"q.bedrock('zoroark_hisuian', 'ground_idle')"
      ],
	  "quirks": ["q.bedrock_quirk('zoroark_hisuian', 'blink')"]
    },
    "walking": {
      "poseTypes": ["WALK"],
      "animations": [
        "q.look('head')",
        "q.bedrock('zoroark_hisuian', 'ground_walk')",
		"q.bedrock('zoroark_hisuian', 'hair_walk')"
      ]
    },
    "float": {
      "poseTypes": ["FLOAT"],
      "animations": [
        "q.look('head')",
		"q.bedrock('zoroark_hisuian', 'ground_walk')",
		"q.bedrock('zoroark_hisuian', 'hair_walk')"
      ]
    },
    "swim": {
      "poseTypes": ["SWIM"],
      "animations": [
        "q.bedrock('zoroark_hisuian', 'ground_walk')",
		"q.bedrock('zoroark_hisuian', 'hair_walk')"
      ]
    }
  }
}