{
	"format_version": "1.8.0",
	"animations": {
		"animation.tynamo.ground_idle": {
			"loop": true,
			"bones": {
				"body": {
					"rotation": [0, "-0+math.cos(q.anim_time*90*2-0)*2", 0],
					"position": [0, "0-math.cos(q.anim_time*90*1-0)*1", 0]
				},
				"head": {
					"rotation": [2.5, "-0+math.cos(q.anim_time*90*2+30)*-2", 0]
				},
				"body2": {
					"rotation": [-2.5, "-0+math.cos(q.anim_time*90*2-60)*3.5", 0]
				},
				"body3": {
					"rotation": [-2.5, "-0+math.cos(q.anim_time*90*2-120)*5", 0]
				},
				"body_fin3": {
					"rotation": [0, 0, 0]
				},
				"body_fin4": {
					"rotation": [0, "-0+math.cos(q.anim_time*90*2-180)*8", 0]
				}
			}
		},
		"animation.tynamo.ground_walk": {
			"loop": true,
			"bones": {
				"body": {
					"rotation": [0, "-0+math.cos(q.anim_time*90*8-0)*8", 0],
					"position": ["-0+math.cos(q.anim_time*90*5-0)*-0.25", "0-math.cos(q.anim_time*90*4-0)*0.25", 0]
				},
				"head": {
					"rotation": [2.5, "-0+math.cos(q.anim_time*90*8+30)*-6", 0]
				},
				"body2": {
					"rotation": [-1, "-0+math.cos(q.anim_time*90*8-90)*10", 0]
				},
				"body3": {
					"rotation": [-0.5, "-0+math.cos(q.anim_time*90*8-180)*18", 0]
				},
				"body_fin3": {
					"rotation": [0, 0, 0]
				},
				"body_fin4": {
					"rotation": [0, "-0+math.cos(q.anim_time*90*8-240)*24", 0]
				}
			}
		},
		"animation.tynamo.blink": {
			"animation_length": 0.1667,
			"bones": {
				"eyelid_left": {
					"position": {
						"0.0": [0.1, 0, 0],
						"0.125": [0.1, 0, 0],
						"0.1667": [0, 0, 0]
					}
				},
				"eyelid_right": {
					"position": {
						"0.0": [-0.1, 0, 0],
						"0.125": [-0.1, 0, 0],
						"0.1667": [0, 0, 0]
					}
				}
			}
		},
		"animation.tynamo.shock": {
			"loop": true,
			"bones": {
				"eye_left": {
					"rotation": [0, 0, -0.5],
					"position": [-0.01, 0.5, 0],
					"scale": [1, 0.8, 0.73]
				},
				"eye_right": {
					"rotation": [0, 0, 0.5],
					"position": [0.01, 0.5, 0],
					"scale": [1, 0.8, 0.73]
				}
			}
		},
		"animation.tynamo.angry": {
			"loop": true,
			"bones": {
				"eye_expression_left": {
					"position": [0.1, 0, -0.65]
				},
				"eye_expression_right": {
					"position": [-0.1, 0, -0.65]
				}
			}
		},
		"animation.tynamo.sad": {
			"loop": true,
			"bones": {
				"eye_expression_left": {
					"position": [0.1, 0.15, 0.75]
				},
				"mouth_open": {
					"position": [0, 0, 0.1]
				},
				"eye_expression_right": {
					"position": [-0.1, 0.15, 0.75]
				},
				"mouth_closed": {
					"position": [0, 0, -0.2]
				}
			}
		},
		"animation.tynamo.happy": {
			"loop": true,
			"bones": {
				"eyelid_happy_left": {
					"position": [0.1, 0, 0]
				},
				"eyelid_happy_right": {
					"position": [-0.1, 0, 0]
				}
			}
		},
		"animation.tynamo.hurt": {
			"loop": true,
			"bones": {
				"eyelid_recoil_left": {
					"position": [0.1, 0, 0]
				},
				"mouth_open": {
					"position": [0, 0, 0.1]
				},
				"eyelid_recoil_right": {
					"position": [-0.1, 0, 0]
				},
				"mouth_closed": {
					"position": [0, 0, -0.2]
				}
			}
		},
		"animation.tynamo.render": {
			"loop": true,
			"bones": {
				"body": {
					"rotation": [0, 45, 0]
				},
				"head": {
					"rotation": [-5, 0, 0]
				},
				"body2": {
					"rotation": [-2.5, 0, 0]
				},
				"body3": {
					"rotation": [-2.5, 0, 0]
				},
				"body_fin3": {
					"rotation": [0, 0, 0]
				},
				"body_fin4": {
					"rotation": [-5.07435, -0.61884, -0.62342]
				}
			}
		},
		"animation.tynamo.cry": {
			"animation_length": 1.25,
			"bones": {
				"mouth_open": {
					"position": {
						"0.0": [0, 0, 0],
						"0.0417": {"pre": [0, 0, 0], "post": [0, 0, 0.1]},
						"0.2083": {"pre": [0, 0, 0.1], "post": [0, 0, 0.1]},
						"0.25": {"pre": [0, 0, 0.1], "post": [0, 0, 0]}
					}
				},
				"mouth_closed": {
					"position": {
						"0.0": [0, 0, 0],
						"0.0417": {"pre": [0, 0, 0], "post": [0, 0, -0.1]},
						"0.2083": {"pre": [0, 0, -0.1], "post": [0, 0, -0.1]},
						"0.25": {"pre": [0, 0, -0.1], "post": [0, 0, 0]}
					}
				}
			},
			"sound_effects": {
				"0.1667": {
					"effect": "pokemon.tynamo.cry"
				}
			}
		}
	}
}