{
	"format_version": "1.8.0",
	"animations": {
		"animation.smoliv.ground_idle": {
			"loop": true,
			"bones": {
				"torso": {
					"rotation": ["-2.5+math.cos(q.anim_time*90*4-0)*2", 0, "0-math.cos(q.anim_time*90*2-30)*1.5"],
					"position": [0, "0-math.cos(q.anim_time*90*4-0)*0.175", 0]
				},
				"olive": {
					"rotation": ["15+math.cos(q.anim_time*90*4-120)*3", 0, 0]
				},
				"stem": {
					"rotation": [12.5, 0, 0]
				},
				"stem3": {
					"rotation": [35, 0, 0]
				},
				"leaf_front_right": {
					"rotation": ["-25+math.cos(q.anim_time*90*4-90)*3 ", 0, 0]
				},
				"leaf_front_right_tip": {
					"rotation": [-15, 0, 0]
				},
				"leaf_back_right": {
					"rotation": ["25+math.cos(q.anim_time*90*4-90)*-3 ", 0, 0]
				},
				"leaf_back_right_tip": {
					"rotation": [10, 0, 0]
				},
				"leaf_front_left": {
					"rotation": ["-25+math.cos(q.anim_time*90*4-90)*3 ", 0, 0]
				},
				"leaf_front_left_tip": {
					"rotation": [-15, 0, 0]
				},
				"leaf_back_left": {
					"rotation": ["25+math.cos(q.anim_time*90*4-90)*-3 ", 0, 0]
				},
				"leaf_back_left_tip": {
					"rotation": [10, 0, 0]
				},
				"stem2": {
					"rotation": [45, 0, 0]
				},
				"leaf_front_right2": {
					"rotation": ["-0+math.cos(q.anim_time*90*4-120)*5", 0, 0]
				},
				"leaf_front_left2": {
					"rotation": ["-0+math.cos(q.anim_time*90*4-120)*5", 0, 0]
				},
				"leaf_back_right2": {
					"rotation": ["-0+math.cos(q.anim_time*90*4-120)*-5", 0, 0]
				},
				"leaf_back_left2": {
					"rotation": ["-0+math.cos(q.anim_time*90*4-120)*-5", 0, 0]
				}
			}
		},
		"animation.smoliv.ground_walk": {
			"loop": true,
			"animation_length": 0.5,
			"bones": {
				"torso": {
					"rotation": ["5-math.cos(q.anim_time*90*16-30)*1", 0, "0+math.cos(q.anim_time*90*8-30)*2"],
					"position": [0, 0.4, 0]
				},
				"olive": {
					"rotation": ["15+math.cos(q.anim_time*90*16-120)*-3", 0, 0]
				},
				"stem": {
					"rotation": [12.5, 0, 0]
				},
				"stem3": {
					"rotation": [35, 0, 0]
				},
				"leaf_front_right": {
					"rotation": ["-25+math.cos(q.anim_time*90*16-90)*-3 ", 0, 0]
				},
				"leaf_front_right_tip": {
					"rotation": [-15, 0, 0]
				},
				"leaf_back_right": {
					"rotation": ["25+math.cos(q.anim_time*90*16-90)*3", 0, 0]
				},
				"leaf_back_right_tip": {
					"rotation": [10, 0, 0]
				},
				"leaf_front_left": {
					"rotation": ["-25+math.cos(q.anim_time*90*16-90)*-3 ", 0, 0]
				},
				"leaf_front_left_tip": {
					"rotation": [-15, 0, 0]
				},
				"leaf_back_left": {
					"rotation": ["25+math.cos(q.anim_time*90*16-90)*3", 0, 0]
				},
				"leaf_back_left_tip": {
					"rotation": [10, 0, 0]
				},
				"stem2": {
					"rotation": [45, 0, 0]
				},
				"body": {
					"position": [0, "0.75+math.cos(q.anim_time*90*16-0)*0.35", 0]
				},
				"leg_left": {
					"rotation": {
						"0.0": [-15, 0, 0],
						"0.25": [15, 0, 0],
						"0.3333": {
							"pre": [30.47, 0, 0],
							"post": [30.47, 0, 0],
							"lerp_mode": "catmullrom"
						},
						"0.5": [-15, 0, 0]
					},
					"position": {
						"0.0": [0, -0.5, -1.9],
						"0.0833": [0, -0.5, -0.57],
						"0.25": [0, -0.5, 2.1],
						"0.375": {
							"pre": [0, 0.6, 0.1],
							"post": [0, 0.6, 0.1],
							"lerp_mode": "catmullrom"
						},
						"0.5": [0, -0.5, -1.9]
					}
				},
				"leg_right": {
					"rotation": {
						"0.0": [15, 0, 0],
						"0.0833": {
							"pre": [30.47, 0, 0],
							"post": [30.47, 0, 0],
							"lerp_mode": "catmullrom"
						},
						"0.25": [-15, 0, 0],
						"0.5": [15, 0, 0]
					},
					"position": {
						"0.0": [0, -0.5, 2.1],
						"0.125": {
							"pre": [0, 0.6, 0.1],
							"post": [0, 0.6, 0.1],
							"lerp_mode": "catmullrom"
						},
						"0.25": [0, -0.5, -1.9],
						"0.3333": [0, -0.5, -0.57],
						"0.5": [0, -0.5, 2.1]
					}
				},
				"leaf_front_right2": {
					"rotation": ["-0+math.cos(q.anim_time*90*16-120)*-4", 0, 0]
				},
				"leaf_front_left2": {
					"rotation": ["-0+math.cos(q.anim_time*90*16-120)*-4", 0, 0]
				},
				"leaf_back_right2": {
					"rotation": ["-0+math.cos(q.anim_time*90*16-120)*4", 0, 0]
				},
				"leaf_back_left2": {
					"rotation": ["-0+math.cos(q.anim_time*90*16-120)*4", 0, 0]
				}
			}
		},
		"animation.smoliv.blink": {
			"animation_length": 0.1667,
			"bones": {
				"eyelid_left": {
					"position": {
						"0.0": [0, 0, -0.1],
						"0.125": [0, 0, -0.1],
						"0.1667": [0, 0, 0]
					}
				},
				"eyelid_right": {
					"position": {
						"0.0": [0, 0, -0.1],
						"0.125": [0, 0, -0.1],
						"0.1667": [0, 0, 0]
					}
				}
			}
		},
		"animation.smoliv.sleep": {
			"loop": true,
			"animation_length": 2,
			"bones": {
				"torso": {
					"rotation": [0, 0, 0],
					"position": [0, -0.175, 0],
					"scale": {
						"0.0": [1, 1, 0.94],
						"1.0": {
							"pre": [1, 1, 1],
							"post": [1, 1, 1],
							"lerp_mode": "catmullrom"
						},
						"2.0": [1, 1, 0.94]
					}
				},
				"olive": {
					"rotation": ["-23.5+math.cos(q.anim_time*90*2-0)*1", 0, 0]
				},
				"stem": {
					"rotation": [12.5, 0, 0]
				},
				"stem3": {
					"rotation": [35, 0, 0]
				},
				"leaf_front_right": {
					"rotation": ["-61.75+math.cos(q.anim_time*90*2-30)*1", "25.1+math.cos(q.anim_time*90*2-30)*2", -42.01738]
				},
				"leaf_front_right_tip": {
					"rotation": [-15, 0, 0]
				},
				"leaf_back_right": {
					"rotation": [37.5, 0, 0]
				},
				"leaf_back_right_tip": {
					"rotation": [10, 0, 0]
				},
				"leaf_front_left": {
					"rotation": ["-61.75+math.cos(q.anim_time*90*2-30)*1", "-25.1-math.cos(q.anim_time*90*2-30)*2", 42.01738]
				},
				"leaf_front_left_tip": {
					"rotation": [-15, 0, 0]
				},
				"leaf_back_left": {
					"rotation": [37.5, 0, 0]
				},
				"leaf_back_left_tip": {
					"rotation": [10, 0, 0]
				},
				"stem2": {
					"rotation": [45, 0, 0]
				},
				"leaf_front_right2": {
					"rotation": [-25, "-0+math.cos(q.anim_time*90*2-90)*2", 0]
				},
				"leaf_front_left2": {
					"rotation": [-25, "0-math.cos(q.anim_time*90*2-90)*2", 0]
				},
				"leaf_back_right2": {
					"rotation": [22.5, 0, 0]
				},
				"leaf_back_left2": {
					"rotation": [22.5, 0, 0]
				},
				"body": {
					"rotation": {
						"0.0": [-90, 0, 0],
						"2.0": [-90, 0, 0]
					},
					"position": {
						"0.0": [0, -2.245, 0],
						"1.0": {
							"pre": [0, -2, 0],
							"post": [0, -2, 0],
							"lerp_mode": "catmullrom"
						},
						"2.0": [0, -2.245, 0]
					}
				},
				"eyelid_left": {
					"position": [0, 0, -0.1]
				},
				"eyelid_right": {
					"position": [0, 0, -0.1]
				},
				"mouth_closed": {
					"position": {
						"0.0": [0, 0, 0.1],
						"1.0": {
							"pre": [0, 0, 0.1],
							"post": [0, 0, 0.1]
						},
						"2.0": {
							"pre": [0, 0, 0.1],
							"post": [0, 0, 0.1]
						}
					}
				},
				"mouth_open_small": {
					"position": {
						"0.0": [0, 0, 0.1],
						"1.0": {
							"pre": [0, 0, 0.1],
							"post": [0, 0, -0.1]
						},
						"2.0": {
							"pre": [0, 0, -0.1],
							"post": [0, 0, 0.1]
						}
					}
				},
				"mouth_straight": {
					"position": {
						"0.0": [0, 0, -0.1],
						"1.0": {
							"pre": [0, 0, -0.1],
							"post": [0, 0, 0.1]
						},
						"2.0": {
							"pre": [0, 0, 0.1],
							"post": [0, 0, -0.1]
						}
					}
				},
				"leg_left": {
					"rotation": [37.5, 0, 0],
					"position": [0, -0.4, 0.2]
				},
				"leg_right": {
					"rotation": [37.5, 0, 0],
					"position": [0, -0.4, 0.2]
				}
			}
		},
		"animation.smoliv.cry": {
			"animation_length": 0.9167,
			"bones": {
				"torso": {
					"rotation": {
						"0.0": [0, 0, 0],
						"0.0833": {
							"pre": [2.5, 0, 0],
							"post": [2.5, 0, 0],
							"lerp_mode": "catmullrom"
						},
						"0.1667": {
							"post": [-2.5, 0, 0],
							"lerp_mode": "catmullrom"
						},
						"0.25": {
							"post": [0, 0, 0],
							"lerp_mode": "catmullrom"
						},
						"0.3333": {
							"post": [-2.5, 0, 0],
							"lerp_mode": "catmullrom"
						},
						"0.4167": {
							"post": [0, 0, 0],
							"lerp_mode": "catmullrom"
						},
						"0.5": {
							"post": [-5, 0, 0],
							"lerp_mode": "catmullrom"
						},
						"0.6667": {
							"post": [-7.5, 0, 0],
							"lerp_mode": "catmullrom"
						},
						"0.9167": [0, 0, 0]
					}
				},
				"mouth_closed": {
					"position": {
						"0.0833": [0, 0, 0],
						"0.125": {"pre": [0, 0, 0], "post": [0, 0, 0.1]},
						"0.6667": {"pre": [0, 0, 0.1], "post": [0, 0, 0.1]},
						"0.75": {"pre": [0, 0, 0.1], "post": [0, 0, 0]}
					}
				},
				"mouth_open": {
					"position": {
						"0.0833": [0, 0, 0],
						"0.125": {"pre": [0, 0, 0], "post": [0, 0, 0]},
						"0.25": {"pre": [0, 0, 0], "post": [0, 0, -0.1]},
						"0.3333": {"pre": [0, 0, -0.1], "post": [0, 0, 0]},
						"0.5": {"pre": [0, 0, 0], "post": [0, 0, 0]},
						"0.6667": {"pre": [0, 0, 0], "post": [0, 0, -0.1]},
						"0.75": {"pre": [0, 0, -0.1], "post": [0, 0, 0]}
					}
				},
				"mouth_open_small": {
					"position": {
						"0.0833": [0, 0, 0],
						"0.125": {"pre": [0, 0, 0], "post": [0, 0, -0.1]},
						"0.25": {"pre": [0, 0, -0.1], "post": [0, 0, 0]},
						"0.3333": {"pre": [0, 0, 0], "post": [0, 0, -0.1]},
						"0.5": {"pre": [0, 0, -0.1], "post": [0, 0, -0.1]},
						"0.6667": {"pre": [0, 0, -0.1], "post": [0, 0, 0]},
						"0.75": {"pre": [0, 0, 0], "post": [0, 0, 0]}
					}
				}
			},
			"sound_effects": {
				"0.0833": {
					"effect": "pokemon.smoliv.cry"
				}
			}
		}
	}
}