{
	"format_version": "1.8.0",
	"animations": {
		"animation.dolliv.ground_idle": {
			"loop": true,
			"bones": {
				"dress_front_left": {
					"rotation": ["-2.5+math.cos(q.anim_time*90*3-30)*-0.5", 0, 5]
				},
				"collar_back_middle": {
					"rotation": [6, 0, 0]
				},
				"arm_left": {
					"rotation": [60, 25, 42]
				},
				"arm_left2": {
					"rotation": [-32, 67, -33]
				},
				"head": {
					"rotation": ["5+math.cos(q.anim_time*90*3-90)*1.5", 0, 0]
				},
				"leaf_left": {
					"rotation": ["-0+math.cos(q.anim_time*90*3-120)*2.5", 0, 12.5]
				},
				"dolliv": {
					"scale": 1
				},
				"hand_left": {
					"rotation": [0, 22.5, 15]
				},
				"leaves": {
					"rotation": [12.5, 0, 0]
				},
				"hair_right": {
					"rotation": [0, 5, 0]
				},
				"hair_left": {
					"rotation": [0, -5, 0]
				},
				"stem": {
					"rotation": [-45, 0, 0]
				},
				"stem2": {
					"rotation": [-32.5, 0, 0]
				},
				"stem3": {
					"rotation": [0, 40, 0]
				},
				"leaf_right": {
					"rotation": ["-0+math.cos(q.anim_time*90*3-120)*2.5", 0, -12.5]
				},
				"olive_left": {
					"rotation": [0, 0, "-5-math.cos(q.anim_time*90*3-180)*-1"]
				},
				"arm_right": {
					"rotation": [60, -25, -42]
				},
				"arm_right2": {
					"rotation": [-32, -65, 35]
				},
				"hand_right": {
					"rotation": [0, -22.5, -25]
				},
				"olive_right": {
					"rotation": [0, 0, "5+math.cos(q.anim_time*90*3-180)*-1"]
				},
				"dress_front_left3": {
					"rotation": ["-12.5+math.cos(q.anim_time*90*3-120)*-1.25", 0, 0]
				},
				"dress_front_right": {
					"rotation": ["-2.5+math.cos(q.anim_time*90*3-30)*-0.5", 0, -5]
				},
				"dress_front_right2": {
					"rotation": ["-0+math.cos(q.anim_time*90*3-60)*-0.75", 0, 0]
				},
				"dress_right": {
					"rotation": [0, 10, -75]
				},
				"dress_right2": {
					"rotation": [-12.5, 0, "15-math.cos(q.anim_time*90*3-0)*-0.65"]
				},
				"dress_right3": {
					"rotation": [0, 0, "41+math.cos(q.anim_time*90*3-0)*0.75"]
				},
				"dress_back": {
					"rotation": [-65, 0, 0]
				},
				"dress_back2": {
					"rotation": ["15+math.cos(q.anim_time*90*3-0)*1", 0, 0]
				},
				"dress_back3": {
					"rotation": [40, 0, 0]
				},
				"collar_back_left": {
					"rotation": [0, 0, -10]
				},
				"collar_back_right": {
					"rotation": [0, 0, 10]
				},
				"collar_front_left": {
					"rotation": [0, 0, 0]
				},
				"collar_front_right": {
					"rotation": [0, 0, 0]
				},
				"collar_front": {
					"rotation": [-5, 0, 0]
				},
				"dress_right4": {
					"rotation": [0, 0, 5]
				},
				"dress_left": {
					"rotation": [0, -10, 75]
				},
				"dress_left2": {
					"rotation": [-12.5, 0, "-15+math.cos(q.anim_time*90*3-0)*-0.65"]
				},
				"dress_left3": {
					"rotation": [0, 0, "-41-math.cos(q.anim_time*90*3-0)*0.75"]
				},
				"torso": {
					"position": [0, "0-math.cos(q.anim_time*90*3-0)*0.075", 0]
				},
				"dress_front_right3": {
					"rotation": ["-12.5+math.cos(q.anim_time*90*3-120)*-1.25", 0, 0]
				},
				"dress_front_left2": {
					"rotation": ["-0+math.cos(q.anim_time*90*3-60)*-0.75", 0, 0]
				},
				"dress_left4": {
					"rotation": [0, 0, -5]
				},
				"torso2": {
					"rotation": ["-0+math.cos(q.anim_time*90*3-30)*1", 0, 0]
				},
				"leaf_left2": {
					"rotation": ["-0+math.cos(q.anim_time*90*3-180)*3", 0, 0]
				},
				"leaf_right2": {
					"rotation": ["-0+math.cos(q.anim_time*90*3-180)*3", 0, 0]
				}
			}
		},
		"animation.dolliv.ground_walk": {
			"loop": true,
			"animation_length": 1,
			"bones": {
				"dress_front_left": {
					"rotation": ["-2.5+math.cos(q.anim_time*90*8-60)*-1", 0, 15]
				},
				"collar_back_middle": {
					"rotation": [6, 0, 0]
				},
				"arm_left": {
					"rotation": [20, "5+math.cos(q.anim_time*90*4-30)*-5", "42-math.cos(q.anim_time*90*8-60)*-1"]
				},
				"arm_left2": {
					"rotation": [0, 0, "0-math.cos(q.anim_time*90*8-90)*-1.75"]
				},
				"head": {
					"rotation": ["5+math.cos(q.anim_time*90*8-90)*1.5", 0, 0]
				},
				"leaf_left": {
					"rotation": ["-5+math.cos(q.anim_time*90*8-120)*1.5", 0, 12.5]
				},
				"dolliv": {
					"scale": 1
				},
				"hand_left": {
					"rotation": [0, 0, "-20-math.cos(q.anim_time*90*8-120)*-3"]
				},
				"leaves": {
					"rotation": [12.5, 0, 0]
				},
				"hair_right": {
					"rotation": [0, 5, 0]
				},
				"hair_left": {
					"rotation": [0, -5, 0]
				},
				"stem": {
					"rotation": [-45, 0, 0]
				},
				"stem2": {
					"rotation": [-32.5, 0, 0]
				},
				"stem3": {
					"rotation": [0, 40, 0]
				},
				"leaf_right": {
					"rotation": ["-5+math.cos(q.anim_time*90*8-120)*1.5", 0, -12.5]
				},
				"olive_left": {
					"rotation": [0, 0, "-5-math.cos(q.anim_time*90*8-120)*-2"]
				},
				"arm_right": {
					"rotation": [20, "-5-math.cos(q.anim_time*90*4-30)*5", "-42+math.cos(q.anim_time*90*8-60)*-1"]
				},
				"arm_right2": {
					"rotation": [0, 0, "-0+math.cos(q.anim_time*90*8-90)*-1.75"]
				},
				"hand_right": {
					"rotation": [0, 0, "20+math.cos(q.anim_time*90*8-120)*-3"]
				},
				"olive_right": {
					"rotation": [0, 0, "5+math.cos(q.anim_time*90*8-120)*-2"]
				},
				"dress_front_left3": {
					"rotation": ["5+math.cos(q.anim_time*90*8-120)*-4", 0, 0]
				},
				"dress_front_right": {
					"rotation": ["-2.5+math.cos(q.anim_time*90*8-60)*-1", 0, -15]
				},
				"dress_front_right2": {
					"rotation": ["5+math.cos(q.anim_time*90*8-90)*-2.25", 0, 0]
				},
				"dress_right": {
					"rotation": [0, "20-math.cos(q.anim_time*90*8-30)*1", -75]
				},
				"dress_right2": {
					"rotation": [0, 0, 15]
				},
				"dress_right3": {
					"rotation": [-2.27914, "5.104-math.cos(q.anim_time*90*8-90)*1.5", 40.00757]
				},
				"dress_back": {
					"rotation": ["-65+math.cos(q.anim_time*90*8-30)*-1.5", 0, 0]
				},
				"dress_back2": {
					"rotation": [15, 0, 0]
				},
				"dress_back3": {
					"rotation": ["40+math.cos(q.anim_time*90*8-30)*2", 0, 0]
				},
				"collar_back_left": {
					"rotation": [0, 0, -10]
				},
				"collar_back_right": {
					"rotation": [0, 0, 10]
				},
				"collar_front_left": {
					"rotation": [0, 0, 0]
				},
				"collar_front_right": {
					"rotation": [0, 0, 0]
				},
				"collar_front": {
					"rotation": [-5, 0, 0]
				},
				"dress_right4": {
					"rotation": [0, 0, 7.5]
				},
				"dress_left": {
					"rotation": [0, "-20+math.cos(q.anim_time*90*8-30)*1", 75]
				},
				"dress_left2": {
					"rotation": [-12.5, 0, -15]
				},
				"dress_left3": {
					"rotation": [-2.27914, "-5.104+math.cos(q.anim_time*90*8-90)*1.5", -40.00757]
				},
				"body": {
					"position": {
						"0.0": [0, -0.4, 0],
						"0.25": {
							"pre": [0, -0.125, 0],
							"post": [0, -0.125, 0],
							"lerp_mode": "catmullrom"
						},
						"0.5": {
							"post": [0, -0.4, 0],
							"lerp_mode": "catmullrom"
						},
						"0.75": {
							"post": [0, -0.125, 0],
							"lerp_mode": "catmullrom"
						},
						"1.0": [0, -0.4, 0]
					}
				},
				"dress_front_right3": {
					"rotation": ["5+math.cos(q.anim_time*90*8-120)*-4", 0, 0]
				},
				"dress_front_left2": {
					"rotation": ["5+math.cos(q.anim_time*90*8-90)*-2.25", 0, 0]
				},
				"torso2": {
					"rotation": ["-0+math.cos(q.anim_time*90*8-30)*1", 0, 0]
				},
				"leaf_left2": {
					"rotation": ["-0+math.cos(q.anim_time*90*8-180)*3", 0, 0]
				},
				"leaf_right2": {
					"rotation": ["-0+math.cos(q.anim_time*90*8-180)*3", 0, 0]
				},
				"leg_right": {
					"rotation": {
						"0.0": [20, 0, 0],
						"0.25": {
							"pre": [-23.75, 0, 0],
							"post": [-23.75, 0, 0],
							"lerp_mode": "catmullrom"
						},
						"0.5": [-22.5, 0, 0],
						"1.0": [20, 0, 0]
					}
				},
				"leg_right2": {
					"rotation": {
						"0.0": [0, 0, 0],
						"0.25": {
							"pre": [35, 0, 0],
							"post": [35, 0, 0],
							"lerp_mode": "catmullrom"
						},
						"0.5": [0, 0, 0],
						"1.0": [0, 0, 0]
					}
				},
				"foot_right": {
					"rotation": {
						"0.0": [0, 0, 0],
						"0.25": {
							"pre": [10, 0, 0],
							"post": [10, 0, 0],
							"lerp_mode": "catmullrom"
						},
						"0.5": [15, 0, 0],
						"0.75": [0, 0, 0],
						"1.0": [0, 0, 0]
					}
				},
				"leg_left": {
					"rotation": {
						"0.0": [-22.5, 0, 0],
						"0.5": [20, 0, 0],
						"0.75": {
							"pre": [-23.75, 0, 0],
							"post": [-23.75, 0, 0],
							"lerp_mode": "catmullrom"
						},
						"1.0": [-22.5, 0, 0]
					}
				},
				"leg_left2": {
					"rotation": {
						"0.0": [0, 0, 0],
						"0.5": [0, 0, 0],
						"0.75": {
							"pre": [35, 0, 0],
							"post": [35, 0, 0],
							"lerp_mode": "catmullrom"
						},
						"1.0": [0, 0, 0]
					}
				},
				"foot_left": {
					"rotation": {
						"0.0": [15, 0, 0],
						"0.25": [0, 0, 0],
						"0.5": [0, 0, 0],
						"0.75": {
							"pre": [10, 0, 0],
							"post": [10, 0, 0],
							"lerp_mode": "catmullrom"
						},
						"1.0": [15, 0, 0]
					}
				}
			}
		},
		"animation.dolliv.blink": {
			"animation_length": 0.1667,
			"bones": {
				"eyelid_right": {
					"position": {
						"0.0": [0, 0, -0.1],
						"0.125": [0, 0, -0.1],
						"0.1667": [0, 0, 0]
					}
				},
				"eyelid_left": {
					"position": {
						"0.0": [0, 0, -0.1],
						"0.125": [0, 0, -0.1],
						"0.1667": [0, 0, 0]
					}
				}
			}
		},
		"animation.dolliv.cry": {
			"animation_length": 1.9167,
			"bones": {
				"head": {
					"rotation": {
						"0.0": [0, 0, 0],
						"0.125": {
							"pre": [2.5, 0, 0],
							"post": [2.5, 0, 0],
							"lerp_mode": "catmullrom"
						},
						"0.2083": {
							"post": [-2.5, 0, 0],
							"lerp_mode": "catmullrom"
						},
						"0.375": {
							"post": [-2.5, 0, 0],
							"lerp_mode": "catmullrom"
						},
						"0.5833": {
							"post": [0, 0, 0],
							"lerp_mode": "catmullrom"
						},
						"0.75": {
							"post": [-2.5, 0, 0],
							"lerp_mode": "catmullrom"
						},
						"0.875": {
							"post": [0, 0, 0],
							"lerp_mode": "catmullrom"
						},
						"1.0": {
							"post": [-2.5, 0, 0],
							"lerp_mode": "catmullrom"
						},
						"1.125": {
							"post": [0, 0, 0],
							"lerp_mode": "catmullrom"
						},
						"1.2917": {
							"post": [-5, 0, 0],
							"lerp_mode": "catmullrom"
						},
						"1.5417": {
							"post": [-5, 0, 0],
							"lerp_mode": "catmullrom"
						},
						"1.9167": [0, 0, 0]
					}
				},
				"mouth_closed": {
					"position": {
						"0.0": [0, 0, 0],
						"0.0833": {"pre": [0, 0, 0], "post": [0, 0, 0]},
						"0.125": {"pre": [0, 0, 0], "post": [0, 0, 0.1]},
						"1.625": {"pre": [0, 0, 0.1], "post": [0, 0, 0]}
					}
				},
				"mouth_open": {
					"position": {
						"0.0": [0, 0, 0],
						"0.0833": {"pre": [0, 0, 0], "post": [0, 0, 0]},
						"0.125": {"pre": [0, 0, 0], "post": [0, 0, 0]},
						"0.2083": {"pre": [0, 0, 0], "post": [0, 0, -0.1]},
						"0.5": {"pre": [0, 0, -0.1], "post": [0, 0, 0]},
						"0.6667": {"pre": [0, 0, 0], "post": [0, 0, 0]},
						"1.625": {"pre": [0, 0, 0], "post": [0, 0, 0]}
					}
				},
				"mouth_open_tall": {
					"position": {
						"0.0": [0, 0, 0],
						"0.125": {"pre": [0, 0, 0], "post": [0, 0, 0]},
						"0.2083": {"pre": [0, 0, 0], "post": [0, 0, 0]},
						"0.5": {"pre": [0, 0, 0], "post": [0, 0, 0]},
						"0.6667": {"pre": [0, 0, 0], "post": [0, 0, 0]},
						"0.75": {"pre": [0, 0, 0], "post": [0, 0, -0.1]},
						"0.875": {"pre": [0, 0, -0.1], "post": [0, 0, 0]},
						"1.0": {"pre": [0, 0, 0], "post": [0, 0, -0.1]},
						"1.1667": {"pre": [0, 0, -0.1], "post": [0, 0, 0]},
						"1.25": {"pre": [0, 0, 0], "post": [0, 0, -0.1]},
						"1.5417": {"pre": [0, 0, -0.1], "post": [0, 0, 0]},
						"1.625": {"pre": [0, 0, 0], "post": [0, 0, 0]}
					}
				},
				"mouth_open_small": {
					"position": {
						"0.0": [0, 0, 0],
						"0.0833": {"pre": [0, 0, 0], "post": [0, 0, 0]},
						"0.125": {"pre": [0, 0, 0], "post": [0, 0, -0.1]},
						"0.2083": {"pre": [0, 0, -0.1], "post": [0, 0, 0]},
						"0.5": {"pre": [0, 0, 0], "post": [0, 0, -0.1]},
						"0.6667": {"pre": [0, 0, -0.1], "post": [0, 0, -0.1]},
						"0.75": {"pre": [0, 0, -0.1], "post": [0, 0, 0]},
						"0.875": {"pre": [0, 0, 0], "post": [0, 0, -0.1]},
						"1.0": {"pre": [0, 0, -0.1], "post": [0, 0, 0]},
						"1.1667": {"pre": [0, 0, 0], "post": [0, 0, -0.1]},
						"1.25": {"pre": [0, 0, -0.1], "post": [0, 0, 0]},
						"1.5417": {"pre": [0, 0, 0], "post": [0, 0, -0.1]},
						"1.625": {"pre": [0, 0, -0.1], "post": [0, 0, 0]}
					}
				}
			},
			"sound_effects": {
				"0.0833": {
					"effect": "pokemon.dolliv.cry"
				}
			}
		}
	}
}