{
	"format_version": "1.8.0",
	"animations": {
		"animation.trapinch.ground_idle": {
			"loop": true,
			"bones": {
				"torso": {
					"rotation": ["-0-math.cos(q.anim_time*90*2-30)*-1", 0, 0],
					"position": [0, "0+math.cos(q.anim_time*90*2-0)*-0.15", 0]
				},
				"neck": {
					"rotation": ["-0-math.cos(q.anim_time*90*2-60)*-0.75", 0, 0]
				},
				"head": {
					"rotation": ["-0-math.cos(q.anim_time*90*2-90)*-1", 0, 0]
				},
				"lower_head": {
					"rotation": ["7.5-math.cos(q.anim_time*90*2-120)*-1.25", 0, 0]
				}
			}
		},
		"animation.trapinch.ground_walk": {
			"loop": true,
			"animation_length": 1,
			"bones": {
				"head": {
					"rotation": ["-0-math.cos(q.anim_time*90*8-90)*-1", 0, 0]
				},
				"body": {
					"position": {
						"0.0": [0, 0, 0],
						"0.125": [0, 0.075, 0],
						"0.25": [0, 0.1, 0],
						"0.375": [0, 0.075, 0],
						"0.5": [0, 0, 0],
						"0.625": [0, 0.075, 0],
						"0.75": [0, 0.1, 0],
						"0.875": [0, 0.075, 0],
						"1.0": [0, 0, 0]
					}
				},
				"torso": {
					"rotation": ["-0-math.cos(q.anim_time*90*8-0)*-0.65", 0, 0],
					"position": [0, "0+math.cos(q.anim_time*90*8-0)*-0.075", 0]
				},
				"neck": {
					"rotation": ["-0-math.cos(q.anim_time*90*8-60)*-1", 0, 0]
				},
				"leg_front_left_rotation": {
					"rotation": {
						"0.0": [-11, -20, 3],
						"0.25": {
							"pre": [-0.79665, -2.67905, -8.00865],
							"post": [-0.79665, -2.67905, -8.00865],
							"lerp_mode": "catmullrom"
						},
						"0.5": [8.5, 15, 2],
						"1.0": [-11, -20, 3]
					},
					"position": {
						"0.0": [0, 0, 0.3],
						"0.25": {
							"pre": [0, 0.2, -0.05],
							"post": [0, 0.2, -0.05],
							"lerp_mode": "catmullrom"
						},
						"0.5": [0, 0, -0.4],
						"1.0": [0, 0, 0.3]
					}
				},
				"leg_front_right_rotation": {
					"rotation": {
						"0.0": [8.5, -15, -2],
						"0.5": [-11, 20, -3],
						"0.75": {
							"pre": [-0.79665, 2.67905, 8.00865],
							"post": [-0.79665, 2.67905, 8.00865],
							"lerp_mode": "catmullrom"
						},
						"1.0": [8.5, -15, -2]
					},
					"position": {
						"0.0": [0, 0, -0.4],
						"0.5": [0, 0, 0.3],
						"0.75": {
							"pre": [0, 0.2, -0.05],
							"post": [0, 0.2, -0.05],
							"lerp_mode": "catmullrom"
						},
						"1.0": [0, 0, -0.4]
					}
				},
				"leg_back_left_rotation": {
					"rotation": {
						"0.0": [8.5, 15, 2],
						"0.5": [-11, -20, 3],
						"0.75": {
							"pre": [-0.79665, -2.67905, -8.00865],
							"post": [-0.79665, -2.67905, -8.00865],
							"lerp_mode": "catmullrom"
						},
						"1.0": [8.5, 15, 2]
					},
					"position": {
						"0.0": [0, 0, -0.4],
						"0.5": [0, 0, 0.3],
						"0.75": {
							"pre": [0, 0.2, -0.05],
							"post": [0, 0.2, -0.05],
							"lerp_mode": "catmullrom"
						},
						"1.0": [0, 0, -0.4]
					}
				},
				"leg_back_right_rotation": {
					"rotation": {
						"0.0": [-11, 20, -3],
						"0.25": {
							"pre": [-0.79665, 2.67905, 8.00865],
							"post": [-0.79665, 2.67905, 8.00865],
							"lerp_mode": "catmullrom"
						},
						"0.5": [8.5, -15, -2],
						"1.0": [-11, 20, -3]
					},
					"position": {
						"0.0": [0, 0, 0.3],
						"0.25": {
							"pre": [0, 0.2, -0.05],
							"post": [0, 0.2, -0.05],
							"lerp_mode": "catmullrom"
						},
						"0.5": [0, 0, -0.4],
						"1.0": [0, 0, 0.3]
					}
				}
			}
		},
		"animation.trapinch.blink": {
			"animation_length": 0.1667,
			"bones": {
				"eyelid_left": {
					"position": {
						"0.0": [0.1, 0, 0],
						"0.125": [0.1, 0, 0],
						"0.1667": [0, 0, 0]
					}
				},
				"eyelid_right": {
					"position": {
						"0.0": [-0.1, 0, 0],
						"0.125": [-0.1, 0, 0],
						"0.1667": [0.1, 0, 0]
					}
				}
			}
		},
		"animation.trapinch.cry": {
			"animation_length": 1.2,
			"bones": {
				"neck": {
					"rotation": {
						"0.0": [0, 0, 0],
						"0.1667": {
							"pre": [-2.5, 0, 0],
							"post": [-2.5, 0, 0],
							"lerp_mode": "catmullrom"
						},
						"0.4583": {
							"post": [-5, 0, 0],
							"lerp_mode": "catmullrom"
						},
						"0.8333": [0, 0, 0]
					}
				},
				"head": {
					"rotation": {
						"0.0": [0, 0, 0],
						"0.0833": {
							"pre": [2.5, 0, 0],
							"post": [2.5, 0, 0],
							"lerp_mode": "catmullrom"
						},
						"0.1667": {
							"post": [0, 0, 0],
							"lerp_mode": "catmullrom"
						},
						"0.25": {
							"post": [2.5, 0, 0],
							"lerp_mode": "catmullrom"
						},
						"0.3333": {
							"post": [-2.5, 0, 0],
							"lerp_mode": "catmullrom"
						},
						"0.5417": {
							"post": [-5, 0, 0],
							"lerp_mode": "catmullrom"
						},
						"0.875": [0, 0, 0]
					}
				},
				"lower_head": {
					"rotation": {
						"0.0": [0, 0, 0],
						"0.0833": {
							"pre": [-5, 0, 0],
							"post": [-5, 0, 0],
							"lerp_mode": "catmullrom"
						},
						"0.125": {
							"post": [2.5, 0, 0],
							"lerp_mode": "catmullrom"
						},
						"0.2083": {
							"post": [0, 0, 0],
							"lerp_mode": "catmullrom"
						},
						"0.2917": {
							"post": [7.5, 0, 0],
							"lerp_mode": "catmullrom"
						},
						"0.5": {
							"post": [8.48, 0, 0],
							"lerp_mode": "catmullrom"
						},
						"0.75": [0, 0, 0]
					}
				}
			},
			"sound_effects": {
				"0.125": {
					"effect": "pokemon.trapinch.cry"
				}
			}
		}
	}
}