{
	"format_version": "1.8.0",
	"animations": {
		"animation.leafeon.ground_idle": {
			"loop": true,
			"bones": {
				"ear_left": {
					"rotation": [35, "-30-math.cos(q.anim_time*90*2-120)*-1.5", 0]
				},
				"ear2_right": {
					"rotation": [0, "-5-math.cos(q.anim_time*90*2-180)*-3", 0]
				},
				"ear_right": {
					"rotation": [35, "30+math.cos(q.anim_time*90*2-120)*-1.5", 0]
				},
				"ear2_left": {
					"rotation": [0, "5+math.cos(q.anim_time*90*2-180)*-3", 0]
				},
				"forehead_leaf": {
					"rotation": [10, 0, 0]
				},
				"forehead_leaf2": {
					"rotation": [-20, 0, 0]
				},
				"neck_leaf": {
					"rotation": [-10, 0, 0]
				},
				"neck_leaf2": {
					"rotation": [30, 0, 0]
				},
				"neck_leaf3": {
					"rotation": [25, 0, 0]
				},
				"tail": {
					"rotation": ["20-math.cos(q.anim_time*90*2-60)*-1", 0, 0]
				},
				"tail2": {
					"rotation": ["40-math.cos(q.anim_time*90*2-120)*-2", 0, 0]
				},
				"tail3": {
					"rotation": ["45-math.cos(q.anim_time*90*2-180)*-4", 0, 0]
				},
				"tail4": {
					"rotation": ["-45-math.cos(q.anim_time*90*2-240)*-6", 0, 0]
				},
				"front_leg_left": {
					"rotation": ["-1-math.cos(q.anim_time*90*2-0)*-1", 0, -1]
				},
				"elbow_left": {
					"rotation": ["-3.5-math.cos(q.anim_time*90*2-0)*2", 0, 0]
				},
				"frontpaw_left": {
					"rotation": ["4.5-math.cos(q.anim_time*90*2-0)*-1", 0, 1]
				},
				"front_leg_right": {
					"rotation": ["-1-math.cos(q.anim_time*90*2-0)*-1", 0, 1]
				},
				"elbow_right": {
					"rotation": ["-3.5-math.cos(q.anim_time*90*2-0)*2", 0, 0]
				},
				"frontpaw_right": {
					"rotation": ["4.5-math.cos(q.anim_time*90*2-0)*-1", 0, -1]
				},
				"back_leg_right": {
					"rotation": ["-0-math.cos(q.anim_time*90*2-0)*-0.5", 2.5, 5]
				},
				"foot_right": {
					"rotation": ["-0-math.cos(q.anim_time*90*2-0)*-0.35", 0, -5]
				},
				"back_leg_left": {
					"rotation": ["-0-math.cos(q.anim_time*90*2-0)*-0.5", -2.5, -5]
				},
				"foot_left": {
					"rotation": ["-0-math.cos(q.anim_time*90*2-0)*-0.35", 0, 5]
				},
				"body": {
					"position": [0, "-0.05+math.cos(q.anim_time*90*2-0)*-0.05", 0]
				},
				"torso": {
					"rotation": ["-0-math.cos(q.anim_time*90*2-0)*-0.5", 0, 0]
				},
				"neck": {
					"rotation": ["-0-math.cos(q.anim_time*90*2-60)*-0.85", 0, 0]
				},
				"head_angle": {
					"rotation": ["-0-math.cos(q.anim_time*90*2-90)*-1", 0, 0]
				},
				"ankle_right": {
					"rotation": ["-0-math.cos(q.anim_time*90*2-0)*1", 0, 0]
				},
				"ankle_left": {
					"rotation": ["-0-math.cos(q.anim_time*90*2-0)*1", 0, 0]
				}
			}
		},
		"animation.leafeon.battle_idle": {
			"loop": true,
			"bones": {
				"ear_left": {
					"rotation": [35, "-25-math.cos(q.anim_time*90*2*2-120)*-2", 0]
				},
				"ear2_right": {
					"rotation": [0, "-5-math.cos(q.anim_time*90*2*2-180)*-4.5", 0]
				},
				"ear_right": {
					"rotation": [35, "25+math.cos(q.anim_time*90*2*2-120)*-2", 0]
				},
				"ear2_left": {
					"rotation": [0, "5+math.cos(q.anim_time*90*2*2-180)*-4.5", 0]
				},
				"forehead_leaf": {
					"rotation": [10, 0, 0]
				},
				"forehead_leaf2": {
					"rotation": [-20, 0, 0]
				},
				"neck_leaf": {
					"rotation": [-10, 0, 0]
				},
				"neck_leaf2": {
					"rotation": [30, 0, 0]
				},
				"neck_leaf3": {
					"rotation": [25, 0, 0]
				},
				"tail": {
					"rotation": ["17.5-math.cos(q.anim_time*90*2*2-60)*-1", 0, 0]
				},
				"tail2": {
					"rotation": ["35-math.cos(q.anim_time*90*2*2-120)*-2", 0, 0]
				},
				"tail3": {
					"rotation": ["37.5-math.cos(q.anim_time*90*2*2-180)*-4", 0, 0]
				},
				"tail4": {
					"rotation": ["-45-math.cos(q.anim_time*90*2*2-240)*-6", 0, 0]
				},
				"front_leg_left": {
					"rotation": ["-11.5-math.cos(q.anim_time*90*2*2-0)*-1.25", 0, 4]
				},
				"elbow_left": {
					"rotation": ["-3.5-math.cos(q.anim_time*90*2*2-0)*2.5", 0, 0]
				},
				"frontpaw_left": {
					"rotation": ["15-math.cos(q.anim_time*90*2*2-0)*-1.15", 0, -4]
				},
				"front_leg_right": {
					"rotation": ["3-math.cos(q.anim_time*90*2*2-0)*-1", 0, -4]
				},
				"elbow_right": {
					"rotation": ["-13.5-math.cos(q.anim_time*90*2*2-0)*2", 0, 0]
				},
				"frontpaw_right": {
					"rotation": ["11-math.cos(q.anim_time*90*2*2-0)*-1", 0, 4]
				},
				"back_leg_right": {
					"rotation": ["-2.5-math.cos(q.anim_time*90*2*2-0)*-0.5", 2.5, 5]
				},
				"foot_right": {
					"rotation": ["11-math.cos(q.anim_time*90*2*2-0)*-0.35", 0, -5]
				},
				"back_leg_left": {
					"rotation": ["3-math.cos(q.anim_time*90*2*2-0)*-0.65", -2.5, -5]
				},
				"foot_left": {
					"rotation": ["-16-math.cos(q.anim_time*90*2*2-0)*-0.35", 0, 5]
				},
				"body": {
					"position": [0, "-0.315+math.cos(q.anim_time*90*2*2-0)*-0.05", -1]
				},
				"torso": {
					"rotation": ["5-math.cos(q.anim_time*90*2*2-0)*-0.5", 0, 0]
				},
				"neck": {
					"rotation": ["2.5-math.cos(q.anim_time*90*2*2-60)*-0.85", 0, 0]
				},
				"head_angle": {
					"rotation": ["-0-math.cos(q.anim_time*90*2*2-90)*-1", 0, 0]
				},
				"ankle_right": {
					"rotation": ["-7.5-math.cos(q.anim_time*90*2*2-0)*1", 0, 0]
				},
				"ankle_left": {
					"rotation": ["8-math.cos(q.anim_time*90*2*2-0)*1", 0, 0]
				},
				"torso3": {
					"rotation": [-5, 0, 0]
				},
				"knee_right": {
					"rotation": [-1, 0, 0]
				},
				"knee_left": {
					"rotation": [5, 0, 0]
				},
				"torso2": {
					"rotation": [-2.5, 0, 0]
				}
			}
		},
		"animation.leafeon.ground_walk": {
			"loop": true,
			"animation_length": 1,
			"bones": {
				"hair_left2": {
					"rotation": [7.5, 0, "math.cos(q.anim_time*90*8-180)*3"]
				},
				"hair_left3": {
					"rotation": [2.5, 0, "2.5+math.cos(q.anim_time*90*8-240)*5"],
					"position": [0, 0.1, 0]
				},
				"hair_left4": {
					"rotation": [0, 0, "4+math.cos(q.anim_time*90*8-300)*6.25"]
				},
				"hair_right2": {
					"rotation": [7.5, 0, "-math.cos(q.anim_time*90*8-180)*3"]
				},
				"hair_right3": {
					"rotation": [2.5, 0, "-2.5-math.cos(q.anim_time*90*8-240)*5"],
					"position": [0, 0.1, 0]
				},
				"hair_right4": {
					"rotation": [0, 0, "-4-math.cos(q.anim_time*90*8-300)*6.25"]
				},
				"body": {
					"position": {
						"0.0": [0, -0.525, 0],
						"0.125": [0, -0.3, 0],
						"0.25": [0, -0.25, 0],
						"0.375": [0, -0.3, 0],
						"0.5": [0, -0.525, 0],
						"0.625": [0, -0.3, 0],
						"0.75": [0, -0.25, 0],
						"0.875": [0, -0.3, 0],
						"1.0": [0, -0.525, 0]
					}
				},
				"torso": {
					"rotation": ["-0-math.cos(q.anim_time*90*8-0)*-0.5", 0, 0]
				},
				"neck": {
					"rotation": ["7-math.cos(q.anim_time*90*8-60)*-0.85", 0, 0]
				},
				"head_angle": {
					"rotation": ["-5-math.cos(q.anim_time*90*8-90)*-1", 0, 0]
				},
				"ear_left": {
					"rotation": [30, "-35-math.cos(q.anim_time*90*8-120)*-2", 0]
				},
				"ear2_right": {
					"rotation": [0, "-7.5-math.cos(q.anim_time*90*8-180)*-3.25", 0]
				},
				"ear_right": {
					"rotation": [30, "35+math.cos(q.anim_time*90*8-120)*-2", 0]
				},
				"ear2_left": {
					"rotation": [0, "7.5+math.cos(q.anim_time*90*8-180)*-3.25", 0]
				},
				"forehead_leaf": {
					"rotation": ["2.5-math.cos(q.anim_time*90*8-120)*-2", 0, 0]
				},
				"forehead_leaf2": {
					"rotation": ["-25-math.cos(q.anim_time*90*8-180)*-4.5", 0, 0]
				},
				"hair_left": {
					"rotation": [0, 0, 0]
				},
				"hair_right": {
					"rotation": [0, 0, 0]
				},
				"neck_leaf": {
					"rotation": ["-10-math.cos(q.anim_time*90*8-120)*-1", 0, 0]
				},
				"neck_leaf2": {
					"rotation": ["30-math.cos(q.anim_time*90*8-180)*-2.5", 0, 0]
				},
				"neck_leaf3": {
					"rotation": ["25-math.cos(q.anim_time*90*8-240)*-4", 0, 0]
				},
				"tail": {
					"rotation": ["17.5-math.cos(q.anim_time*90*8-60)*-1.5", "-0-math.cos(q.anim_time*90*4-60)*-2", 0]
				},
				"tail2": {
					"rotation": ["27.5-math.cos(q.anim_time*90*8-120)*-3.5", 0, 0]
				},
				"tail3": {
					"rotation": ["27.5-math.cos(q.anim_time*90*8-180)*-5", 0, 0]
				},
				"tail4": {
					"rotation": ["-32.5-math.cos(q.anim_time*90*8-240)*-7", 0, 0]
				},
				"front_leg_left": {
					"rotation": {
						"0.0": [-14.25, 0, 0],
						"0.5": [21.75, 0, 0],
						"0.75": {
							"pre": [8.75, 0, 0],
							"post": [8.75, 0, 0],
							"lerp_mode": "catmullrom"
						},
						"1.0": [-14.25, 0, 0]
					}
				},
				"elbow_left": {
					"rotation": {
						"0.0": [-6.5, 0, 0],
						"0.5": [-19, 0, 0],
						"0.75": {
							"pre": [-41.25, 0, 0],
							"post": [-41.25, 0, 0],
							"lerp_mode": "catmullrom"
						},
						"1.0": [-6.5, 0, 0]
					}
				},
				"frontpaw_left": {
					"rotation": {
						"0.0": [20.5, 0, 0],
						"0.5": [-2.5, 0, 0],
						"0.75": {
							"pre": [74.5, 0, 0],
							"post": [74.5, 0, 0],
							"lerp_mode": "catmullrom"
						},
						"1.0": [20.5, 0, 0]
					}
				},
				"front_leg_right": {
					"rotation": {
						"0.0": [21.75, 0, 0],
						"0.25": {
							"pre": [8.75, 0, 0],
							"post": [8.75, 0, 0],
							"lerp_mode": "catmullrom"
						},
						"0.5": [-14.25, 0, 0],
						"1.0": [21.75, 0, 0]
					}
				},
				"elbow_right": {
					"rotation": {
						"0.0": [-19, 0, 0],
						"0.25": {
							"pre": [-41.25, 0, 0],
							"post": [-41.25, 0, 0],
							"lerp_mode": "catmullrom"
						},
						"0.5": [-6.5, 0, 0],
						"1.0": [-19, 0, 0]
					}
				},
				"frontpaw_right": {
					"rotation": {
						"0.0": [-2.5, 0, 0],
						"0.25": {
							"pre": [74.5, 0, 0],
							"post": [74.5, 0, 0],
							"lerp_mode": "catmullrom"
						},
						"0.5": [20.5, 0, 0],
						"1.0": [-2.5, 0, 0]
					}
				},
				"back_leg_right": {
					"rotation": {
						"0.0": [-7.3, -1, 2],
						"0.5": [20.2, -1, 2],
						"0.75": {
							"pre": [8.95, -1, 2],
							"post": [8.95, -1, 2],
							"lerp_mode": "catmullrom"
						},
						"1.0": [-7.3, -1, 2]
					},
					"position": [0, 0, 0]
				},
				"knee_right": {
					"rotation": {
						"0.0": [0, 0, 0],
						"0.5": [-10, 0, 0],
						"0.75": {
							"pre": [13, 0, 0],
							"post": [13, 0, 0],
							"lerp_mode": "catmullrom"
						},
						"1.0": [0, 0, 0]
					}
				},
				"ankle_right": {
					"rotation": {
						"0.0": [-10, 0, 0],
						"0.5": [-3.5, 0, 0],
						"0.75": {
							"pre": [-6.75, 0, 0],
							"post": [-6.75, 0, 0],
							"lerp_mode": "catmullrom"
						},
						"1.0": [-10, 0, 0]
					}
				},
				"foot_right": {
					"rotation": {
						"0.0": [18, 0, -2],
						"0.5": [-7, 0, -2],
						"0.75": {
							"pre": [38, 0, -2],
							"post": [38, 0, -2],
							"lerp_mode": "catmullrom"
						},
						"1.0": [18, 0, -2]
					}
				},
				"back_leg_left": {
					"rotation": {
						"0.0": [20.2, 1, -2],
						"0.25": {
							"pre": [8.95, 1, -2],
							"post": [8.95, 1, -2],
							"lerp_mode": "catmullrom"
						},
						"0.5": [-7.3, 1, -2],
						"1.0": [20.2, 1, -2]
					},
					"position": {
						"0.0": [0, 0, 0],
						"1.0": [0, 0, 0]
					}
				},
				"knee_left": {
					"rotation": {
						"0.0": [-10, 0, 0],
						"0.25": {
							"pre": [13, 0, 0],
							"post": [13, 0, 0],
							"lerp_mode": "catmullrom"
						},
						"0.5": [0, 0, 0],
						"1.0": [-10, 0, 0]
					}
				},
				"ankle_left": {
					"rotation": {
						"0.0": [-3.5, 0, 0],
						"0.25": {
							"pre": [-6.75, 0, 0],
							"post": [-6.75, 0, 0],
							"lerp_mode": "catmullrom"
						},
						"0.5": [-10, 0, 0],
						"1.0": [-3.5, 0, 0]
					}
				},
				"foot_left": {
					"rotation": {
						"0.0": [-7, 0, 2],
						"0.25": {
							"pre": [38, 0, 2],
							"post": [38, 0, 2],
							"lerp_mode": "catmullrom"
						},
						"0.5": [18, 0, 2],
						"1.0": [-7, 0, 2]
					}
				}
			}
		},
		"animation.leafeon.blink": {
			"animation_length": 0.1667,
			"bones": {
				"eye_right": {
					"position": {
						"0.0": [0.1, 0, 0.1],
						"0.1667": {
							"pre": [0.1, 0, 0.1],
							"post": [0, 0, 0]
						}
					}
				},
				"eye_left": {
					"position": {
						"0.0": [-0.1, 0, 0.1],
						"0.1667": {
							"pre": [-0.1, 0, 0.1],
							"post": [0, 0, 0]
						}
					}
				},
				"eyelid_right": {
					"position": {
						"0.0": [-0.1, 0, -0.1],
						"0.1667": {
							"pre": [-0.1, 0, -0.1],
							"post": [0, 0, 0]
						}
					}
				},
				"eyelid_left": {
					"position": {
						"0.0": [0.1, 0, -0.1],
						"0.1667": {
							"pre": [0.1, 0, -0.1],
							"post": [0, 0, 0]
						}
					}
				}
			}
		},
		"animation.leafeon.pose": {
			"loop": true,
			"bones": {
				"body": {
					"rotation": [0, 42.5, 0]
				},
				"head_angle": {
					"rotation": [4.70412, -28.02432, 11.17023]
				},
				"ear_left": {
					"rotation": [20, -30, 10]
				},
				"ear2_right": {
					"rotation": [0, -10, 0]
				},
				"ear_right": {
					"rotation": [27, 27.5, 20.5]
				},
				"ear2_left": {
					"rotation": [0, 20, 0]
				},
				"forehead_leaf": {
					"rotation": [0, 0, 5]
				},
				"tail": {
					"rotation": [12.5, 0, 0]
				},
				"tail2": {
					"rotation": [37.5, 0, 0]
				},
				"tail3": {
					"rotation": [57.5, 0, 0]
				},
				"tail4": {
					"rotation": [-45, 0, 0]
				},
				"front_leg_left": {
					"rotation": [-15, 0, 0]
				},
				"frontpaw_left": {
					"rotation": [17.5, 0, 0]
				},
				"front_leg_right": {
					"rotation": [15, 0, 0]
				},
				"elbow_right": {
					"rotation": [-15, 0, 0]
				},
				"back_leg_left": {
					"rotation": [10, 0, -10]
				},
				"foot_left": {
					"rotation": [-9.99762, -0.10901, 10.00238]
				}
			}
		},
		"animation.leafeon.cry": {
			"animation_length": 2.0417,
			"bones": {
				"ear_left2": {
					"rotation": {
						"0.0": [0, 0, 0],
						"0.2083": {
							"pre": [4, 0, 0],
							"post": [4, 0, 0],
							"lerp_mode": "catmullrom"
						},
						"0.4583": {
							"post": [-1, 0, 0],
							"lerp_mode": "catmullrom"
						},
						"0.6667": {
							"post": [-2, 0, 0],
							"lerp_mode": "catmullrom"
						},
						"0.9167": {
							"post": [2, 0, 0],
							"lerp_mode": "catmullrom"
						},
						"1.125": {
							"post": [-2, 0, 0],
							"lerp_mode": "catmullrom"
						},
						"1.3333": {
							"post": [-3, 0, 0],
							"lerp_mode": "catmullrom"
						},
						"1.5833": {
							"post": [2, 0, 0],
							"lerp_mode": "catmullrom"
						},
						"1.9167": [0, 0, 0]
					}
				},
				"ear_left3": {
					"rotation": {
						"0.0": [0, 0, 0],
						"0.25": {
							"pre": [3, 0, 0],
							"post": [3, 0, 0],
							"lerp_mode": "catmullrom"
						},
						"0.5417": {
							"post": [-2, 0, 0],
							"lerp_mode": "catmullrom"
						},
						"0.75": {
							"post": [-3, 0, 0],
							"lerp_mode": "catmullrom"
						},
						"1.0": {
							"post": [1, 0, 0],
							"lerp_mode": "catmullrom"
						},
						"1.25": {
							"post": [-3, 0, 0],
							"lerp_mode": "catmullrom"
						},
						"1.4583": {
							"post": [-4, 0, 0],
							"lerp_mode": "catmullrom"
						},
						"1.7083": {
							"post": [0, 0, 0],
							"lerp_mode": "catmullrom"
						},
						"2.0417": [0, 0, 0]
					}
				},
				"ear_right2": {
					"rotation": {
						"0.0": [0, 0, 0],
						"0.2083": {
							"pre": [4, 0, 0],
							"post": [4, 0, 0],
							"lerp_mode": "catmullrom"
						},
						"0.4583": {
							"post": [-1, 0, 0],
							"lerp_mode": "catmullrom"
						},
						"0.6667": {
							"post": [-2, 0, 0],
							"lerp_mode": "catmullrom"
						},
						"0.9167": {
							"post": [2, 0, 0],
							"lerp_mode": "catmullrom"
						},
						"1.125": {
							"post": [-2, 0, 0],
							"lerp_mode": "catmullrom"
						},
						"1.3333": {
							"post": [-3, 0, 0],
							"lerp_mode": "catmullrom"
						},
						"1.5833": {
							"post": [2, 0, 0],
							"lerp_mode": "catmullrom"
						},
						"1.9167": [0, 0, 0]
					}
				},
				"ear_right3": {
					"rotation": {
						"0.0": [0, 0, 0],
						"0.25": {
							"pre": [3, 0, 0],
							"post": [3, 0, 0],
							"lerp_mode": "catmullrom"
						},
						"0.5417": {
							"post": [-2, 0, 0],
							"lerp_mode": "catmullrom"
						},
						"0.75": {
							"post": [-3, 0, 0],
							"lerp_mode": "catmullrom"
						},
						"1.0": {
							"post": [1, 0, 0],
							"lerp_mode": "catmullrom"
						},
						"1.25": {
							"post": [-3, 0, 0],
							"lerp_mode": "catmullrom"
						},
						"1.4583": {
							"post": [-4, 0, 0],
							"lerp_mode": "catmullrom"
						},
						"1.7083": {
							"post": [0, 0, 0],
							"lerp_mode": "catmullrom"
						},
						"2.0417": [0, 0, 0]
					}
				},
				"neck": {
					"rotation": {
						"0.0": [0, 0, 0],
						"0.125": {
							"pre": [-2.47079, -0.19831, -0.32113],
							"post": [-2.47079, -0.19831, -0.32113],
							"lerp_mode": "catmullrom"
						},
						"0.2917": {
							"post": [-4.97079, -0.19831, -0.32113],
							"lerp_mode": "catmullrom"
						},
						"0.4583": {
							"post": [-2.47079, -0.19831, -0.32113],
							"lerp_mode": "catmullrom"
						},
						"0.7083": {
							"post": [-3.47079, -0.19831, -0.32113],
							"lerp_mode": "catmullrom"
						},
						"1.125": {
							"post": [-4.97079, -0.19831, -0.32113],
							"lerp_mode": "catmullrom"
						},
						"1.5": [0, 0, 0]
					}
				},
				"head_angle": {
					"rotation": {
						"0.0": [0, 0, 0],
						"0.125": {
							"pre": [2.5, 0, 0],
							"post": [2.5, 0, 0],
							"lerp_mode": "catmullrom"
						},
						"0.2917": {
							"post": [-7.5, 0, 0],
							"lerp_mode": "catmullrom"
						},
						"0.4167": {
							"post": [-8.5, 0, 0],
							"lerp_mode": "catmullrom"
						},
						"0.5833": {
							"post": [-1.25, 0, 0],
							"lerp_mode": "catmullrom"
						},
						"0.8333": {
							"post": [-10.25, 0, 0],
							"lerp_mode": "catmullrom"
						},
						"1.25": {
							"post": [-14, 0, 0],
							"lerp_mode": "catmullrom"
						},
						"1.6667": [0, 0, 0]
					}
				},
				"mouth_open_thin": {
					"position": {
						"0.0": [0, 0, 0],
						"0.1667": {
							"pre": [0, 0, 0],
							"post": [0, 0, -0.1]
						},
						"0.2917": {
							"pre": [0, 0, -0.1],
							"post": [0, 0, 0]
						},
						"0.5833": {
							"pre": [0, 0, 0],
							"post": [0, 0, -0.1]
						},
						"1.2917": {
							"pre": [0, 0, -0.1],
							"post": [0, 0, 0]
						}
					}
				},
				"mouth_open_happy": {
					"position": {
						"0.0": [0, 0, 0],
						"0.1667": [0, 0, 0],
						"0.2917": {
							"pre": [0, 0, 0],
							"post": [0, 0, -0.1]
						},
						"0.5833": {
							"pre": [0, 0, -0.1],
							"post": [0, 0, 0]
						},
						"1.2917": [0, 0, 0]
					}
				},
				"ear_left": {
					"rotation": {
						"0.0": [0, 0, 0],
						"0.1667": {
							"pre": [0, 5, 0],
							"post": [0, 5, 0],
							"lerp_mode": "catmullrom"
						},
						"0.3333": {
							"post": [0, -7, 0],
							"lerp_mode": "catmullrom"
						},
						"0.5417": {
							"post": [0, -8, 0],
							"lerp_mode": "catmullrom"
						},
						"0.75": {
							"post": [0, 2, 0],
							"lerp_mode": "catmullrom"
						},
						"1.1667": {
							"post": [0, -8, 0],
							"lerp_mode": "catmullrom"
						},
						"1.6667": [0, 0, 0]
					}
				},
				"ear2_right": {
					"rotation": {
						"0.0": [0, 0, 0],
						"0.2083": {
							"pre": [0, 5, 0],
							"post": [0, 5, 0],
							"lerp_mode": "catmullrom"
						},
						"0.4167": {
							"post": [0, -7, 0],
							"lerp_mode": "catmullrom"
						},
						"0.625": {
							"post": [0, -8, 0],
							"lerp_mode": "catmullrom"
						},
						"0.8333": {
							"post": [0, 2, 0],
							"lerp_mode": "catmullrom"
						},
						"1.2917": {
							"post": [0, -8, 0],
							"lerp_mode": "catmullrom"
						},
						"1.7917": [0, 0, 0]
					}
				},
				"ear_right": {
					"rotation": {
						"0.0": [0, 0, 0],
						"0.1667": {
							"pre": [0, -5, 0],
							"post": [0, -5, 0],
							"lerp_mode": "catmullrom"
						},
						"0.3333": {
							"post": [0, 7, 0],
							"lerp_mode": "catmullrom"
						},
						"0.5417": {
							"post": [0, 8, 0],
							"lerp_mode": "catmullrom"
						},
						"0.75": {
							"post": [0, -2, 0],
							"lerp_mode": "catmullrom"
						},
						"1.1667": {
							"post": [0, 8, 0],
							"lerp_mode": "catmullrom"
						},
						"1.6667": [0, 0, 0]
					}
				},
				"ear2_left": {
					"rotation": {
						"0.0": [0, 0, 0],
						"0.2083": {
							"pre": [0, -5, 0],
							"post": [0, -5, 0],
							"lerp_mode": "catmullrom"
						},
						"0.4167": {
							"post": [0, 7, 0],
							"lerp_mode": "catmullrom"
						},
						"0.625": {
							"post": [0, 8, 0],
							"lerp_mode": "catmullrom"
						},
						"0.8333": {
							"post": [0, -2, 0],
							"lerp_mode": "catmullrom"
						},
						"1.2917": {
							"post": [0, 8, 0],
							"lerp_mode": "catmullrom"
						},
						"1.7917": [0, 0, 0]
					}
				},
				"forehead_leaf": {
					"rotation": {
						"0.0": [0, 0, 0],
						"0.25": {
							"pre": [4, 0, 0],
							"post": [4, 0, 0],
							"lerp_mode": "catmullrom"
						},
						"0.375": {
							"post": [-5, 0, 0],
							"lerp_mode": "catmullrom"
						},
						"0.5417": {
							"post": [-6, 0, 0],
							"lerp_mode": "catmullrom"
						},
						"0.75": {
							"post": [2, 0, 0],
							"lerp_mode": "catmullrom"
						},
						"1.0833": {
							"post": [-7, 0, 0],
							"lerp_mode": "catmullrom"
						},
						"1.4167": {
							"post": [-7, 0, 0],
							"lerp_mode": "catmullrom"
						},
						"1.75": [0, 0, 0]
					}
				},
				"forehead_leaf2": {
					"rotation": {
						"0.0": [0, 0, 0],
						"0.3333": {
							"pre": [4, 0, 0],
							"post": [4, 0, 0],
							"lerp_mode": "catmullrom"
						},
						"0.4583": {
							"post": [-5, 0, 0],
							"lerp_mode": "catmullrom"
						},
						"0.625": {
							"post": [-6, 0, 0],
							"lerp_mode": "catmullrom"
						},
						"0.8333": {
							"post": [2, 0, 0],
							"lerp_mode": "catmullrom"
						},
						"1.1667": {
							"post": [-7, 0, 0],
							"lerp_mode": "catmullrom"
						},
						"1.5": {
							"post": [-7, 0, 0],
							"lerp_mode": "catmullrom"
						},
						"1.8333": [0, 0, 0]
					}
				}
			},
			"sound_effects": {
				"0.125": {
					"effect": "pokemon.leafeon.cry"
				}
			}
		}
	}
}