{
	"format_version": "1.8.0",
	"animations": {
		"animation.grovyle.ground_idle": {
			"loop": true,
			"bones": {
				"torso": {
					"rotation": ["10+math.cos(q.anim_time*90*2-0)*0.95", 0, 0]
				},
				"torso2": {
					"rotation": ["5+math.cos(q.anim_time*90*2-60)*1.15", 0, 0]
				},
				"neck": {
					"rotation": ["-10+math.cos(q.anim_time*90*2-90)*1.5", 0, 0]
				},
				"head": {
					"rotation": [2.5, 0, 0]
				},
				"leaf7": {
					"rotation": ["-10+math.cos(q.anim_time*90*2-360)*8", 0, 0]
				},
				"jaw": {
					"rotation": [0, 0, 0]
				},
				"arm_left": {
					"rotation": [2.5, "7.5+math.cos(q.anim_time*90*2-90)*2", 40]
				},
				"arm_left2": {
					"rotation": [0, 52.5, 0]
				},
				"hand_left": {
					"rotation": [2.5, 0, 32.5]
				},
				"arm_leaves_left": {
					"rotation": [-25.08377, -4.53051, 2.11751]
				},
				"finger_front_left": {
					"rotation": [0, 0, 10]
				},
				"finger_back_left": {
					"rotation": [0, 0, 27.5]
				},
				"tail_left": {
					"rotation": ["-10+math.cos(q.anim_time*90*2-60)*2", 12.5, -2.5]
				},
				"tail_left2": {
					"rotation": ["-15+math.cos(q.anim_time*90*2-90)*3.5", 0, 0]
				},
				"leg_left": {
					"rotation": [0, -22.5, 0]
				},
				"leg_left2": {
					"rotation": [0, 0, 0]
				},
				"foot_left": {
					"rotation": [0, 0, 0]
				},
				"toe_inner_left": {
					"rotation": [0, 10, 0]
				},
				"toe_outer_left": {
					"rotation": [0, -10, 0]
				},
				"tail_right": {
					"rotation": ["-10+math.cos(q.anim_time*90*2-60)*2", -12.5, 2.5]
				},
				"leg_right": {
					"rotation": [0, 22.5, 0]
				},
				"leg_right2": {
					"rotation": [0, 0, 0]
				},
				"foot_right": {
					"rotation": [0, 0, 0]
				},
				"toe_inner_right": {
					"rotation": [0, -10, 0]
				},
				"toe_outer_right": {
					"rotation": [0, 10, 0]
				},
				"arm_right": {
					"rotation": [2.5, "-7.5-math.cos(q.anim_time*90*2-90)*2", -40]
				},
				"arm_right2": {
					"rotation": [0, -52.5, 0]
				},
				"hand_right": {
					"rotation": [2.5, 0, -32.5]
				},
				"finger_front_right": {
					"rotation": [0, 0, -10]
				},
				"finger_back_right": {
					"rotation": [0, 0, -27.5]
				},
				"arm_leaves_right": {
					"rotation": [-25.08377, 4.53051, -2.11751]
				},
				"tail_right2": {
					"rotation": ["-15+math.cos(q.anim_time*90*2-90)*3.5", 0, 0]
				},
				"finger_front_left2": {
					"rotation": [0, 0, 17.5]
				},
				"finger_back_left2": {
					"rotation": [0, 0, 22.5]
				},
				"finger_front_right2": {
					"rotation": [0, 0, -17.5]
				},
				"finger_back_right2": {
					"rotation": [0, 0, -22.5]
				},
				"leaf": {
					"rotation": ["-50+math.cos(q.anim_time*90*2-150)*1.5", 0, 0]
				},
				"leaf2": {
					"rotation": ["-37.5+math.cos(q.anim_time*90*2-180)*2", 0, 0]
				},
				"leaf3": {
					"rotation": ["-22.5+math.cos(q.anim_time*90*2-210)*3", 0, 0]
				},
				"leaf4": {
					"rotation": ["-25+math.cos(q.anim_time*90*2-240)*3.5", 0, 0]
				},
				"leaf5": {
					"rotation": ["-28+math.cos(q.anim_time*90*2-270)*4.5", 0, 0]
				},
				"leaf6": {
					"rotation": ["-19.5+math.cos(q.anim_time*90*2-300)*7", 0, 0]
				},
				"stick": {
					"rotation": [30, 40, 0]
				},
				"head_correction": {
					"rotation": ["-0+math.cos(q.anim_time*90*2-120)*1.5", 0, 0]
				}
			}
		},
		"animation.grovyle.ground_walk": {
			"loop": true,
			"animation_length": 1,
			"bones": {
				"torso": {
					"rotation": ["18.45+math.cos(q.anim_time*90*8-30)*0.95", "-0+math.cos(q.anim_time*90*4-60)*1.65", 0],
					"position": [0, "0-math.cos(q.anim_time*90*8-30)*0.08", 0]
				},
				"torso2": {
					"rotation": ["10.575+math.cos(q.anim_time*90*8-60)*1.15", 0, 0]
				},
				"neck": {
					"rotation": [-10, 0, 0]
				},
				"head": {
					"rotation": [2.5, 0, 0]
				},
				"leaf7": {
					"rotation": ["-2.5+math.cos(q.anim_time*90*8-480)*26", 0, 0]
				},
				"jaw": {
					"rotation": [0, 0, 0]
				},
				"arm_left": {
					"rotation": [2.5, "7.5-math.cos(q.anim_time*90*4+15)*-12", 40]
				},
				"arm_left2": {
					"rotation": [0, "52.5-math.cos(q.anim_time*90*4-30)*-8", 0]
				},
				"hand_left": {
					"rotation": [2.5, 0, 32.5]
				},
				"arm_leaves_left": {
					"rotation": [-25.08377, -4.53051, 2.11751]
				},
				"finger_front_left": {
					"rotation": [0, 0, 10]
				},
				"finger_back_left": {
					"rotation": [0, 0, 27.5]
				},
				"tail_left": {
					"rotation": ["-9+math.cos(q.anim_time*90*8-90)*-3", 12.5, -2.5]
				},
				"tail_left2": {
					"rotation": ["-15+math.cos(q.anim_time*90*8-150)*-5", 0, 0]
				},
				"leg_left": {
					"rotation": {
						"0.0": {
							"post": [0, -10, 0],
							"lerp_mode": "catmullrom"
						},
						"0.25": {
							"post": [-22.5, -10, 0],
							"lerp_mode": "catmullrom"
						},
						"0.5": {
							"post": [-40, -10, 0],
							"lerp_mode": "catmullrom"
						},
						"1.0": {
							"post": [0, -10, 0],
							"lerp_mode": "catmullrom"
						}
					},
					"position": {
						"0.0": {
							"post": [0.5, -0.2, 0],
							"lerp_mode": "catmullrom"
						},
						"0.25": {
							"post": [0.5, 0.5, 0],
							"lerp_mode": "catmullrom"
						},
						"0.5": {
							"post": [0.5, -0.8, 0],
							"lerp_mode": "catmullrom"
						},
						"1.0": {
							"post": [0.5, -0.2, 0],
							"lerp_mode": "catmullrom"
						}
					}
				},
				"leg_left2": {
					"rotation": {
						"0.0": {
							"post": [29.73, 0, 0],
							"lerp_mode": "catmullrom"
						},
						"0.1667": {
							"post": [24.73, 0, 0],
							"lerp_mode": "catmullrom"
						},
						"0.3333": {
							"post": [-8.5, 0, 0],
							"lerp_mode": "catmullrom"
						},
						"0.5": {
							"post": [-5.27, 0, 0],
							"lerp_mode": "catmullrom"
						},
						"1.0": {
							"post": [29.73, 0, 0],
							"lerp_mode": "catmullrom"
						}
					},
					"position": {
						"0.0": {
							"post": [0, 0, 0],
							"lerp_mode": "catmullrom"
						},
						"0.5": {
							"post": [0, 0.2, 0],
							"lerp_mode": "catmullrom"
						},
						"1.0": {
							"post": [0, 0, 0],
							"lerp_mode": "catmullrom"
						}
					}
				},
				"foot_left": {
					"rotation": {
						"0.0": {
							"post": [17.5, 0, 0],
							"lerp_mode": "catmullrom"
						},
						"0.1667": {
							"post": [65, 0, 0],
							"lerp_mode": "catmullrom"
						},
						"0.3333": {
							"post": [45, 0, 0],
							"lerp_mode": "catmullrom"
						},
						"0.5": {
							"post": [45, 0, 0],
							"lerp_mode": "catmullrom"
						},
						"1.0": {
							"post": [17.5, 0, 0],
							"lerp_mode": "catmullrom"
						}
					},
					"position": {
						"0.0": {
							"post": [0, 0, 0.3],
							"lerp_mode": "catmullrom"
						},
						"0.1667": {
							"post": [0, 1, 0.3],
							"lerp_mode": "catmullrom"
						},
						"0.3333": {
							"post": [0, 1.6, 0.3],
							"lerp_mode": "catmullrom"
						},
						"0.5": {
							"post": [0, 0, 0.3],
							"lerp_mode": "catmullrom"
						},
						"1.0": {
							"post": [0, 0, 0.3],
							"lerp_mode": "catmullrom"
						}
					}
				},
				"toe_inner_left": {
					"rotation": {
						"0.0": {
							"post": [-46, 10, 0],
							"lerp_mode": "catmullrom"
						},
						"0.1667": {
							"post": [-55, 0, 0],
							"lerp_mode": "catmullrom"
						},
						"0.3333": {
							"post": [40, 0, 0],
							"lerp_mode": "catmullrom"
						},
						"0.5": {
							"post": [0, 0, 0],
							"lerp_mode": "catmullrom"
						},
						"1.0": {
							"post": [-46, 10, 0],
							"lerp_mode": "catmullrom"
						}
					},
					"position": {
						"0.0": {
							"post": [0, -0.4, 1],
							"lerp_mode": "catmullrom"
						},
						"0.1667": {
							"post": [0, -0.8, 1.5],
							"lerp_mode": "catmullrom"
						},
						"0.3333": {
							"post": [0, -0.03, 0.18],
							"lerp_mode": "catmullrom"
						},
						"0.5": {
							"post": [0, 0, 0],
							"lerp_mode": "catmullrom"
						},
						"1.0": {
							"post": [0, -0.4, 1],
							"lerp_mode": "catmullrom"
						}
					}
				},
				"toe_outer_left": {
					"rotation": {
						"0.0": {
							"post": [-46, -10, 0],
							"lerp_mode": "catmullrom"
						},
						"0.1667": {
							"post": [-55, 0, 0],
							"lerp_mode": "catmullrom"
						},
						"0.3333": {
							"post": [42.5, 0, 0],
							"lerp_mode": "catmullrom"
						},
						"0.5": {
							"post": [0, 0, 0],
							"lerp_mode": "catmullrom"
						},
						"1.0": {
							"post": [-46, -10, 0],
							"lerp_mode": "catmullrom"
						}
					},
					"position": {
						"0.0": {
							"post": [0, -0.2, 0.9],
							"lerp_mode": "catmullrom"
						},
						"0.1667": {
							"post": [0, -0.8, 1.5],
							"lerp_mode": "catmullrom"
						},
						"0.3333": {
							"post": [0, -0.03, 0.18],
							"lerp_mode": "catmullrom"
						},
						"0.5": {
							"post": [0, 0, 0],
							"lerp_mode": "catmullrom"
						},
						"1.0": {
							"post": [0, -0.2, 0.9],
							"lerp_mode": "catmullrom"
						}
					}
				},
				"tail_right": {
					"rotation": ["-9+math.cos(q.anim_time*90*8-90)*-3", -12.5, 2.5]
				},
				"leg_right": {
					"rotation": {
						"0.0": {
							"post": [-40, 10, 0],
							"lerp_mode": "catmullrom"
						},
						"0.5": {
							"post": [0, 10, 0],
							"lerp_mode": "catmullrom"
						},
						"0.75": {
							"post": [-22.5, 10, 0],
							"lerp_mode": "catmullrom"
						},
						"1.0": {
							"post": [-40, 10, 0],
							"lerp_mode": "catmullrom"
						}
					},
					"position": {
						"0.0": {
							"post": [-0.5, -0.8, 0],
							"lerp_mode": "catmullrom"
						},
						"0.5": {
							"post": [-0.5, -0.2, 0],
							"lerp_mode": "catmullrom"
						},
						"0.75": {
							"post": [-0.5, 0.5, 0],
							"lerp_mode": "catmullrom"
						},
						"1.0": {
							"post": [-0.5, -0.8, 0],
							"lerp_mode": "catmullrom"
						}
					}
				},
				"leg_right2": {
					"rotation": {
						"0.0": {
							"post": [-5.27, 0, 0],
							"lerp_mode": "catmullrom"
						},
						"0.5": {
							"post": [29.73, 0, 0],
							"lerp_mode": "catmullrom"
						},
						"0.6667": {
							"post": [24.73, 0, 0],
							"lerp_mode": "catmullrom"
						},
						"0.8333": {
							"post": [-8.5, 0, 0],
							"lerp_mode": "catmullrom"
						},
						"1.0": {
							"post": [-5.27, 0, 0],
							"lerp_mode": "catmullrom"
						}
					},
					"position": {
						"0.0": {
							"post": [0, 0.2, 0],
							"lerp_mode": "catmullrom"
						},
						"0.5": {
							"post": [0, 0, 0],
							"lerp_mode": "catmullrom"
						},
						"1.0": {
							"post": [0, 0.2, 0],
							"lerp_mode": "catmullrom"
						}
					}
				},
				"foot_right": {
					"rotation": {
						"0.0": {
							"post": [45, 0, 0],
							"lerp_mode": "catmullrom"
						},
						"0.5": {
							"post": [17.5, 0, 0],
							"lerp_mode": "catmullrom"
						},
						"0.6667": {
							"post": [65, 0, 0],
							"lerp_mode": "catmullrom"
						},
						"0.8333": {
							"post": [45, 0, 0],
							"lerp_mode": "catmullrom"
						},
						"1.0": {
							"post": [45, 0, 0],
							"lerp_mode": "catmullrom"
						}
					},
					"position": {
						"0.0": {
							"post": [0, 0, 0.3],
							"lerp_mode": "catmullrom"
						},
						"0.5": {
							"post": [0, 0, 0.3],
							"lerp_mode": "catmullrom"
						},
						"0.6667": {
							"post": [0, 1, 0.3],
							"lerp_mode": "catmullrom"
						},
						"0.8333": {
							"post": [0, 1.6, 0.3],
							"lerp_mode": "catmullrom"
						},
						"1.0": {
							"post": [0, 0, 0.3],
							"lerp_mode": "catmullrom"
						}
					}
				},
				"toe_inner_right": {
					"rotation": {
						"0.0": {
							"post": [0, 0, 0],
							"lerp_mode": "catmullrom"
						},
						"0.5": {
							"post": [-46, -10, 0],
							"lerp_mode": "catmullrom"
						},
						"0.6667": {
							"post": [-55, 0, 0],
							"lerp_mode": "catmullrom"
						},
						"0.8333": {
							"post": [40, 0, 0],
							"lerp_mode": "catmullrom"
						},
						"1.0": {
							"post": [0, 0, 0],
							"lerp_mode": "catmullrom"
						}
					},
					"position": {
						"0.0": {
							"post": [0, 0, 0],
							"lerp_mode": "catmullrom"
						},
						"0.5": {
							"post": [0, -0.4, 1],
							"lerp_mode": "catmullrom"
						},
						"0.6667": {
							"post": [0, -0.8, 1.5],
							"lerp_mode": "catmullrom"
						},
						"0.8333": {
							"post": [0, -0.03, 0.18],
							"lerp_mode": "catmullrom"
						},
						"1.0": {
							"post": [0, 0, 0],
							"lerp_mode": "catmullrom"
						}
					}
				},
				"toe_outer_right": {
					"rotation": {
						"0.0": {
							"post": [0, 0, 0],
							"lerp_mode": "catmullrom"
						},
						"0.5": {
							"post": [-46, 10, 0],
							"lerp_mode": "catmullrom"
						},
						"0.6667": {
							"post": [-55, 0, 0],
							"lerp_mode": "catmullrom"
						},
						"0.8333": {
							"post": [42.5, 0, 0],
							"lerp_mode": "catmullrom"
						},
						"1.0": {
							"post": [0, 0, 0],
							"lerp_mode": "catmullrom"
						}
					},
					"position": {
						"0.0": {
							"post": [0, 0, 0],
							"lerp_mode": "catmullrom"
						},
						"0.5": {
							"post": [0, -0.2, 0.9],
							"lerp_mode": "catmullrom"
						},
						"0.6667": {
							"post": [0, -0.8, 1.5],
							"lerp_mode": "catmullrom"
						},
						"0.8333": {
							"post": [0, -0.03, 0.18],
							"lerp_mode": "catmullrom"
						},
						"1.0": {
							"post": [0, 0, 0],
							"lerp_mode": "catmullrom"
						}
					}
				},
				"arm_right": {
					"rotation": [2.5, "-7.5+math.cos(q.anim_time*90*4+15)*12", -40]
				},
				"arm_right2": {
					"rotation": [0, "-52.5+math.cos(q.anim_time*90*4-30)*8", 0]
				},
				"hand_right": {
					"rotation": [2.5, 0, -32.5]
				},
				"finger_front_right": {
					"rotation": [0, 0, -10]
				},
				"finger_back_right": {
					"rotation": [0, 0, -27.5]
				},
				"arm_leaves_right": {
					"rotation": [-25.08377, 4.53051, -2.11751]
				},
				"tail_right2": {
					"rotation": ["-15+math.cos(q.anim_time*90*8-150)*-5", 0, 0]
				},
				"finger_front_left2": {
					"rotation": [0, 0, 17.5]
				},
				"finger_back_left2": {
					"rotation": [0, 0, 22.5]
				},
				"finger_front_right2": {
					"rotation": [0, 0, -17.5]
				},
				"finger_back_right2": {
					"rotation": [0, 0, -22.5]
				},
				"leaf": {
					"rotation": ["-67.5+math.cos(q.anim_time*90*8-120)*2", 0, 0]
				},
				"leaf2": {
					"rotation": ["-25+math.cos(q.anim_time*90*8-180)*4", 0, 0]
				},
				"leaf3": {
					"rotation": ["-15+math.cos(q.anim_time*90*8-240)*8", 0, 0]
				},
				"leaf4": {
					"rotation": ["-17.5+math.cos(q.anim_time*90*8-300)*10", 0, 0]
				},
				"leaf5": {
					"rotation": ["-15.5+math.cos(q.anim_time*90*8-360)*16", 0, 0]
				},
				"leaf6": {
					"rotation": ["-7.5+math.cos(q.anim_time*90*8-420)*18", 0, 0]
				},
				"stick": {
					"rotation": [30, 40, 0]
				},
				"body": {
					"position": [0, "0-math.cos(q.anim_time*90*8-0)*0.35", 0]
				},
				"head_correction": {
					"rotation": ["-10.75+math.cos(q.anim_time*90*8-90)*1.45", 0, 0]
				}
			}
		},
		"animation.grovyle.blink": {
			"animation_length": 0.1667,
			"bones": {
				"eyelid_right": {
					"position": {
						"0.0": [-0.1, 0, 0],
						"0.125": [-0.1, 0, 0],
						"0.1667": {"pre": [-0.1, 0, 0], "post": [0, 0, 0]}
					}
				},
				"eyelid_left": {
					"position": {
						"0.0": [0.1, 0, 0],
						"0.125": [0.1, 0, 0],
						"0.1667": {"pre": [0.1, 0, 0], "post": [0, 0, 0]}
					}
				},
				"eye_left": {
					"position": {
						"0.0": [-0.1, 0, 0],
						"0.125": [-0.1, 0, 0],
						"0.1667": {"pre": [-0.1, 0, 0], "post": [0, 0, 0]}
					}
				},
				"eye_right": {
					"position": {
						"0.0": [0.1, 0, 0],
						"0.125": [0.1, 0, 0],
						"0.1667": {"pre": [0.1, 0, 0], "post": [0, 0, 0]}
					}
				}
			}
		},
		"animation.grovyle.cry": {
			"animation_length": 1.3333,
			"bones": {
				"jaw": {
					"rotation": {
						"0.0417": [0, 0, 0],
						"0.1667": {
							"pre": [15, 0, 0],
							"post": [15, 0, 0],
							"lerp_mode": "catmullrom"
						},
						"0.25": {
							"post": [15, 0, 0],
							"lerp_mode": "catmullrom"
						},
						"0.2917": {
							"post": [12.5, 0, 0],
							"lerp_mode": "catmullrom"
						},
						"0.4167": {
							"post": [16, 0, 0],
							"lerp_mode": "catmullrom"
						},
						"0.4583": {
							"post": [13.5, 0, 0],
							"lerp_mode": "catmullrom"
						},
						"0.5833": {
							"post": [17.5, 0, 0],
							"lerp_mode": "catmullrom"
						},
						"1.0": {
							"post": [18, 0, 0],
							"lerp_mode": "catmullrom"
						},
						"1.2083": [0, 0, 0]
					}
				},
				"neck": {
					"rotation": {
						"0.0": [0, 0, 0],
						"0.1667": {
							"pre": [-2.5, 0, 0],
							"post": [-2.5, 0, 0],
							"lerp_mode": "catmullrom"
						},
						"0.2917": {
							"post": [0, 0, 0],
							"lerp_mode": "catmullrom"
						},
						"0.4167": {
							"post": [-2.5, 0, 0],
							"lerp_mode": "catmullrom"
						},
						"0.5417": {
							"post": [0, 0, 0],
							"lerp_mode": "catmullrom"
						},
						"0.7917": {
							"post": [-5, 0, 0],
							"lerp_mode": "catmullrom"
						},
						"1.2083": [0, 0, 0]
					}
				},
				"head": {
					"rotation": {
						"0.0": [0, 0, 0],
						"0.0833": {
							"pre": [5, 0, 0],
							"post": [5, 0, 0],
							"lerp_mode": "catmullrom"
						},
						"0.2083": {
							"post": [-5, 0, 0],
							"lerp_mode": "catmullrom"
						},
						"0.3333": {
							"post": [0, 0, 0],
							"lerp_mode": "catmullrom"
						},
						"0.4583": {
							"post": [-5, 0, 0],
							"lerp_mode": "catmullrom"
						},
						"0.5833": {
							"post": [0, 0, 0],
							"lerp_mode": "catmullrom"
						},
						"0.8333": {
							"post": [-7.5, 0, 0],
							"lerp_mode": "catmullrom"
						},
						"1.25": [0, 0, 0]
					}
				}
			},
			"sound_effects": {
				"0.1667": {
					"effect": "pokemon.grovyle.cry"
				}
			}
		}
	}
}