{
	"format_version": "1.8.0",
	"animations": {
		"animation.umbreon.ground_idle": {
			"loop": true,
			"bones": {
				"body": {
					"position": [0, "-0.15-math.cos(q.anim_time*90*2-0)*-0.07", 0]
				},
				"ear_left": {
					"rotation": ["-20-math.cos(q.anim_time*90*2-150)*2", 0, 0]
				},
				"ear_left2": {
					"rotation": ["-2.5-math.cos(q.anim_time*90*2-180)*2.5", 0, 0]
				},
				"ear_right": {
					"rotation": ["-20-math.cos(q.anim_time*90*2-150)*2", 0, 0]
				},
				"ear_right2": {
					"rotation": ["-2.5-math.cos(q.anim_time*90*2-180)*2.5", 0, 0]
				},
				"tail": {
					"rotation": ["35-math.cos(q.anim_time*90*2-45)*3", "0-math.cos(q.anim_time*90*1-45)*1", 0]
				},
				"tail2": {
					"rotation": ["2.5-math.cos(q.anim_time*90*2-90)*1", "0-math.cos(q.anim_time*90*1-90)*2", 0]
				},
				"tail3": {
					"rotation": ["2.5-math.cos(q.anim_time*90*2-135)*1.65", "0-math.cos(q.anim_time*90*1-135)*3", 0]
				},
				"front_leg_left": {
					"rotation": ["0.5-math.cos(q.anim_time*90*2-0)*1.15", 0, 0]
				},
				"elbow_left": {
					"rotation": ["-7.5-math.cos(q.anim_time*90*2-0)*-2.5", 0, 0]
				},
				"frontpaw_left": {
					"rotation": ["7.5-math.cos(q.anim_time*90*2-0)*1.2", 0, 0]
				},
				"front_leg_right": {
					"rotation": ["0.5-math.cos(q.anim_time*90*2-0)*1.15", 0, 0]
				},
				"elbow_right": {
					"rotation": ["-7.5-math.cos(q.anim_time*90*2-0)*-2.5", 0, 0]
				},
				"frontpaw_right": {
					"rotation": ["7.5-math.cos(q.anim_time*90*2-0)*1.2", 0, 0]
				},
				"back_leg_left": {
					"rotation": ["5-math.cos(q.anim_time*90*2-0)*1", 0, -4],
					"position": [0, -0.045, 0]
				},
				"ankle_left": {
					"rotation": ["-5-math.cos(q.anim_time*90*2-0)*-1.95", 0, 0]
				},
				"foot_left": {
					"rotation": ["2-math.cos(q.anim_time*90*2-0)*0.95", 0, 4]
				},
				"back_leg_right": {
					"rotation": ["5-math.cos(q.anim_time*90*2-0)*1", 0, 4],
					"position": [0, -0.045, 0]
				},
				"ankle_right": {
					"rotation": ["-5-math.cos(q.anim_time*90*2-0)*-1.95", 0, 0]
				},
				"foot_right": {
					"rotation": ["2-math.cos(q.anim_time*90*2-0)*0.95", 0, -4]
				},
				"torso": {
					"rotation": ["0-math.cos(q.anim_time*90*2-0)*0.5", 0, 0]
				},
				"torso2": {
					"rotation": [2.5, 0, 0]
				},
				"torso3": {
					"rotation": [-2.5, 0, 0]
				},
				"neck": {
					"rotation": ["2.5-math.cos(q.anim_time*90*2-60)*0.85", 0, 0]
				},
				"head_angle": {
					"rotation": ["0.5-math.cos(q.anim_time*90*2-90)*1.15", 0, 0]
				},
				"tail4": {
					"rotation": ["0-math.cos(q.anim_time*90*2-180)*3", 0, 0]
				},
				"knee_left": {
					"rotation": [-2, 0, 0]
				},
				"knee_right": {
					"rotation": [-2, 0, 0]
				}
			}
		},
		"animation.umbreon.battle_idle": {
			"loop": true,
			"bones": {
				"body": {
					"position": [0, "-0.985-math.cos(q.anim_time*90*2*2-0)*-0.07", 0]
				},
				"ear_left": {
					"rotation": ["-20-math.cos(q.anim_time*90*2*2-150)*2", 0, 0]
				},
				"ear_left2": {
					"rotation": ["-2.5-math.cos(q.anim_time*90*2*2-180)*2.5", 0, 0]
				},
				"ear_right": {
					"rotation": ["-20-math.cos(q.anim_time*90*2*2-150)*2", 0, 0]
				},
				"ear_right2": {
					"rotation": ["-2.5-math.cos(q.anim_time*90*2*2-180)*2.5", 0, 0]
				},
				"tail": {
					"rotation": ["35-math.cos(q.anim_time*90*2*2-45)*3", "0-math.cos(q.anim_time*90*2*1-45)*1", 0]
				},
				"tail2": {
					"rotation": ["2.5-math.cos(q.anim_time*90*2*2-90)*1", "0-math.cos(q.anim_time*90*2*1-90)*2", 0]
				},
				"tail3": {
					"rotation": ["2.5-math.cos(q.anim_time*90*2*2-135)*1.65", "0-math.cos(q.anim_time*90*2*1-135)*3", 0]
				},
				"front_leg_left": {
					"rotation": ["23-math.cos(q.anim_time*90*2*2-0)*0.9", 0, -3],
					"position": [0, 0, 0.4]
				},
				"elbow_left": {
					"rotation": ["-32.5-math.cos(q.anim_time*90*2*2-0)*-1.75", 0, 0]
				},
				"frontpaw_left": {
					"rotation": ["10-math.cos(q.anim_time*90*2*2-0)*0.65", 0, 3]
				},
				"front_leg_right": {
					"rotation": ["-12-math.cos(q.anim_time*90*2*2-0)*1.15", 0, 3]
				},
				"elbow_right": {
					"rotation": ["-16-math.cos(q.anim_time*90*2*2-0)*-2.5", 0, 0]
				},
				"frontpaw_right": {
					"rotation": ["28-math.cos(q.anim_time*90*2*2-0)*1.2", 0, -3]
				},
				"back_leg_left": {
					"rotation": ["-2.5-math.cos(q.anim_time*90*2*2-0)*0.65", 0, -4],
					"position": [0, -0.045, 0]
				},
				"ankle_left": {
					"rotation": ["-21.5-math.cos(q.anim_time*90*2*2-0)*-1.35", 0, 0]
				},
				"foot_left": {
					"rotation": ["19-math.cos(q.anim_time*90*2*2-0)*0.75", 0, 4]
				},
				"back_leg_right": {
					"rotation": ["23.5-math.cos(q.anim_time*90*2*2-0)*0.75", 0, 4],
					"position": [0, -0.045, 0]
				},
				"ankle_right": {
					"rotation": ["-13.5-math.cos(q.anim_time*90*2*2-0)*-1.25", 0, 0]
				},
				"foot_right": {
					"rotation": ["-4-math.cos(q.anim_time*90*2*2-0)*0.55", 0, -4]
				},
				"torso": {
					"rotation": ["5-math.cos(q.anim_time*90*2*2-0)*0.5", 0, 0]
				},
				"torso2": {
					"rotation": [2.5, 0, 0]
				},
				"torso3": {
					"rotation": [-5, 0, 0]
				},
				"neck": {
					"rotation": ["16.5-math.cos(q.anim_time*90*2*2-60)*0.85", 0, 0]
				},
				"head_angle": {
					"rotation": ["-16.5-math.cos(q.anim_time*90*2*2-90)*1.15", 0, 0]
				},
				"tail4": {
					"rotation": ["0-math.cos(q.anim_time*90*2*2-180)*3", 0, 0]
				},
				"knee_left": {
					"rotation": [5.5, 0, 0]
				},
				"knee_right": {
					"rotation": [-5.75, 0, 0]
				}
			}
		},
		"animation.umbreon.ground_walk": {
			"loop": true,
			"animation_length": 1,
			"bones": {
				"body": {
					"position": {
						"0.0": [0, -1.25, 0],
						"0.125": [0, -0.9, 0],
						"0.25": [0, -0.73, 0],
						"0.375": [0, -0.9, 0],
						"0.5": [0, -1.25, 0],
						"0.625": [0, -0.9, 0],
						"0.75": [0, -0.73, 0],
						"0.875": [0, -0.9, 0],
						"1.0": [0, -1.25, 0]
					}
				},
				"torso": {
					"rotation": ["-0.5-math.cos(q.anim_time*90*8-30)*-0.5", 0, 0]
				},
				"torso3": {
					"rotation": [-0.64952, 0, 0]
				},
				"neck": {
					"rotation": ["-0.475-math.cos(q.anim_time*90*8-90)*-1", 0, 0]
				},
				"head_angle": {
					"rotation": ["7.5-math.cos(q.anim_time*90*8-120)*-1.5", 0, 0]
				},
				"ear_left": {
					"rotation": ["-15-math.cos(q.anim_time*90*8-180)*-3", 0, 0]
				},
				"ear_left2": {
					"rotation": ["-3-math.cos(q.anim_time*90*8-210)*-2", 0, 0]
				},
				"ear_right": {
					"rotation": ["-15-math.cos(q.anim_time*90*8-180)*-3", 0, 0]
				},
				"ear_right2": {
					"rotation": ["-3-math.cos(q.anim_time*90*8-210)*-2", 0, 0]
				},
				"tail": {
					"rotation": ["22.5-math.cos(q.anim_time*90*8-45)*-1.5", "0-math.cos(q.anim_time*90*4-45)*-1.5", 0]
				},
				"tail2": {
					"rotation": ["3.5-math.cos(q.anim_time*90*8-90)*-2.5", "0-math.cos(q.anim_time*90*4-90)*-3", 0]
				},
				"tail3": {
					"rotation": ["4-math.cos(q.anim_time*90*8-135)*-3", "0-math.cos(q.anim_time*90*4-135)*-5", 0]
				},
				"tail4": {
					"rotation": ["5-math.cos(q.anim_time*90*8-180)*-3", 0, 0]
				},
				"front_leg_left": {
					"rotation": {
						"0.0": [-3.75, -2.5, -1],
						"0.5": [32.75, -2.5, -1],
						"0.75": {
							"pre": [37.4198, -1.65452, -0.84217],
							"post": [37.4198, -1.65452, -0.84217],
							"lerp_mode": "catmullrom"
						},
						"1.0": [-3.75, -2.5, -1]
					}
				},
				"elbow_left": {
					"rotation": {
						"0.0": [-24.5, 0, 0],
						"0.5": [-17, 0, 0],
						"0.75": {
							"pre": [-53.75, 0, 0],
							"post": [-53.75, 0, 0],
							"lerp_mode": "catmullrom"
						},
						"1.0": [-24.5, 0, 0]
					}
				},
				"frontpaw_left": {
					"rotation": {
						"0.0": [29, 0, 1],
						"0.5": [-15, 0, 1],
						"0.75": {
							"pre": [69.5, 0, 0],
							"post": [69.5, 0, 0],
							"lerp_mode": "catmullrom"
						},
						"1.0": [29, 0, 1]
					}
				},
				"front_leg_right": {
					"rotation": {
						"0.0": [32.75, 2.5, 1],
						"0.25": {
							"pre": [37.4198, 1.65452, 0.84217],
							"post": [37.4198, 1.65452, 0.84217],
							"lerp_mode": "catmullrom"
						},
						"0.5": [-3.75, 2.5, 1],
						"1.0": [32.75, 2.5, 1]
					}
				},
				"elbow_right": {
					"rotation": {
						"0.0": [-17, 0, 0],
						"0.25": {
							"pre": [-53.75, 0, 0],
							"post": [-53.75, 0, 0],
							"lerp_mode": "catmullrom"
						},
						"0.5": [-24.5, 0, 0],
						"1.0": [-17, 0, 0]
					}
				},
				"frontpaw_right": {
					"rotation": {
						"0.0": [-15, 0, -1],
						"0.25": {
							"pre": [69.5, 0, 0],
							"post": [69.5, 0, 0],
							"lerp_mode": "catmullrom"
						},
						"0.5": [29, 0, -1],
						"1.0": [-15, 0, -1]
					}
				},
				"back_leg_left": {
					"rotation": {
						"0.0": [20.2, -5, -1.5],
						"0.25": {
							"pre": [17.45, -5, -1.5],
							"post": [17.45, -5, -1.5],
							"lerp_mode": "catmullrom"
						},
						"0.5": [-1.8, -5, -1.5],
						"1.0": [20.2, -5, -1.5]
					},
					"position": {
						"0.0": [0, 0, 0],
						"0.5": [0, 0, 0],
						"0.75": [0, -0.2, 0],
						"1.0": [0, 0, 0]
					}
				},
				"knee_left": {
					"rotation": {
						"0.0": [0, 0, 0],
						"0.25": {
							"pre": [5, 0, 0],
							"post": [5, 0, 0],
							"lerp_mode": "catmullrom"
						},
						"0.5": [7, 0, 0],
						"1.0": [0, 0, 0]
					},
					"position": {
						"0.0": [0, 0, 0],
						"0.5": [0, 0, 0],
						"1.0": [0, 0, 0]
					}
				},
				"ankle_left": {
					"rotation": {
						"0.0": [-7.75, 0, 0],
						"0.25": {
							"pre": [-36.5, 0, 0],
							"post": [-36.5, 0, 0],
							"lerp_mode": "catmullrom"
						},
						"0.375": {
							"post": [-33.14, 0, 0],
							"lerp_mode": "catmullrom"
						},
						"0.5": [-23.75, 0, 0],
						"1.0": [-7.75, 0, 0]
					}
				},
				"foot_left": {
					"rotation": {
						"0.0": [-12.5, 0, 1.5],
						"0.25": {
							"pre": [59.63114, 1.08361, 2.34569],
							"post": [59.63114, 1.08361, 2.34569],
							"lerp_mode": "catmullrom"
						},
						"0.375": {
							"post": [54.23002, 0.60953, 1.9757],
							"lerp_mode": "catmullrom"
						},
						"0.5": [18.5, 0, 1.5],
						"1.0": [-12.5, 0, 1.5]
					}
				},
				"back_leg_right": {
					"rotation": {
						"0.0": [-1.8, 5, 1.5],
						"0.5": [20.2, 5, 1.5],
						"0.75": {
							"pre": [17.45, 5, 1.5],
							"post": [17.45, 5, 1.5],
							"lerp_mode": "catmullrom"
						},
						"1.0": [-1.8, 5, 1.5]
					},
					"position": {
						"0.0": [0, 0, 0],
						"0.25": [0, -0.2, 0],
						"0.5": [0, 0, 0],
						"1.0": [0, 0, 0]
					}
				},
				"knee_right": {
					"rotation": {
						"0.0": [7, 0, 0],
						"0.5": [0, 0, 0],
						"0.75": {
							"pre": [5, 0, 0],
							"post": [5, 0, 0],
							"lerp_mode": "catmullrom"
						},
						"1.0": [7, 0, 0]
					},
					"position": {
						"0.0": [0, 0, 0],
						"0.5": [0, 0, 0],
						"1.0": [0, 0, 0]
					}
				},
				"ankle_right": {
					"rotation": {
						"0.0": [-23.75, 0, 0],
						"0.5": [-7.75, 0, 0],
						"0.75": {
							"pre": [-36.5, 0, 0],
							"post": [-36.5, 0, 0],
							"lerp_mode": "catmullrom"
						},
						"0.875": {
							"post": [-33.14, 0, 0],
							"lerp_mode": "catmullrom"
						},
						"1.0": [-23.75, 0, 0]
					}
				},
				"foot_right": {
					"rotation": {
						"0.0": [18.5, 0, -1.5],
						"0.5": [-12.5, 0, -1.5],
						"0.75": {
							"pre": [59.63114, -1.08361, -2.34569],
							"post": [59.63114, -1.08361, -2.34569],
							"lerp_mode": "catmullrom"
						},
						"0.875": {
							"post": [54.23002, -0.60953, -1.9757],
							"lerp_mode": "catmullrom"
						},
						"1.0": [18.5, 0, -1.5]
					}
				}
			}
		},
		"animation.umbreon.blink": {
			"animation_length": 0.1667,
			"bones": {
				"eyelid_left": {
					"position": {
						"0.0": [0.1, 0, -0.1],
						"0.1667": {
							"pre": [0.1, 0, -0.1],
							"post": [0, 0, 0]
						}
					}
				},
				"eyelid_right": {
					"position": {
						"0.0": [-0.1, 0, -0.1],
						"0.1667": {
							"pre": [-0.1, 0, -0.1],
							"post": [0, 0, 0]
						}
					}
				},
				"eye_left": {
					"position": {
						"0.0": [-0.1, 0, 0.1],
						"0.1667": {
							"pre": [-0.1, 0, 0.1],
							"post": [0, 0, 0]
						}
					}
				},
				"eye_right": {
					"position": {
						"0.0": [0.1, 0, 0.1],
						"0.1667": {
							"pre": [0.1, 0, 0.1],
							"post": [0, 0, 0]
						}
					}
				}
			}
		},
		"animation.umbreon.glow": {
			"loop": true,
			"bones": {
				"ear_ring_left": {
					"scale": [1.01, 1, 1.01]
				},
				"ear_ring_right": {
					"scale": [1.01, 1, 1.01]
				},
				"tail_ring": {
					"scale": [1.01, 1.01, 1]
				},
				"frontleg_ring_left": {
					"position": [0.025, 0, 0]
				},
				"frontleg_ring_right": {
					"position": [-0.025, 0, 0]
				},
				"backleg_ring_left": {
					"position": [0.025, 0, 0]
				},
				"backleg_ring_right": {
					"position": [-0.025, 0, 0]
				},
				"head_ring": {
					"scale": 1.02
				}
			}
		},
		"animation.umbreon.pose": {
			"loop": true,
			"bones": {
				"body": {
					"rotation": [0, -45, 0]
				},
				"torso": {
					"rotation": [10, 0, 0]
				},
				"torso2": {
					"rotation": [-2.5, 0, 0]
				},
				"torso3": {
					"rotation": [-10, 0, 0]
				},
				"head_angle": {
					"rotation": [-35, 70, -55]
				},
				"tail": {
					"rotation": [5, 5, 0]
				},
				"front_leg_left": {
					"rotation": [10, 0, -5]
				},
				"elbow_left": {
					"rotation": [-10, 0, 0]
				},
				"frontpaw_left": {
					"rotation": [0, 0, 5]
				},
				"back_leg_left": {
					"rotation": [5, 0, -5]
				},
				"ankle_left": {
					"rotation": [-5, 0, 0]
				},
				"foot_left": {
					"rotation": [0, 0, 5]
				},
				"tail2": {
					"rotation": [7.5, 5, 0]
				},
				"tail3": {
					"rotation": [12.5, 0, 0]
				},
				"tail4": {
					"rotation": [7.5, 0, 0]
				},
				"front_leg_right": {
					"rotation": [0, 7.5, 7.5]
				},
				"elbow_right": {
					"rotation": [-7.5, 0, 0]
				},
				"frontpaw_right": {
					"rotation": [7.5, 0, -7.5]
				},
				"ear_left2": {
					"rotation": [0, 0, 5]
				},
				"ear_ring_left": {
					"scale": 1.02
				},
				"ear_left3": {
					"rotation": [0, 0, 7.5]
				},
				"ear_right": {
					"rotation": [-30, 0, 5]
				},
				"ear_right2": {
					"rotation": [0, 0, 5]
				},
				"ear_ring_right": {
					"scale": 1.02
				},
				"ear_right3": {
					"rotation": [0, 0, 7.5]
				},
				"back_leg_right": {
					"rotation": [17.5, 0, 12.5]
				},
				"frontleg_ring_left": {
					"scale": 1.02
				},
				"frontleg_ring_right": {
					"scale": 1.02
				},
				"backleg_ring_left": {
					"scale": 1.02
				},
				"backleg_ring_right": {
					"scale": 1.02
				},
				"knee_right": {
					"rotation": [-12.5, 0, 0]
				},
				"ankle_right": {
					"rotation": [15, 0, 0]
				},
				"foot_right": {
					"rotation": [-20, 0, -12.5]
				},
				"tail_ring": {
					"scale": 1.02
				},
				"ear_left": {
					"rotation": [-20, 0, 0]
				}
			}
		},
		"animation.umbreon.cry": {
			"animation_length": 1.8333,
			"bones": {
				"neck": {
					"rotation": {
						"0.0": [0, 0, 0],
						"0.125": {
							"pre": [-2.47079, -0.19831, -0.32113],
							"post": [-2.47079, -0.19831, -0.32113],
							"lerp_mode": "catmullrom"
						},
						"0.3333": {
							"post": [-4.97079, -0.19831, -0.32113],
							"lerp_mode": "catmullrom"
						},
						"0.5": {
							"post": [-2.47079, -0.19831, -0.32113],
							"lerp_mode": "catmullrom"
						},
						"0.6667": {
							"post": [-2.47079, -0.19831, -0.32113],
							"lerp_mode": "catmullrom"
						},
						"0.9167": {
							"post": [-4.97079, -0.19831, -0.32113],
							"lerp_mode": "catmullrom"
						},
						"1.25": [0, 0, 0]
					}
				},
				"head_angle": {
					"rotation": {
						"0.0": [0, 0, 0],
						"0.125": {
							"pre": [2.5, 0, 0],
							"post": [2.5, 0, 0],
							"lerp_mode": "catmullrom"
						},
						"0.3333": {
							"post": [-7.5, 0, 0],
							"lerp_mode": "catmullrom"
						},
						"0.5": {
							"post": [-8.5, 0, 0],
							"lerp_mode": "catmullrom"
						},
						"0.625": {
							"post": [-1.25, 0, 0],
							"lerp_mode": "catmullrom"
						},
						"0.7917": {
							"post": [-8.5, 0, 0],
							"lerp_mode": "catmullrom"
						},
						"1.0417": {
							"post": [-10.5, 0, 0],
							"lerp_mode": "catmullrom"
						},
						"1.375": [0, 0, 0]
					}
				},
				"mouth_open_wide": {
					"position": {
						"0.0": [0, 0, 0],
						"0.1667": {
							"pre": [0, 0, 0],
							"post": [0, 0, -0.1]
						},
						"0.2917": {
							"pre": [0, 0, -0.1],
							"post": [0, 0, 0]
						},
						"0.625": {
							"pre": [0, 0, 0],
							"post": [0, 0, 0]
						},
						"0.6667": {
							"pre": [0, 0, 0],
							"post": [0, 0, 0]
						},
						"1.0": {
							"pre": [0, 0, 0],
							"post": [0, 0, 0]
						}
					}
				},
				"mouth_open_thin": {
					"position": {
						"0.0": [0, 0, 0],
						"0.1667": {
							"pre": [0, 0, 0],
							"post": [0, 0, 0]
						},
						"0.2917": {
							"pre": [0, 0, 0],
							"post": [0, 0, -0.1]
						},
						"0.625": {
							"pre": [0, 0, -0.1],
							"post": [0, 0, 0]
						},
						"0.6667": {
							"pre": [0, 0, 0],
							"post": [0, 0, 0]
						},
						"1.0": {
							"pre": [0, 0, 0],
							"post": [0, 0, 0]
						}
					}
				},
				"mouth_open_happy": {
					"position": {
						"0.0": [0, 0, 0],
						"0.1667": {
							"pre": [0, 0, 0],
							"post": [0, 0, 0]
						},
						"0.2917": {
							"pre": [0, 0, 0],
							"post": [0, 0, 0]
						},
						"0.625": {
							"pre": [0, 0, 0],
							"post": [0, 0, -0.1]
						},
						"0.6667": {
							"pre": [0, 0, -0.1],
							"post": [0, 0, -0.1]
						},
						"1.0": {
							"pre": [0, 0, -0.1],
							"post": [0, 0, 0]
						}
					}
				},
				"ear_left": {
					"rotation": {
						"0.0": [0, 0, 0],
						"0.1667": {
							"pre": [5, 0, 0],
							"post": [5, 0, 0],
							"lerp_mode": "catmullrom"
						},
						"0.375": {
							"post": [-7, 0, 0],
							"lerp_mode": "catmullrom"
						},
						"0.5417": {
							"post": [-8, 0, 0],
							"lerp_mode": "catmullrom"
						},
						"0.7083": {
							"post": [2, 0, 0],
							"lerp_mode": "catmullrom"
						},
						"0.9583": {
							"post": [-8, 0, 0],
							"lerp_mode": "catmullrom"
						},
						"1.1667": {
							"post": [-9, 0, 0],
							"lerp_mode": "catmullrom"
						},
						"1.4167": {
							"post": [2, 0, 0],
							"lerp_mode": "catmullrom"
						},
						"1.6667": [0, 0, 0]
					}
				},
				"ear_left2": {
					"rotation": {
						"0.0": [0, 0, 0],
						"0.2083": {
							"pre": [4, 0, 0],
							"post": [4, 0, 0],
							"lerp_mode": "catmullrom"
						},
						"0.4167": {
							"post": [-1, 0, 0],
							"lerp_mode": "catmullrom"
						},
						"0.5833": {
							"post": [-2, 0, 0],
							"lerp_mode": "catmullrom"
						},
						"0.75": {
							"post": [2, 0, 0],
							"lerp_mode": "catmullrom"
						},
						"1.0": {
							"post": [-2, 0, 0],
							"lerp_mode": "catmullrom"
						},
						"1.2083": {
							"post": [-3, 0, 0],
							"lerp_mode": "catmullrom"
						},
						"1.4583": {
							"post": [2, 0, 0],
							"lerp_mode": "catmullrom"
						},
						"1.75": [0, 0, 0]
					}
				},
				"ear_left3": {
					"rotation": {
						"0.0": [0, 0, 0],
						"0.25": {
							"pre": [3, 0, 0],
							"post": [3, 0, 0],
							"lerp_mode": "catmullrom"
						},
						"0.5": {
							"post": [-2, 0, 0],
							"lerp_mode": "catmullrom"
						},
						"0.6667": {
							"post": [-3, 0, 0],
							"lerp_mode": "catmullrom"
						},
						"0.8333": {
							"post": [1, 0, 0],
							"lerp_mode": "catmullrom"
						},
						"1.0833": {
							"post": [-3, 0, 0],
							"lerp_mode": "catmullrom"
						},
						"1.2917": {
							"post": [-4, 0, 0],
							"lerp_mode": "catmullrom"
						},
						"1.5417": {
							"post": [0, 0, 0],
							"lerp_mode": "catmullrom"
						},
						"1.8333": [0, 0, 0]
					}
				},
				"ear_right": {
					"rotation": {
						"0.0": [0, 0, 0],
						"0.1667": {
							"pre": [5, 0, 0],
							"post": [5, 0, 0],
							"lerp_mode": "catmullrom"
						},
						"0.375": {
							"post": [-7, 0, 0],
							"lerp_mode": "catmullrom"
						},
						"0.5417": {
							"post": [-8, 0, 0],
							"lerp_mode": "catmullrom"
						},
						"0.7083": {
							"post": [2, 0, 0],
							"lerp_mode": "catmullrom"
						},
						"0.9583": {
							"post": [-8, 0, 0],
							"lerp_mode": "catmullrom"
						},
						"1.1667": {
							"post": [-9, 0, 0],
							"lerp_mode": "catmullrom"
						},
						"1.4167": {
							"post": [2, 0, 0],
							"lerp_mode": "catmullrom"
						},
						"1.6667": [0, 0, 0]
					}
				},
				"ear_right2": {
					"rotation": {
						"0.0": [0, 0, 0],
						"0.2083": {
							"pre": [4, 0, 0],
							"post": [4, 0, 0],
							"lerp_mode": "catmullrom"
						},
						"0.4167": {
							"post": [-1, 0, 0],
							"lerp_mode": "catmullrom"
						},
						"0.5833": {
							"post": [-2, 0, 0],
							"lerp_mode": "catmullrom"
						},
						"0.75": {
							"post": [2, 0, 0],
							"lerp_mode": "catmullrom"
						},
						"1.0": {
							"post": [-2, 0, 0],
							"lerp_mode": "catmullrom"
						},
						"1.2083": {
							"post": [-3, 0, 0],
							"lerp_mode": "catmullrom"
						},
						"1.4583": {
							"post": [2, 0, 0],
							"lerp_mode": "catmullrom"
						},
						"1.75": [0, 0, 0]
					}
				},
				"ear_right3": {
					"rotation": {
						"0.0": [0, 0, 0],
						"0.25": {
							"pre": [3, 0, 0],
							"post": [3, 0, 0],
							"lerp_mode": "catmullrom"
						},
						"0.5": {
							"post": [-2, 0, 0],
							"lerp_mode": "catmullrom"
						},
						"0.6667": {
							"post": [-3, 0, 0],
							"lerp_mode": "catmullrom"
						},
						"0.8333": {
							"post": [1, 0, 0],
							"lerp_mode": "catmullrom"
						},
						"1.0833": {
							"post": [-3, 0, 0],
							"lerp_mode": "catmullrom"
						},
						"1.2917": {
							"post": [-4, 0, 0],
							"lerp_mode": "catmullrom"
						},
						"1.5417": {
							"post": [0, 0, 0],
							"lerp_mode": "catmullrom"
						},
						"1.8333": [0, 0, 0]
					}
				}
			},
			"sound_effects": {
				"0.125": {
					"effect": "pokemon.umbreon.cry"
				}
			}
		}
	}
}