{
	"format_version": "1.8.0",
	"animations": {
		"animation.shiftry.ground_idle": {
			"loop": true,
			"bones": {
				"hair3": {
					"rotation": ["13+math.cos(q.anim_time*90*3-30)*-1", 0, 0]
				},
				"hair4": {
					"rotation": ["5+math.cos(q.anim_time*90*3-0)*-1", 0, 0]
				},
				"hair5": {
					"rotation": ["65+math.cos(q.anim_time*90*3-0)*-1", 0, 0]
				},
				"hair6": {
					"rotation": ["5+math.cos(q.anim_time*90*3-60)*-2", 0, 0]
				},
				"arm_right": {
					"rotation": ["-6.1403+math.cos(q.anim_time*90*3-60)*-2", 9.09282, "-35.1795149893+math.cos(q.anim_time*90*3-60)*-1"]
				},
				"arm_left": {
					"rotation": ["-6.1403+math.cos(q.anim_time*90*3-60)*2", -9.09282, "35.1795149893+math.cos(q.anim_time*90*3-60)*1"]
				},
				"leg_right": {
					"rotation": [0, 0, 0],
					"position": [0, 0, 0]
				},
				"leg_left": {
					"rotation": [0, 0, 0],
					"position": [0, 0, 0]
				},
				"body": {
					"position": [0, 0, 0]
				},
				"torso": {
					"rotation": ["3.8417+math.cos(q.anim_time*90*3-0)*1", 0, 0]
				},
				"head_ai": {
					"rotation": ["0+math.cos(q.anim_time*90*3-30)*1.2", 0, 0]
				},
				"arm_left2": {
					"rotation": [0.08727, 1.9981, "2.5015+math.cos(q.anim_time*90*3-90)*3"]
				},
				"arm_right2": {
					"rotation": [0.08727, -1.9981, "-2.5015+math.cos(q.anim_time*90*3-90)*-3"]
				},
				"leg_left2": {
					"rotation": [0, 0, 0]
				},
				"foot_left": {
					"rotation": [0, 0, 0]
				},
				"leg_right2": {
					"rotation": [0, 0, 0]
				}
			}
		},
		"animation.shiftry.ground_walk": {
			"loop": true,
			"animation_length": 1,
			"bones": {
				"hair3": {
					"rotation": [12.13397, 0, 0]
				},
				"hair4": {
					"rotation": [4, 0, 0]
				},
				"hair5": {
					"rotation": [64, 0, 0]
				},
				"hair6": {
					"rotation": [4, 0, 0]
				},
				"arm_right": {
					"rotation": [-7.1403, "9.092815034+math.cos(q.anim_time*90*4-0)*-7", -35.67951]
				},
				"arm_left": {
					"rotation": [-5.1403, "-9.092815034+math.cos(q.anim_time*90*4-0)*-7", 35.67951]
				},
				"leg_right": {
					"rotation": {
						"0.0": [0, 0, 0],
						"0.1667": {
							"pre": [-3, 0, 0],
							"post": [-3, 0, 0],
							"lerp_mode": "catmullrom"
						},
						"0.3333": {
							"post": [-27.5, 0, 0],
							"lerp_mode": "catmullrom"
						},
						"0.5": [0, 0, 0],
						"1.0": [0, 0, 0]
					},
					"position": {
						"0.0": [0, 0, 1.7],
						"0.25": {
							"pre": [0, 1.3, 1.1],
							"post": [0, 1.3, 1.1],
							"lerp_mode": "catmullrom"
						},
						"0.5": [0, 0, -2],
						"1.0": [0, 0, 1.7]
					}
				},
				"leg_left": {
					"rotation": {
						"0.0": [0, 0, 0],
						"0.5": [0, 0, 0],
						"0.6667": {
							"pre": [-3, 0, 0],
							"post": [-3, 0, 0],
							"lerp_mode": "catmullrom"
						},
						"0.8333": {
							"post": [-27.5, 0, 0],
							"lerp_mode": "catmullrom"
						},
						"1.0": [0, 0, 0]
					},
					"position": {
						"0.0": [0, 0, -2],
						"0.5": [0, 0, 1.7],
						"0.75": {
							"pre": [0, 1.3, 1.1],
							"post": [0, 1.3, 1.1],
							"lerp_mode": "catmullrom"
						},
						"1.0": [0, 0, -2]
					}
				},
				"body": {
					"rotation": ["0+math.cos(q.anim_time*90*8-0)*0.5", 0, 0],
					"position": [0, 0, 0]
				},
				"torso": {
					"rotation": ["4.8417+math.cos(q.anim_time*90*8-30)*1", "0+math.cos(q.anim_time*90*4-3 0)*1", 0],
					"position": [0, "0+math.cos(q.anim_time*90*8-0)*-0.12", 0]
				},
				"head_ai": {
					"rotation": [1.03923, 0, 0]
				},
				"arm_left2": {
					"rotation": [0.08727, 1.9981, 2.5015]
				},
				"arm_right2": {
					"rotation": [0.08727, -1.9981, -2.5015]
				},
				"leg_left2": {
					"rotation": {
						"0.0": [0, 0, 0],
						"0.5": [0, 0, 0],
						"0.75": {
							"pre": [22.5, 0, 0],
							"post": [22.5, 0, 0],
							"lerp_mode": "catmullrom"
						},
						"1.0": [0, 0, 0]
					}
				},
				"foot_left": {
					"rotation": [0, 0, 0]
				},
				"leg_right2": {
					"rotation": {
						"0.0": [0, 0, 0],
						"0.25": {
							"pre": [22.5, 0, 0],
							"post": [22.5, 0, 0],
							"lerp_mode": "catmullrom"
						},
						"0.5": [0, 0, 0],
						"1.0": [0, 0, 0]
					}
				}
			}
		},
		"animation.shiftry.battle_idle": {
			"loop": true,
			"bones": {
				"hair3": {
					"rotation": ["10+math.cos(q.anim_time*90*3-30)*-1", 0, 0]
				},
				"hair4": {
					"rotation": ["5+math.cos(q.anim_time*90*3-0)*-1", 0, 0]
				},
				"hair5": {
					"rotation": ["65+math.cos(q.anim_time*90*3-0)*-1", 0, 0]
				},
				"hair6": {
					"rotation": ["5+math.cos(q.anim_time*90*3-60)*-2", 0, 0]
				},
				"arm_right": {
					"rotation": [-1.4037, "-34.25+math.cos(q.anim_time*90*3-60)*-2", -18.49226]
				},
				"arm_left": {
					"rotation": [0, "-22.5+math.cos(q.anim_time*90*3-60)*2", 15]
				},
				"leg_right": {
					"rotation": ["-22.5+math.cos(q.anim_time*90*3-30)*-2", 35, 0],
					"position": ["0+math.cos(q.anim_time*90*3-30)*0.1", 0, 1]
				},
				"leg_left": {
					"rotation": ["-22.5+math.cos(q.anim_time*90*3-30)*-2", -10, 0],
					"position": [0, 0, -0.7]
				},
				"body": {
					"position": [0, "-0.85+math.cos(q.anim_time*90*3-30)*-0.1", "0+math.cos(q.anim_time*90*3-30)*0.15"]
				},
				"torso": {
					"rotation": ["7.5+math.cos(q.anim_time*90*3-0)*1", 0, 0]
				},
				"head_ai": {
					"rotation": ["0+math.cos(q.anim_time*90*3-30)*1.2", 0, 0]
				},
				"arm_left2": {
					"rotation": [0, "10+math.cos(q.anim_time*90*3-90)*3", 0]
				},
				"leaves_left": {
					"rotation": [0, 0, "0+math.cos(q.anim_time*90*3-120)*4"]
				},
				"arm_right2": {
					"rotation": [0, "-10+math.cos(q.anim_time*90*3-90)*-3", 0]
				},
				"leaves_right": {
					"rotation": [0, 0, "0+math.cos(q.anim_time*90*3-120)*-4"]
				},
				"leg_left2": {
					"rotation": ["22.5+math.cos(q.anim_time*90*3-30)*2", 0, 0]
				},
				"foot_left": {
					"rotation": [0, 0, 0]
				},
				"leg_right2": {
					"rotation": ["22.5+math.cos(q.anim_time*90*3-30)*2", 0, 0]
				}
			}
		},
		"animation.shiftry.sleep": {
			"loop": true,
			"bones": {
				"hair3": {
					"rotation": [10, 0, 0]
				},
				"hair4": {
					"rotation": [-7.5, 0, 0]
				},
				"hair5": {
					"rotation": [67.5, 0, 0]
				},
				"hair6": {
					"rotation": [5, 0, 0]
				},
				"arm_right": {
					"rotation": [0, -12.5, -20]
				},
				"arm_left": {
					"rotation": [0, 12.5, 20]
				},
				"torso": {
					"rotation": [10, 0, 0]
				},
				"iris_right": {
					"position": [0, 0, 0.1]
				},
				"eyelid_right": {
					"position": [0, 0, -0.1]
				},
				"iris_left": {
					"position": [0, 0, 0.1]
				},
				"eyelid_left": {
					"position": [0, 0, -0.1]
				}
			}
		},
		"animation.shiftry.cry": {
			"animation_length": 1.25,
			"bones": {
				"mouth_closed": {
					"scale": {
						"0.0": [1, 1, 1],
						"0.1667": [1, 1, 1],
						"0.2083": {"pre": [1, 1, 1], "post": [0, 0, 0]},
						"0.5417": {"pre": [0, 0, 0], "post": [0, 0, 0]},
						"0.5833": {"pre": [0, 0, 0], "post": [1, 1, 1]},
						"0.75": {"pre": [1, 1, 1], "post": [1, 1, 1]},
						"0.7917": {"pre": [1, 1, 1], "post": [0, 0, 0]},
						"1.1667": {"pre": [0, 0, 0], "post": [1, 1, 1]},
						"1.25": {"pre": [1, 1, 1], "post": [1, 1, 1]}
					}
				},
				"torso": {
					"rotation": {
						"0.0": [0, 0, 0],
						"0.0833": {
							"pre": [2, 0, 0],
							"post": [2, 0, 0],
							"lerp_mode": "catmullrom"
						},
						"0.25": {
							"post": [-5, 0, 0],
							"lerp_mode": "catmullrom"
						},
						"0.5": {
							"post": [-5, 0, 0],
							"lerp_mode": "catmullrom"
						},
						"0.625": {
							"post": [2, 0, 0],
							"lerp_mode": "catmullrom"
						},
						"0.7917": {
							"post": [-5, 0, 0],
							"lerp_mode": "catmullrom"
						},
						"1.0417": {
							"post": [-7, 0, 0],
							"lerp_mode": "catmullrom"
						},
						"1.25": [0, 0, 0]
					},
					"scale": 1
				},
				"hair3": {
					"rotation": {
						"0.0": {
							"post": [0, 0, 0],
							"lerp_mode": "catmullrom"
						},
						"0.0833": {
							"post": [-1, 0, 0],
							"lerp_mode": "catmullrom"
						},
						"0.25": {
							"post": [0, 0, 0],
							"lerp_mode": "catmullrom"
						},
						"0.5": {
							"post": [0, 0, 0],
							"lerp_mode": "catmullrom"
						},
						"0.625": {
							"post": [-1, 0, 0],
							"lerp_mode": "catmullrom"
						},
						"0.7917": {
							"post": [0, 0, 0],
							"lerp_mode": "catmullrom"
						},
						"1.0417": {
							"post": [0, 0, 0],
							"lerp_mode": "catmullrom"
						},
						"1.25": {
							"post": [0, 0, 0],
							"lerp_mode": "catmullrom"
						}
					}
				},
				"hair4": {
					"rotation": {
						"0.0": {
							"post": [0, 0, 0],
							"lerp_mode": "catmullrom"
						},
						"0.0833": {
							"post": [-0.67, 0, 0],
							"lerp_mode": "catmullrom"
						},
						"0.25": {
							"post": [4, 0, 0],
							"lerp_mode": "catmullrom"
						},
						"0.5": {
							"post": [5, 0, 0],
							"lerp_mode": "catmullrom"
						},
						"0.625": {
							"post": [-0.67, 0, 0],
							"lerp_mode": "catmullrom"
						},
						"0.7917": {
							"post": [4, 0, 0],
							"lerp_mode": "catmullrom"
						},
						"1.0417": {
							"post": [5, 0, 0],
							"lerp_mode": "catmullrom"
						},
						"1.25": {
							"post": [0, 0, 0],
							"lerp_mode": "catmullrom"
						}
					}
				},
				"hair5": {
					"rotation": {
						"0.0": {
							"post": [0, 0, 0],
							"lerp_mode": "catmullrom"
						},
						"0.0833": {
							"post": [0.33, 0, 0],
							"lerp_mode": "catmullrom"
						},
						"0.25": {
							"post": [1, 0, 0],
							"lerp_mode": "catmullrom"
						},
						"0.5": {
							"post": [2, 0, 0],
							"lerp_mode": "catmullrom"
						},
						"0.625": {
							"post": [0.33, 0, 0],
							"lerp_mode": "catmullrom"
						},
						"0.7917": {
							"post": [1, 0, 0],
							"lerp_mode": "catmullrom"
						},
						"1.0417": {
							"post": [2, 0, 0],
							"lerp_mode": "catmullrom"
						},
						"1.25": {
							"post": [0, 0, 0],
							"lerp_mode": "catmullrom"
						}
					}
				}
			},
			"sound_effects": {
				"0.125": {
					"effect": "pokemon.shiftry.cry"
				}
			}
		},
		"animation.shiftry.happy": {
			"loop": true,
			"bones": {
				"mouth_closed": {
					"scale": 0
				},
				"iris_right": {
					"position": [0, 0, 0.1]
				},
				"eyelid_right": {
					"position": [0, 0.2, -0.1]
				},
				"eyelid_inner_right": {
					"position": [0, -0.2, 0]
				},
				"eyelid_middle_right": {
					"position": [0, 0.5, 0]
				},
				"eyelid_outer_right": {
					"position": [0, -0.2, 0]
				},
				"iris_left": {
					"position": [0, 0, 0.1]
				},
				"eyelid_left": {
					"position": [0, 0.2, -0.1]
				},
				"eyelid_inner_left": {
					"position": [0, -0.2, 0]
				},
				"eyelid_middle_left": {
					"position": [0, 0.5, 0]
				},
				"eyelid_outer_left": {
					"position": [0, -0.2, 0]
				},
				"iris_cover": {
					"position": [0, 0, 0.1]
				},
				"eye_emote_left": {
					"position": [0.3, 0, 0],
					"scale": [0.8, 1, 1]
				},
				"eye_emote_right": {
					"position": [-0.3, 0, 0],
					"scale": [0.8, 1, 1]
				}
			}
		},
		"animation.shiftry.sad": {
			"loop": true,
			"bones": {
				"iris_emote_left": {
					"position": [0, 0, 0.1]
				},
				"iris_emote_right": {
					"position": [0, 0, 0.1]
				},
				"eye_emote_right": {
					"position": [-0.625, 0, 0],
					"scale": [0.58, 1, 1]
				},
				"eye_emote_left": {
					"position": [0.625, 0, 0],
					"scale": [0.58, 1, 1]
				}
			}
		},
		"animation.shiftry.hurt": {
			"loop": true,
			"bones": {
				"iris_right": {
					"position": [0, 0, 0.1]
				},
				"eyelid_right": {
					"position": [0, 0, -0.1]
				},
				"eyelid_middle_right": {
					"position": [0, 0.5, 0]
				},
				"eyelid_outer_right": {
					"position": [0, 0.5, 0]
				},
				"iris_left": {
					"position": [0, 0, 0.1]
				},
				"eyelid_left": {
					"position": [0, 0, -0.1]
				},
				"eyelid_middle_left": {
					"position": [0, 0.5, 0]
				},
				"eyelid_outer_left": {
					"position": [0, 0.5, 0]
				},
				"iris_cover": {
					"position": [0, 0, 0]
				}
			}
		},
		"animation.shiftry.surprised": {
			"loop": true,
			"bones": {
				"mouth_closed": {
					"scale": 0
				},
				"eye_right": {
					"scale": [1, 1.2, 1]
				},
				"iris_right": {
					"position": [0.2, 0, 0],
					"scale": [0.8, 1, 1]
				},
				"pupil_right": {
					"position": [-0.1, 0, 0],
					"scale": [0.8, 0.5, 1]
				},
				"eye_left": {
					"scale": [1, 1.2, 1]
				},
				"iris_left": {
					"position": [-0.2, 0, 0],
					"scale": [0.8, 1, 1]
				},
				"pupil_left": {
					"position": [0.1, 0, 0],
					"scale": [0.8, 0.5, 1]
				},
				"iris_cover": {
					"position": [0, 0, 0.1]
				},
				"eye_emote_right": {
					"position": [-0.25, 0, 0],
					"scale": [0.83, 1, 1]
				},
				"eye_emote_left": {
					"position": [0.25, 0, 0],
					"scale": [0.83, 1, 1]
				},
				"iris_emote_right": {
					"position": [-0.3, 0, 0],
					"scale": [0.7, 1, 1]
				},
				"iris_emote_left": {
					"position": [0.3, 0, 0],
					"scale": [0.7, 1, 1]
				}
			}
		},
		"animation.shiftry.angry": {
			"loop": true,
			"bones": {
				"eye_emote_right": {
					"position": [-1, 0, 0],
					"scale": [0.35, 2, 1]
				},
				"iris_emote_right": {
					"position": [-0.7, 0, 0],
					"scale": [0.3, 1, 1]
				},
				"eye_emote_left": {
					"position": [1, 0, 0],
					"scale": [0.35, 2, 1]
				},
				"iris_emote_left": {
					"position": [0.7, 0, 0],
					"scale": [0.3, 1, 1]
				}
			}
		},
		"animation.shiftry.disintrested": {
			"loop": true,
			"bones": {
				"eye_emote_right": {
					"position": [0, -0.5, 0]
				},
				"iris_emote_right": {
					"position": [-0.4, -0.5, 0],
					"scale": [0.6, 1, 1]
				},
				"eye_emote_left": {
					"position": [0, -0.5, 0]
				},
				"iris_emote_left": {
					"position": [0.4, -0.5, 0],
					"scale": [0.6, 1, 1]
				}
			}
		},
		"animation.shiftry.blink": {
			"animation_length": 0.1667,
			"bones": {
				"iris_right": {
					"position": {
						"0.0": [0, 0, 0.1],
						"0.125": [0, 0, 0.1],
						"0.1667": {"pre": [0, 0, 0.1], "post": [0, 0, 0]}
					}
				},
				"eyelid_right": {
					"position": {
						"0.0": [0, 0, -0.1],
						"0.125": [0, 0, -0.1],
						"0.1667": {"pre": [0, 0, -0.1], "post": [0, 0, 0]}
					}
				},
				"iris_left": {
					"position": {
						"0.0": [0, 0, 0.1],
						"0.125": [0, 0, 0.1],
						"0.1667": {"pre": [0, 0, 0.1], "post": [0, 0, 0]}
					}
				},
				"eyelid_left": {
					"position": {
						"0.0": [0, 0, -0.1],
						"0.125": [0, 0, -0.1],
						"0.1667": {"pre": [0, 0, -0.1], "post": [0, 0, 0]}
					}
				}
			}
		},
		"animation.shiftry.side_eye": {
			"loop": true,
			"bones": {
				"iris_right": {
					"position": [-0.1, 0, 0],
					"scale": [1.3, 1, 1]
				},
				"pupil_right": {
					"position": [-0.6, 0, 0],
					"scale": [0.75, 1, 1]
				},
				"iris_left": {
					"position": [-0.1, 0, 0]
				},
				"pupil_left": {
					"position": [-0.1, 0, 0]
				}
			}
		}
	}
}