{
	"format_version": "1.8.0",
	"animations": {
		"animation.flareon.ground_idle": {
			"loop": true,
			"bones": {
				"body": {
					"position": [0, "-0.365+math.cos(q.anim_time*90*2-0)*-0.065", 0]
				},
				"ear_left": {
					"rotation": [20, "-30-math.cos(q.anim_time*90*2-120)*-2", 0]
				},
				"ear_right": {
					"rotation": [20, "30+math.cos(q.anim_time*90*2-120)*-2", 0]
				},
				"tail": {
					"rotation": ["25-math.cos(q.anim_time*90*2-45)*-0.85", "-0-math.cos(q.anim_time*90*1-45)*1", 0]
				},
				"tail4": {
					"rotation": ["5-math.cos(q.anim_time*90*2-135)*-1.5", "-0-math.cos(q.anim_time*90*1-135)*-2", 0]
				},
				"tail5": {
					"rotation": ["10-math.cos(q.anim_time*90*2-180)*-2", "-0-math.cos(q.anim_time*90*1-180)*-3.25", 0]
				},
				"tail6": {
					"rotation": ["5-math.cos(q.anim_time*90*2-225)*-2.5", "-0-math.cos(q.anim_time*90*1-225)*-3.45", 0]
				},
				"front_leg_left": {
					"rotation": ["5-math.cos(q.anim_time*90*2-0)*-1", 0, -5]
				},
				"elbow_left": {
					"rotation": ["-10-math.cos(q.anim_time*90*2-0)*1.75", 0, 0]
				},
				"frontpaw_left": {
					"rotation": ["5.5-math.cos(q.anim_time*90*2-0)*-1.05", 0, 5]
				},
				"front_leg_right": {
					"rotation": ["5-math.cos(q.anim_time*90*2-0)*-1", 0, 5]
				},
				"elbow_right": {
					"rotation": ["-10-math.cos(q.anim_time*90*2-0)*1.75", 0, 0]
				},
				"frontpaw_right": {
					"rotation": ["5.5-math.cos(q.anim_time*90*2-0)*-1.05", 0, -5]
				},
				"back_leg_left": {
					"rotation": ["5-math.cos(q.anim_time*90*2-0)*-0.65", -2.5, -5]
				},
				"ankle_left": {
					"rotation": ["-5-math.cos(q.anim_time*90*2-0)*1.25", 0, 0]
				},
				"foot_left": {
					"rotation": ["-0-math.cos(q.anim_time*90*2-0)*-0.65", 0, 5]
				},
				"back_leg_right": {
					"rotation": ["5-math.cos(q.anim_time*90*2-0)*-0.65", 2.5, 5]
				},
				"ankle_right": {
					"rotation": ["-5-math.cos(q.anim_time*90*2-0)*1.25", 0, 0]
				},
				"foot_right": {
					"rotation": ["-0-math.cos(q.anim_time*90*2-0)*-0.65", 0, -5]
				},
				"torso": {
					"rotation": ["-0-math.cos(q.anim_time*90*2-0)*-0.6", 0, 0],
					"position": [0, "0+math.cos(q.anim_time*90*2+30)*-0.025", 0]
				},
				"neck": {
					"rotation": ["-0-math.cos(q.anim_time*90*2-30)*-0.85", 0, 0]
				},
				"mane_main": {
					"rotation": ["-0-math.cos(q.anim_time*90*2-75)*-0.65", 0, 0]
				},
				"head_angle": {
					"rotation": ["-0-math.cos(q.anim_time*90*2-60)*-1", 0, 0]
				},
				"ear2_right": {
					"rotation": [0, "2-math.cos(q.anim_time*90*2-180)*-4", 0]
				},
				"ear2_left": {
					"rotation": [0, "-2+math.cos(q.anim_time*90*2-180)*-4", 0]
				},
				"tail2": {
					"rotation": ["-0-math.cos(q.anim_time*90*2-90)*-1", "-0-math.cos(q.anim_time*90*1-90)*-1.35", 0]
				}
			}
		},
		"animation.flareon.battle_idle": {
			"loop": true,
			"bones": {
				"body": {
					"position": [0, "-0.765+math.cos(q.anim_time*90*2*2-0)*-0.065", -1.5]
				},
				"ear_left": {
					"rotation": [20, "-30-math.cos(q.anim_time*90*2*2-120)*-2", 0]
				},
				"ear_right": {
					"rotation": [20, "30+math.cos(q.anim_time*90*2*2-120)*-2", 0]
				},
				"tail": {
					"rotation": ["35-math.cos(q.anim_time*90*2*2-45)*-0.85", "-0-math.cos(q.anim_time*90*2*1-45)*1", 0]
				},
				"tail4": {
					"rotation": ["5-math.cos(q.anim_time*90*2*2-135)*-1.5", "-0-math.cos(q.anim_time*90*2*1-135)*-2", 0]
				},
				"tail5": {
					"rotation": ["10-math.cos(q.anim_time*90*2*2-180)*-2", "-0-math.cos(q.anim_time*90*2*1-180)*-3.25", 0]
				},
				"tail6": {
					"rotation": ["5-math.cos(q.anim_time*90*2*2-225)*-2.5", "-0-math.cos(q.anim_time*90*2*1-225)*-3.45", 0]
				},
				"front_leg_left": {
					"rotation": ["12.5-math.cos(q.anim_time*90*2*2-0)*-1", 0, -7.5]
				},
				"elbow_left": {
					"rotation": ["-17.5-math.cos(q.anim_time*90*2*2-0)*1.75", 0, 0]
				},
				"frontpaw_left": {
					"rotation": ["5.5-math.cos(q.anim_time*90*2*2-0)*-1.05", 0, 7.5]
				},
				"front_leg_right": {
					"rotation": ["12.5-math.cos(q.anim_time*90*2*2-0)*-1", 0, 7.5]
				},
				"elbow_right": {
					"rotation": ["-17.5-math.cos(q.anim_time*90*2*2-0)*1.75", 0, 0]
				},
				"frontpaw_right": {
					"rotation": ["5.5-math.cos(q.anim_time*90*2*2-0)*-1.05", 0, -7.5]
				},
				"back_leg_left": {
					"rotation": ["12.5-math.cos(q.anim_time*90*2*2-0)*-0.65", -2.5, -5]
				},
				"ankle_left": {
					"rotation": ["-11-math.cos(q.anim_time*90*2*2-0)*1.25", 0, 0]
				},
				"foot_left": {
					"rotation": ["-2.5-math.cos(q.anim_time*90*2*2-0)*-0.65", 0, 5]
				},
				"back_leg_right": {
					"rotation": ["17.5-math.cos(q.anim_time*90*2*2-0)*-0.65", 2.5, 5]
				},
				"ankle_right": {
					"rotation": ["-5-math.cos(q.anim_time*90*2*2-0)*1.25", 0, 0]
				},
				"foot_right": {
					"rotation": ["-15-math.cos(q.anim_time*90*2*2-0)*-0.65", 0, -5]
				},
				"torso": {
					"rotation": ["7.5-math.cos(q.anim_time*90*2*2-0)*-0.6", 0, 0],
					"position": [0, "0+math.cos(q.anim_time*90*2*2+30)*-0.035", 0]
				},
				"neck": {
					"rotation": ["-0-math.cos(q.anim_time*90*2*2-30)*-0.85", 0, 0]
				},
				"mane_main": {
					"rotation": ["-0-math.cos(q.anim_time*90*2*2-75)*-0.65", 0, 0]
				},
				"head_angle": {
					"rotation": ["-0-math.cos(q.anim_time*90*2*2-60)*-1", 0, 0]
				},
				"ear2_right": {
					"rotation": [0, "2-math.cos(q.anim_time*90*2*2-180)*-4", 0]
				},
				"ear2_left": {
					"rotation": [0, "-2+math.cos(q.anim_time*90*2*2-180)*-4", 0]
				},
				"tail2": {
					"rotation": ["-0-math.cos(q.anim_time*90*2*2-90)*-1", "-0-math.cos(q.anim_time*90*2*1-90)*-1.35", 0]
				},
				"torso2": {
					"rotation": [-2.5, 0, 0]
				},
				"torso3": {
					"rotation": [-5, 0, 0]
				},
				"knee_right": {
					"rotation": [2.5, 0, 0]
				}
			}
		},
		"animation.flareon.ground_walk": {
			"loop": true,
			"animation_length": 1,
			"bones": {
				"body": {
					"position": {
						"0.0": [0, -1.25, 0],
						"0.125": [0, -0.9, 0],
						"0.25": [0, -0.73, 0],
						"0.375": [0, -0.9, 0],
						"0.5": [0, -1.25, 0],
						"0.625": [0, -0.9, 0],
						"0.75": [0, -0.73, 0],
						"0.875": [0, -0.9, 0],
						"1.0": [0, -1.25, 0]
					}
				},
				"torso": {
					"rotation": ["-0.5-math.cos(q.anim_time*90*8-30)*-0.5", 0, 0]
				},
				"torso3": {
					"rotation": [-0.64952, 0, 0]
				},
				"neck": {
					"rotation": ["-0.475-math.cos(q.anim_time*90*8-90)*-1", 0, 0]
				},
				"head_angle": {
					"rotation": ["7.5-math.cos(q.anim_time*90*8-120)*-1.5", 0, 0]
				},
				"ear_left": {
					"rotation": [20, "-30-math.cos(q.anim_time*90*8-180)*-2", 0]
				},
				"ear2_right": {
					"rotation": [0, "3.5-math.cos(q.anim_time*90*8-240)*-5", 0]
				},
				"ear_right": {
					"rotation": [20, "30+math.cos(q.anim_time*90*8-180)*-2", 0]
				},
				"ear2_left": {
					"rotation": [0, "-3.5+math.cos(q.anim_time*90*8-240)*-5", 0]
				},
				"tail": {
					"rotation": ["25-math.cos(q.anim_time*90*8-60)*-0.85", "-0-math.cos(q.anim_time*90*4-60)*-1.75", 0]
				},
				"tail2": {
					"rotation": ["-0-math.cos(q.anim_time*90*8-120)*-1.5", "-0-math.cos(q.anim_time*90*4-120)*-3", 0]
				},
				"tail4": {
					"rotation": ["5-math.cos(q.anim_time*90*8-180)*-2", "-0-math.cos(q.anim_time*90*4-180)*-5", 0]
				},
				"tail5": {
					"rotation": ["10-math.cos(q.anim_time*90*8-240)*-3", "-0-math.cos(q.anim_time*90*4-240)*-6.75", 0]
				},
				"tail6": {
					"rotation": ["5-math.cos(q.anim_time*90*8-225)*-2.5", "-0-math.cos(q.anim_time*90*4-285)*-3.45", 0]
				},
				"front_leg_left": {
					"rotation": {
						"0.0": [-3.75, -2.5, -1],
						"0.5": [32.75, -2.5, -1],
						"0.75": {
							"pre": [37.4198, -1.65452, -0.84217],
							"post": [37.4198, -1.65452, -0.84217],
							"lerp_mode": "catmullrom"
						},
						"1.0": [-3.75, -2.5, -1]
					}
				},
				"elbow_left": {
					"rotation": {
						"0.0": [-24.5, 0, 0],
						"0.5": [-17, 0, 0],
						"0.75": {
							"pre": [-53.75, 0, 0],
							"post": [-53.75, 0, 0],
							"lerp_mode": "catmullrom"
						},
						"1.0": [-24.5, 0, 0]
					}
				},
				"frontpaw_left": {
					"rotation": {
						"0.0": [29, 0, 1],
						"0.5": [-15, 0, 1],
						"0.75": {
							"pre": [69.5, 0, 0],
							"post": [69.5, 0, 0],
							"lerp_mode": "catmullrom"
						},
						"1.0": [29, 0, 1]
					}
				},
				"front_leg_right": {
					"rotation": {
						"0.0": [32.75, 2.5, 1],
						"0.25": {
							"pre": [37.4198, 1.65452, 0.84217],
							"post": [37.4198, 1.65452, 0.84217],
							"lerp_mode": "catmullrom"
						},
						"0.5": [-3.75, 2.5, 1],
						"1.0": [32.75, 2.5, 1]
					}
				},
				"elbow_right": {
					"rotation": {
						"0.0": [-17, 0, 0],
						"0.25": {
							"pre": [-53.75, 0, 0],
							"post": [-53.75, 0, 0],
							"lerp_mode": "catmullrom"
						},
						"0.5": [-24.5, 0, 0],
						"1.0": [-17, 0, 0]
					}
				},
				"frontpaw_right": {
					"rotation": {
						"0.0": [-15, 0, -1],
						"0.25": {
							"pre": [69.5, 0, 0],
							"post": [69.5, 0, 0],
							"lerp_mode": "catmullrom"
						},
						"0.5": [29, 0, -1],
						"1.0": [-15, 0, -1]
					}
				},
				"back_leg_left": {
					"rotation": {
						"0.0": [20.2, -5, 0],
						"0.25": {
							"pre": [14.95, -5, 0],
							"post": [14.95, -5, 0],
							"lerp_mode": "catmullrom"
						},
						"0.5": [1.7, -5, 0],
						"1.0": [20.2, -5, 0]
					},
					"position": {
						"0.0": [0, 0.1, 0],
						"0.5": [0, -0.1, 0],
						"0.75": [0, -0.1, 0],
						"1.0": [0, 0.1, 0]
					}
				},
				"knee_left": {
					"rotation": {
						"0.0": [5, 0, 0],
						"0.25": {
							"pre": [5, 0, 0],
							"post": [5, 0, 0],
							"lerp_mode": "catmullrom"
						},
						"0.5": [0, 0, 0],
						"0.75": [-3, 0, 0],
						"1.0": [5, 0, 0]
					},
					"position": {
						"0.0": [0, 0, 0],
						"0.5": [0, 0, 0],
						"1.0": [0, 0, 0]
					}
				},
				"ankle_left": {
					"rotation": {
						"0.0": [-12.75, 0, 0],
						"0.25": {
							"pre": [-31.5, 0, 0],
							"post": [-31.5, 0, 0],
							"lerp_mode": "catmullrom"
						},
						"0.375": {
							"post": [-33.14, 0, 0],
							"lerp_mode": "catmullrom"
						},
						"0.5": [-20.25, 0, 0],
						"1.0": [-12.75, 0, 0]
					}
				},
				"foot_left": {
					"rotation": {
						"0.0": [-12.5, 0, 0],
						"0.25": {
							"pre": [59.63114, 1.08361, 0],
							"post": [59.63114, 1.08361, 0],
							"lerp_mode": "catmullrom"
						},
						"0.375": {
							"post": [54.23002, 0.60953, 0],
							"lerp_mode": "catmullrom"
						},
						"0.5": [18.5, 0, 0],
						"0.75": [8, 0, 0],
						"1.0": [-12.5, 0, 0]
					}
				},
				"back_leg_right": {
					"rotation": {
						"0.0": [1.7, 5, 0],
						"0.5": [20.2, 5, 0],
						"0.75": {
							"pre": [14.95, 5, 0],
							"post": [14.95, 5, 0],
							"lerp_mode": "catmullrom"
						},
						"1.0": [1.7, 5, 0]
					},
					"position": {
						"0.0": [0, -0.1, 0],
						"0.25": [0, -0.1, 0],
						"0.5": [0, 0.1, 0],
						"1.0": [0, -0.1, 0]
					}
				},
				"knee_right": {
					"rotation": {
						"0.0": [0, 0, 0],
						"0.25": [-3, 0, 0],
						"0.5": [5, 0, 0],
						"0.75": {
							"pre": [5, 0, 0],
							"post": [5, 0, 0],
							"lerp_mode": "catmullrom"
						},
						"1.0": [0, 0, 0]
					},
					"position": {
						"0.0": [0, 0, 0],
						"0.5": [0, 0, 0],
						"1.0": [0, 0, 0]
					}
				},
				"ankle_right": {
					"rotation": {
						"0.0": [-20.25, 0, 0],
						"0.5": [-12.75, 0, 0],
						"0.75": {
							"pre": [-31.5, 0, 0],
							"post": [-31.5, 0, 0],
							"lerp_mode": "catmullrom"
						},
						"0.875": {
							"post": [-33.14, 0, 0],
							"lerp_mode": "catmullrom"
						},
						"1.0": [-20.25, 0, 0]
					}
				},
				"foot_right": {
					"rotation": {
						"0.0": [18.5, 0, 0],
						"0.25": [8, 0, 0],
						"0.5": [-12.5, 0, 0],
						"0.75": {
							"pre": [59.63114, -1.08361, 0],
							"post": [59.63114, -1.08361, 0],
							"lerp_mode": "catmullrom"
						},
						"0.875": {
							"post": [54.23002, -0.60953, 0],
							"lerp_mode": "catmullrom"
						},
						"1.0": [18.5, 0, 0]
					}
				}
			}
		},
		"animation.flareon.blink": {
			"animation_length": 0.1667,
			"bones": {
				"eye_right": {
					"position": {
						"0.0": [0.1, 0, 0.1],
						"0.1667": {
							"pre": [0.1, 0, 0.1],
							"post": [0, 0, 0]
						}
					}
				},
				"eye_left": {
					"position": {
						"0.0": [-0.1, 0, 0.1],
						"0.1667": {
							"pre": [-0.1, 0, 0.1],
							"post": [0, 0, 0]
						}
					}
				},
				"eyelid_right": {
					"position": {
						"0.0": [-0.1, 0, -0.1],
						"0.1667": {
							"pre": [-0.1, 0, -0.1],
							"post": [0, 0, 0]
						}
					}
				},
				"eyelid_left": {
					"position": {
						"0.0": [0.1, 0, -0.1],
						"0.1667": {
							"pre": [0.1, 0, -0.1],
							"post": [0, 0, 0]
						}
					}
				}
			}
		},
		"animation.flareon.pose": {
			"loop": true,
			"bones": {
				"headfur1": {
					"rotation": [-2.32648, -2.86313, -6.93488]
				},
				"ear1_left": {
					"rotation": [-4.29907, -5.86145, 44.84339]
				},
				"tail1": {
					"rotation": [64.62786, 7.28488, -7.16943]
				},
				"tail2": {
					"rotation": [0, 15, 0]
				},
				"tail4": {
					"rotation": [17.5, 17.5, 0]
				},
				"tail5": {
					"rotation": [17.5, 10, 0]
				},
				"tail6": {
					"rotation": [0, 27.5, 0]
				},
				"body": {
					"rotation": [0, 35, 0],
					"position": [0, -0.75, 0]
				},
				"torso": {
					"rotation": [2.5, 0, 0],
					"position": [0, 1, 0]
				},
				"mane_main": {
					"rotation": [-1.68086, -6.89591, 4.97567]
				},
				"manefur1_left": {
					"rotation": [0, 0, 45]
				},
				"manefur2_left": {
					"rotation": [0, 0, 67.5]
				},
				"manefur3_left": {
					"rotation": [0, 0, 90]
				},
				"manefur1_right": {
					"rotation": [0, 0, -45]
				},
				"manefur2_right": {
					"rotation": [0, 0, -67.5]
				},
				"manefur3_right": {
					"rotation": [0, 0, -90]
				},
				"manefur1": {
					"rotation": [-22.5, 0, 0]
				},
				"manefur2": {
					"rotation": [-67.5, 0, 0]
				},
				"manefur3": {
					"rotation": [-90, 0, 0]
				},
				"head": {
					"rotation": [1.44098, -29.18067, 33.5351]
				},
				"ear3_left": {
					"rotation": [-45, 0, 0]
				},
				"waist": {
					"rotation": [7.5, 0, 0]
				},
				"torso2": {
					"rotation": [0.99736, 4.89966, 6.88728]
				},
				"shoulder_left": {
					"rotation": [-22.5, 0, 0],
					"position": [-1, 0, -1]
				},
				"elbow_left": {
					"rotation": [-60, 0, 0]
				},
				"frontpaw_left": {
					"rotation": [117.5, 0, 0]
				},
				"thigh_left": {
					"rotation": [27.78445, 24.4963, -1.02058],
					"position": [0, 0, -1]
				},
				"ankle_left": {
					"rotation": [-15, 0, 0]
				},
				"foot_left": {
					"rotation": [-5, 0, 0],
					"position": [0, 0, 0]
				},
				"eyes_closed": {
					"position": [0, 0, -1]
				},
				"mouth_o": {
					"position": [0, 0, 0]
				},
				"eyes_open": {
					"position": [0, 0, 0]
				},
				"eyes_halfclosed": {
					"position": [0, 0, 0]
				},
				"eyelid_halfclosed_right": {
					"position": [0, 0, 0]
				},
				"eyelid_halfclosed_left": {
					"position": [0, 0, 0]
				},
				"fur_tail_right2": {
					"rotation": [0, 22.5, 0]
				},
				"thigh_right": {
					"rotation": [-15, 0, 0]
				},
				"shoulder_right": {
					"rotation": [-10, 0, 0],
					"position": [-1, -1, 0]
				},
				"elbow_right": {
					"rotation": [-35, 0, 0]
				},
				"frontpaw_right": {
					"rotation": [27.5, 0, 0]
				},
				"knee_right": {
					"rotation": [-27.5, 0, 0]
				},
				"ankle_right": {
					"rotation": [42.5, 0, 0]
				},
				"torso1": {
					"rotation": [10, 0, 0]
				},
				"ear1_right": {
					"rotation": [-19.71092, 2.99333, -7.87628]
				},
				"ear3_right": {
					"rotation": [-45, 0, 0]
				},
				"torso3": {
					"rotation": [-17.5, 0, 0]
				},
				"front_leg_left": {
					"rotation": [10, -20, -12.5],
					"position": [0, 0, 1]
				},
				"back_leg_left": {
					"rotation": [20, -7.5, 0]
				},
				"foot_right": {
					"rotation": [-62.5, 0, -7.5],
					"position": [0, 1, -1]
				},
				"tail": {
					"rotation": [25, -12.5, 0]
				},
				"back_leg_right": {
					"rotation": [50.435, 12.7313, 6.61102]
				},
				"tail3": {
					"rotation": [0, 17.5, 0]
				},
				"ear_left": {
					"rotation": [37.5, -27.5, 0]
				},
				"ear_right": {
					"rotation": [37.5, 27.5, 0]
				}
			}
		},
		"animation.flareon.cry": {
			"animation_length": 1.25,
			"bones": {
				"neck": {
					"rotation": {
						"0.0": [0, 0, 0],
						"0.125": {
							"pre": [-2.47079, -0.19831, -0.32113],
							"post": [-2.47079, -0.19831, -0.32113],
							"lerp_mode": "catmullrom"
						},
						"0.2917": {
							"post": [-4.97079, -0.19831, -0.32113],
							"lerp_mode": "catmullrom"
						},
						"0.4167": {
							"post": [-2.47079, -0.19831, -0.32113],
							"lerp_mode": "catmullrom"
						},
						"0.5833": {
							"post": [-2.47079, -0.19831, -0.32113],
							"lerp_mode": "catmullrom"
						},
						"0.7917": {
							"post": [-4.97079, -0.19831, -0.32113],
							"lerp_mode": "catmullrom"
						},
						"1.0417": [0, 0, 0]
					}
				},
				"head_angle": {
					"rotation": {
						"0.0": [0, 0, 0],
						"0.125": {
							"pre": [2.5, 0, 0],
							"post": [2.5, 0, 0],
							"lerp_mode": "catmullrom"
						},
						"0.2917": {
							"post": [-7.5, 0, 0],
							"lerp_mode": "catmullrom"
						},
						"0.4167": {
							"post": [-8.5, 0, 0],
							"lerp_mode": "catmullrom"
						},
						"0.5417": {
							"post": [-1.25, 0, 0],
							"lerp_mode": "catmullrom"
						},
						"0.7083": {
							"post": [-8.5, 0, 0],
							"lerp_mode": "catmullrom"
						},
						"0.9167": {
							"post": [-10.5, 0, 0],
							"lerp_mode": "catmullrom"
						},
						"1.1667": [0, 0, 0]
					}
				},
				"mouth_open_wide": {
					"position": {
						"0.0": [0, 0, 0],
						"0.1667": {
							"pre": [0, 0, 0],
							"post": [0, 0, -0.1]
						},
						"0.3333": {
							"pre": [0, 0, -0.1],
							"post": [0, 0, 0]
						},
						"0.5417": [0, 0, 0],
						"0.5833": {
							"pre": [0, 0, 0],
							"post": [0, 0, 0]
						},
						"0.9167": {
							"pre": [0, 0, 0],
							"post": [0, 0, 0]
						}
					}
				},
				"mouth_open_thin": {
					"position": {
						"0.0": [0, 0, 0],
						"0.1667": [0, 0, 0],
						"0.3333": {
							"pre": [0, 0, 0],
							"post": [0, 0, -0.1]
						},
						"0.5417": {
							"pre": [0, 0, -0.1],
							"post": [0, 0, 0]
						},
						"0.5833": {
							"pre": [0, 0, 0],
							"post": [0, 0, 0]
						},
						"0.9167": {
							"pre": [0, 0, 0],
							"post": [0, 0, 0]
						}
					}
				},
				"mouth_open_happy": {
					"position": {
						"0.0": [0, 0, 0],
						"0.1667": [0, 0, 0],
						"0.3333": [0, 0, 0],
						"0.5417": {
							"pre": [0, 0, 0],
							"post": [0, 0, -0.1]
						},
						"0.5833": {
							"pre": [0, 0, -0.1],
							"post": [0, 0, -0.1]
						},
						"0.9167": {
							"pre": [0, 0, -0.1],
							"post": [0, 0, 0]
						}
					}
				},
				"ear_left": {
					"rotation": {
						"0.0": [0, 0, 0],
						"0.125": {
							"pre": [0, 3, 0],
							"post": [0, 3, 0],
							"lerp_mode": "catmullrom"
						},
						"0.3333": {
							"post": [0, -7.5, 0],
							"lerp_mode": "catmullrom"
						},
						"0.5": {
							"post": [0, -7.5, 0],
							"lerp_mode": "catmullrom"
						},
						"0.6667": {
							"post": [0, 1, 0],
							"lerp_mode": "catmullrom"
						},
						"0.875": {
							"post": [0, -8.5, 0],
							"lerp_mode": "catmullrom"
						},
						"1.0417": {
							"post": [0, -8.5, 0],
							"lerp_mode": "catmullrom"
						},
						"1.2083": [0, 0, 0]
					}
				},
				"ear2_right": {
					"rotation": {
						"0.0": [0, 0, 0],
						"0.1667": {
							"pre": [0, 2, 0],
							"post": [0, 2, 0],
							"lerp_mode": "catmullrom"
						},
						"0.375": {
							"post": [0, -7.5, 0],
							"lerp_mode": "catmullrom"
						},
						"0.5417": {
							"post": [0, -7.5, 0],
							"lerp_mode": "catmullrom"
						},
						"0.7083": {
							"post": [0, 0, 0],
							"lerp_mode": "catmullrom"
						},
						"0.9167": {
							"post": [0, -8.5, 0],
							"lerp_mode": "catmullrom"
						},
						"1.0833": {
							"post": [0, -8.5, 0],
							"lerp_mode": "catmullrom"
						},
						"1.25": [0, 0, 0]
					}
				},
				"ear_right": {
					"rotation": {
						"0.0": [0, 0, 0],
						"0.125": {
							"pre": [0, -3, 0],
							"post": [0, -3, 0],
							"lerp_mode": "catmullrom"
						},
						"0.3333": {
							"post": [0, 7.5, 0],
							"lerp_mode": "catmullrom"
						},
						"0.5": {
							"post": [0, 7.5, 0],
							"lerp_mode": "catmullrom"
						},
						"0.6667": {
							"post": [0, -1, 0],
							"lerp_mode": "catmullrom"
						},
						"0.875": {
							"post": [0, 8.5, 0],
							"lerp_mode": "catmullrom"
						},
						"1.0417": {
							"post": [0, 8.5, 0],
							"lerp_mode": "catmullrom"
						},
						"1.2083": [0, 0, 0]
					}
				},
				"ear2_left": {
					"rotation": {
						"0.0": [0, 0, 0],
						"0.1667": {
							"pre": [0, -2, 0],
							"post": [0, -2, 0],
							"lerp_mode": "catmullrom"
						},
						"0.375": {
							"post": [0, 7.5, 0],
							"lerp_mode": "catmullrom"
						},
						"0.5417": {
							"post": [0, 7.5, 0],
							"lerp_mode": "catmullrom"
						},
						"0.7083": {
							"post": [0, 0, 0],
							"lerp_mode": "catmullrom"
						},
						"0.9167": {
							"post": [0, 8.5, 0],
							"lerp_mode": "catmullrom"
						},
						"1.0833": {
							"post": [0, 8.5, 0],
							"lerp_mode": "catmullrom"
						},
						"1.25": [0, 0, 0]
					}
				}
			},
			"sound_effects": {
				"0.125": {
					"effect": "pokemon.flareon.cry"
				}
			}
		}
	}
}